-- MySQL dump 10.13  Distrib 5.7.31, for Linux (x86_64)
--
-- Host: localhost    Database: roshHashana
-- ------------------------------------------------------
-- Server version	5.7.31-0ubuntu0.18.04.1

/*!40101 SET @OLD_CHARACTER_SET_CLIENT=@@CHARACTER_SET_CLIENT */;
/*!40101 SET @OLD_CHARACTER_SET_RESULTS=@@CHARACTER_SET_RESULTS */;
/*!40101 SET @OLD_COLLATION_CONNECTION=@@COLLATION_CONNECTION */;
/*!40101 SET NAMES utf8 */;
/*!40103 SET @OLD_TIME_ZONE=@@TIME_ZONE */;
/*!40103 SET TIME_ZONE='+00:00' */;
/*!40014 SET @OLD_UNIQUE_CHECKS=@@UNIQUE_CHECKS, UNIQUE_CHECKS=0 */;
/*!40014 SET @OLD_FOREIGN_KEY_CHECKS=@@FOREIGN_KEY_CHECKS, FOREIGN_KEY_CHECKS=0 */;
/*!40101 SET @OLD_SQL_MODE=@@SQL_MODE, SQL_MODE='NO_AUTO_VALUE_ON_ZERO' */;
/*!40111 SET @OLD_SQL_NOTES=@@SQL_NOTES, SQL_NOTES=0 */;

--
-- Table structure for table `ACL`
--

DROP TABLE IF EXISTS `ACL`;
/*!40101 SET @saved_cs_client     = @@character_set_client */;
/*!40101 SET character_set_client = utf8 */;
CREATE TABLE `ACL` (
  `id` int(11) NOT NULL AUTO_INCREMENT,
  `model` varchar(512) DEFAULT NULL,
  `property` varchar(512) DEFAULT NULL,
  `accessType` varchar(512) DEFAULT NULL,
  `permission` varchar(512) DEFAULT NULL,
  `principalType` varchar(512) DEFAULT NULL,
  `principalId` varchar(512) DEFAULT NULL,
  PRIMARY KEY (`id`)
) ENGINE=InnoDB DEFAULT CHARSET=latin1;
/*!40101 SET character_set_client = @saved_cs_client */;

--
-- Dumping data for table `ACL`
--

LOCK TABLES `ACL` WRITE;
/*!40000 ALTER TABLE `ACL` DISABLE KEYS */;
/*!40000 ALTER TABLE `ACL` ENABLE KEYS */;
UNLOCK TABLES;

--
-- Table structure for table `AccessToken`
--

DROP TABLE IF EXISTS `AccessToken`;
/*!40101 SET @saved_cs_client     = @@character_set_client */;
/*!40101 SET character_set_client = utf8 */;
CREATE TABLE `AccessToken` (
  `id` varchar(255) NOT NULL,
  `ttl` int(11) DEFAULT NULL,
  `created` datetime DEFAULT NULL,
  `userId` int(11) DEFAULT NULL,
  `scopes` text,
  PRIMARY KEY (`id`)
) ENGINE=InnoDB DEFAULT CHARSET=latin1;
/*!40101 SET character_set_client = @saved_cs_client */;

--
-- Dumping data for table `AccessToken`
--

LOCK TABLES `AccessToken` WRITE;
/*!40000 ALTER TABLE `AccessToken` DISABLE KEYS */;
INSERT INTO `AccessToken` VALUES ('03fGnszg8Tlq61tVkEPHAJAH5BB3PwISmc0skxxhK93Yaj82CIVBUqCs0g5nCsmT',5184000,'2020-08-24 13:54:44',130,NULL),('03YNXobqZCAy8Ma51TEWs0koIIL3v4DNtfEg3WWqqi05rUFDTSda5UYBg4INdfL0',5184000,'2020-08-24 17:34:43',157,NULL),('0Raf4ZF0Pky0TOnKzoYXSG6mMQCc7RVFZ9NZonb5oTl1FODnSLTFUxPqUBmcrLrd',5184000,'2020-08-24 16:37:49',144,NULL),('1cuVHYJLMbpsYDnC26m8FOGovdjGI870U0vZbbKhIYgJVbN0fL03csUGMcHqgPlu',5184000,'2020-08-18 21:19:03',54,NULL),('1Ovi9XkgtYVxwtNXA5pxZOOuxEr8RlKeHgL4cYYGkwD1ttiQcgBNftVhsFLhc5hK',5184000,'2020-08-24 11:18:11',121,NULL),('1qN35IszREKlMGWogGlAsAwKaqdZ5sJ2sMpmGnBAhAgVA4GNZaKihF8b1Gc8hHjD',5184000,'2020-08-24 13:43:03',129,NULL),('1rGlU6YCzVLzw8Dkw2hHBJWEZQjDBigxuFVox5zIP0UuBICiMu9g1k8v6gzpAJQc',5184000,'2020-08-24 20:04:22',178,NULL),('1tOgiHzAYk0BjO5SF9pv6TOdXqm6o9qvBCSl1aysxFR61FbnZeTQTrc4UOx2Ks3Z',5184000,'2020-08-23 15:51:40',99,NULL),('2347W3c1Ci1VhIiHQACCNhyOdiBTtcjPDhoyIllkaqvqsFf68TzU3R7ahaeUg8kx',5184000,'2020-08-26 05:18:07',227,NULL),('2CPAwIBjZk8X9xc6N0hJKPqhAwsYZKM0aV8dHncbM1cYiLIxfU7MSVaNkf260mWk',5184000,'2020-08-31 12:01:04',41,NULL),('2DiV0Zo1e4jLqkM4a7Iep5vTZ5CXTsa6AQWoEKr0tMKwc78I8MIZRe0wS2rjGyjr',5184000,'2020-08-18 12:59:08',32,NULL),('2KqliAlCax1UmxuI7TQ3u3WHKQJiQykHpqq45z263vV0Zw3fkTJcmbpdfVH4eML0',5184000,'2020-08-18 05:22:33',25,NULL),('2PpGAHT8agMdVIWAzFKATrgeWfROcNSySi3iNc7zMv3d8lBpsklGM7vVR7NMGJdg',5184000,'2020-08-20 14:52:36',69,NULL),('36aWkz3PFosaR8KgPEuKICZEhe1hBA95X1bt0AnuoNlCAIu6dWRXAa3gMD6CC0u5',5184000,'2020-08-24 17:02:41',148,NULL),('3aBy3lfEvVnTQxrPrGDTLHyEf9AGoObSdFzQEAioKzxK3zQTI6CHLAQ60v0usR0a',5184000,'2020-08-23 12:31:33',89,NULL),('3dOw7uPI9RSDYJJYIrfScTCMeL6cl1Q6CDWU97GaJfg4CWtx4XuYrn2TuaYIrI9q',5184000,'2020-08-24 21:27:44',32,NULL),('3XcfeYjHqMWOY9CrtS579YX6ny8hZENPaaK3a4jbmHiF7TPIwghIEjIAxqGsKamN',5184000,'2020-08-24 04:34:12',112,NULL),('4Inkl8Z3AbySH9oZXebmxKBqsAyfkloN3gGYCGuQSDnCEEjChZ1KL93o82XekWUu',5184000,'2020-08-25 05:37:47',194,NULL),('4nfhhYhq0qG8DozY3vVn1d72Zno5rE6PAI8EQjNlEdiBNogwC4ayvhYqerqEOuBN',5184000,'2020-08-24 16:29:35',131,NULL),('4ziGDuhTgdbcVGG9aZYhsFuKhtbjTYFn0T4MDERy5zCBwpqTDxx3wLbahiTqXrw7',5184000,'2020-08-25 09:14:10',207,NULL),('51XEk7rM32jIywj9XYNnbeQApJX1PCohvHoDbSIL1Y2LMHIIIU7iHz6YboaUAAGE',5184000,'2020-08-23 16:05:30',102,NULL),('5bl2HSNq4ir6oj8rxHfXVk1tBHYcJAQFPr5YXsGfFX4JhYzwowKp0GzsFDRlZn55',5184000,'2020-08-28 11:14:06',248,NULL),('5c1Ht7UwO8pAuTyKYCGP4AQI0G5D47MaHWITLPqf3yiWSbaWOoUP1CgAsV3LRrFI',5184000,'2020-08-21 05:24:05',70,NULL),('5GUGw5XCYD5QswvAoOwP4YuRiEwZ0ys2NVkEEW8pQVqUPf2e8CHi7o20HJZ3xOzg',5184000,'2020-08-24 16:31:10',141,NULL),('5KK5pjvyxupJZHYA8TzN0HWp0PmbzBaZKggB8Fw1ahLOtZLZctjm5KcLgFMDYPNH',5184000,'2020-08-24 14:55:12',132,NULL),('5qLrofYDwgsINuBSgWh7CxVPHkqZV299SFZTel9dhkpvSS69HC4ZzWlK2bguywZX',5184000,'2020-08-24 20:42:34',182,NULL),('5XzlW310VrDXFHJ660HQKshi6QVjChns9UfZ3sm3UVFCAvUluS0EEKGHA8UqXIUU',5184000,'2020-08-25 01:47:35',188,NULL),('5YuuIQkeOFH62qj6iev2Ad0hN6V0wg9ewPHbQnbtOArktiBCCNOcKOSUb1UWP0lF',5184000,'2020-08-18 12:52:09',32,NULL),('6hDz04k6cWFUbqGDr6GpMbKLrbPWBWc5DLOiEuIurtys3oMC3ts9OkRRnV6wpSBM',5184000,'2020-08-25 14:43:11',86,NULL),('7HgXKNOudxFqZx8L8Wu9erdi4g9YkJWpCEUnrCiV5OEGSqIqicnyc3zj1fE1DO7Q',5184000,'2020-08-22 20:27:08',79,NULL),('7O3W8EQEgICC0DZ3ZeG4s5U33UflE79fEl5bqb7lmz0DXaFJXEFe8ePvrIf6CzI8',5184000,'2020-08-26 16:09:41',236,NULL),('81HJDKi9WYukUnj5stY11lWt9MHuMkUYAlSCYeahgaBgq265tBhHHyrld7HzyTmF',5184000,'2020-08-27 16:27:19',242,NULL),('8lQfFqEJtbETBAHreLR7Yb78L7EtHGPOUfqKzdTCDK1zMiRzjpbKZ6BW3Pykx0Jl',5184000,'2020-08-29 21:21:25',251,NULL),('9Fl0uXsWzoWbZc0rGkzS7w66ZsmpBTIHRKHjoHsCYjSEAxEEPBkFLEqwYHp66SPE',5184000,'2020-08-25 21:06:32',222,NULL),('9hGuly08jGABBv4DCaeofn0j0qPJYFGAuIZB9y2BO3QOhmmKmFzSkH1jnCgFEJJf',5184000,'2020-08-24 15:36:01',134,NULL),('9P8MCwriBdVzFpLJF1efqW9aZvQXUM4QFeTr6ddSULp5LfivuHDL1YRxozCM4huE',5184000,'2020-08-26 10:48:43',232,NULL),('A9rHXOnuQdAKIoOBspPVw1ZJcOrtdKWRvFFuh5LvOqT0nc7ntDttK6HjGUvnwuJa',5184000,'2020-08-22 21:29:37',81,NULL),('aBnl2WOaRzWCmXvfdmdpZHZe5eWklOVbDD0cVn5ymciNwje0cbQqjbGJblsEgH7s',5184000,'2020-08-19 04:24:15',57,NULL),('abVlHOLAr3HwFaFa1Ssw0jB8ZteBH7mS04kOz2Xo311tHcJjx3phymcQXDcMJ9rL',5184000,'2020-08-23 16:20:13',105,NULL),('AhpRnTOyvDLtna5Gzqz9gJJVcyYvClI2lnIf3rcKdUnEKYe5viBG2PHQQuPsBgHY',5184000,'2020-08-23 16:14:09',104,NULL),('aK1gOmvPwqFk1Gigv1psDMfmT0UBaE1mukTogxAqRQSmsE7txrBpZXR2azPUVKCX',5184000,'2020-08-30 08:50:26',253,NULL),('ALwZ51xWkFsmcESgQHBZ7LPuxx5ku1GQgjZsXqNV1AxoUip6xJa0EM4x34qHUjc9',5184000,'2020-08-24 15:25:31',133,NULL),('AnFGGrH51Nq6mvjq7hojETgF5rQ2SYceY6bcFSM0viWzmMkvEbFFQF8SzlK7JPNb',5184000,'2020-08-28 10:54:08',245,NULL),('aQYoZfufBJMZkN9N9Naq1kX8QFJJ39m5vct7R9qA8n5mSvaPIWRdIKmZxJUodc20',5184000,'2020-08-23 15:48:03',98,NULL),('arBHH4s7dcp5vgLfcmK2spfCPt870lItU4BGxy2EOvXiwiJHm7MeMoTxqULPWBIX',5184000,'2020-08-25 07:28:49',201,NULL),('auyGoZYUSpa5JOdUnGtkFFHGTZeAOjKzHq9RBglPyrUjFvKnmvhOKzRkvHrsscsx',5184000,'2020-08-24 16:51:59',146,NULL),('BjX6eRI5Hf09A0tMfkkv8sM3KdMH7yqTRGEU9vLbGiNMZbKmgwedQq0lGUPo4hbv',18000,'2020-09-01 12:10:39',267,NULL),('C8ZzCKKiECVvo3mF6s6CevCCc8iXP04zEsPvci1vn8bWVzd2ItnGdWgT8SOgT9G2',5184000,'2020-08-18 12:51:05',32,NULL),('cBhEtgPm1xd9YL6GFaDLb53FD4NEf64cf9xrZ5p2G1ZVSb4swv5AcxGQ8FC4nnye',5184000,'2020-08-24 17:03:33',149,NULL),('CBHkFOxJfMVm7vYxJICEwpsPyACJdNHGcpUnQMaFtHxTj2kWacf0C5eQq8lml9wo',5184000,'2020-08-23 16:01:13',100,NULL),('cbmYBkIFKqGybRNkEP9ZbhNqylGMqFoj5B8p0NeVuaKeRxL5gdpS5jAHf7RYIlge',5184000,'2020-08-25 19:17:29',221,NULL),('CgKdY0P8Cy9oZtGh96tJOEWoPRH4LieXDOJc0F3MuiFbKF2EjW9JSRlJHzbOWHIZ',5184000,'2020-08-30 09:23:36',254,NULL),('cGs2LeStMKAddHjrred2Z0wiWwY4dNRBlsAnc83AiwtJCQ07ZLEFDKH690XaqPA1',5184000,'2020-08-25 04:53:24',192,NULL),('CKt5rQX1aJuJmdqsYmBeEcrhSEAKIgcBQKVDpk5xtIku5MmbIReXt0iv9Tzh1GSs',5184000,'2020-08-27 09:54:23',239,NULL),('cnXao6vTiaR685c3aABgEaScMdQyMUmHH7JclRZcm8OK4tADnDsN8WFHMSc5sCCT',5184000,'2020-08-28 08:06:07',244,NULL),('cOSPjubvhfZJxxt2NpbI2OvVMGUUbbzxmzhfzsuI2j8gHsTia7kzpccPRP9ObhV5',5184000,'2020-08-24 13:34:45',126,NULL),('CSuKX0mh9DBVJjb0ZIK2jB1NT1DHVom1rqFl02k4KoakNEH4MXjaG3MKL1Fv0ZHI',5184000,'2020-08-18 12:52:46',32,NULL),('Cu0jVo3BL8Lk7U7ZCCH3VLLtCtiDve8TRsDzM0mEtLSbiENRFzirYkzNAaKgg8sd',5184000,'2020-08-24 11:02:13',120,NULL),('cudFIxOg7qn6xKSAcevOzyqhHAWRn4NMmlQUMm3aARqODN2DXqwmHCBPiqCe7U7G',5184000,'2020-08-18 09:37:14',31,NULL),('cZhAyZErDUiNChmPF2FgmwzsvtPWGonOtcyRsrj28YO93PPkDVEGDlLMU7VaxCEb',5184000,'2020-08-18 05:12:29',24,NULL),('d3YyWA8ZKoH4Oryk5BbsAO3qEbYmllS7s89VC65otMh0d2Wt8p2M7vvxyJGOOi2X',5184000,'2020-08-18 20:39:48',50,NULL),('D59ShMkDqaEbpB1UvgJNZfy7aekU6KDfYKEfWKd806BbiPDStlmdzZQSYorAqJFy',5184000,'2020-08-18 20:47:46',52,NULL),('DbVU3yhCTzEqoWo6XcAvDHiF94VAMCDkUBxwhbel5aD7zmG28UV6zPN1N7yRiUuT',5184000,'2020-08-25 13:21:55',215,NULL),('DgofXlMHwSwHAPi2K2j9BCHpdZ9wx8uAJb0fSbNo5pwcxuaiIQHamdfxNg0EXtAE',5184000,'2020-08-28 11:21:28',127,NULL),('dgTuGzStzgsNzgvkkjquAMWJFpxjHw4tXhwIWXf8BHkLPEn64C9IUT6vBamUx8vv',5184000,'2020-08-25 18:03:12',219,NULL),('DHnONtgCmXzYrBcGzWni5FINtQ4tdTW4DEML5ja8nq8JT4AkjaLWis1KFC1NikAU',5184000,'2020-08-24 21:05:02',185,NULL),('dHxFSITkN9bJxWGHru3XS9Qv5vc3BcFoBYz5yOwL11fVCV2ECN15QqzDheBAsFBo',5184000,'2020-08-24 17:20:03',152,NULL),('djZzg8YTFRhm1lO6HRFARfHUdgKddgPzDWlUZqpZO6A34lAIJ24lZofTxNiGVlNl',5184000,'2020-08-24 21:34:02',187,NULL),('dMawwFMMk6I16xZyMvH48TcOnmT7wAlH5oR4eexEaC6KXN6f6YVY4HmQek7PxPAR',5184000,'2020-08-28 11:32:25',154,NULL),('DR5eCYOzkYBEgwYunDPOizXbWhvHF4ZYDrGxynth6aVmKV0Ux5gMSv3UWdeP0jP6',5184000,'2020-08-18 19:31:52',45,NULL),('DTrxaX7CueOlTnuXbfPoF4gLIWUFSdWZPIaVPlvHLpgPscToP1r18DMDLhnKvYto',5184000,'2020-08-27 19:12:20',243,NULL),('DwYHhrFpzqma2NnXwXZmFDAplTUG9DVUuWcbr5KQoYkfHDHvc6pGgPBeOJaGorvD',5184000,'2020-08-24 16:54:14',147,NULL),('ecWfPPkkBYP9DLhQwlqmwm2VaEnHlTyqhD6lKAuqzSz0WDhiUY5ESUFYLM3ayawq',5184000,'2020-08-24 15:59:47',73,NULL),('euBSlCbnisv5aftEzj8xQyADAXkKK20i8xc8ODQCgc4nFQuLjHVgRST8UniecF65',5184000,'2020-08-25 12:00:40',212,NULL),('fbeewylipzbuEntnIBt0RyKG9NlnF9AMfjMBKJnXmFe57hxEXiK1b3PH9zC4EEVy',5184000,'2020-08-18 19:18:30',41,NULL),('FFy9ADwUBKuNyjAlmZrshWqEJ1mw8fO8OuoW2jtUVDYieMC2EYTMjGCrqVzzWmrS',5184000,'2020-08-24 21:32:43',32,NULL),('Fh87AXXArlU4ixgBQJtNDTrohF2HLT2HL6LP3Ip8szani4SlyINU6kbZfK2l5vFQ',5184000,'2020-08-24 20:17:41',180,NULL),('FoJ44YxiKZIlHNsymdW7jUkbOK1tjbNsOc0fP6DNoqEsAW1VijcQyDkK8WSHWDAw',5184000,'2020-08-23 13:27:19',83,NULL),('FWEOrhuxDYhodpg26PZikAlIkhvXMIBZp3ja17wI0JmHvIWGmXO2t1YWpqXfe2tJ',5184000,'2020-08-23 15:46:58',97,NULL),('GDUslrB4YogHw8mMoDAduRycjIpy3NjzCwF1UQzNuDIQciLPE6cb6fZf5lHMbVL9',5184000,'2020-08-24 20:05:13',178,NULL),('GSFanlj56ACNWDQTSY3FzzDQrFehYZpBUlI1C7CFCRTWnvG2VEZsJxtceFEmGNCZ',5184000,'2020-08-23 15:19:43',89,NULL),('H2LkndkmGbKlgVsLyhSWIkd27xHjkikkIOGZ3SLnztVGTtQVpXTT0xzorKTZ8Hir',5184000,'2020-08-24 18:46:31',167,NULL),('hae5jiDxtsTrUvztMZH4vBiZFiynnOFHVDJrgCrZjeXECPFcnmRucCs2NZ0XJACC',5184000,'2020-08-31 13:56:43',260,NULL),('HbPvP17ypqqh48knvHmJkWZxAzjLLdOjgLfjixBFOetqw8HwBg4gOXF2xW7LqBZ7',5184000,'2020-08-24 19:42:58',174,NULL),('hfIDVNZtlIMc3rd7ygrLjlGVXRga5xbWZInXZicjVPtZFEKG1JPPC6PPQU7Oycjm',5184000,'2020-08-26 08:10:22',229,NULL),('idF9NBvwETTkCK0CMheQaXHChwbilNuFyxeJ8bioo7HGcYKO6ckAlJzQA7K3SUvs',5184000,'2020-08-25 03:32:40',190,NULL),('iSa6mlFm0NRs9kFkhMA5SwadHDgnoMVPG1fNJ1EEYZd1fkV2JkVHbalAF1ejZ9vh',5184000,'2020-08-24 16:16:06',140,NULL),('J3OPXzLFvvgB57IaxXhDq04qxJ0sZNDCl2Cw0E9AxMLZMhNAeCvMMHQUZstyXbat',5184000,'2020-08-24 13:35:59',127,NULL),('J4A0mU4lluvFln54IyT2X4hyvFP2Esy0Z2KQRPHeYTNqGrrVllEz5E2ficGCbB4W',5184000,'2020-08-18 19:29:49',44,NULL),('jC3ZtKjZH7ZVVLO4T4rml1gj6P80o50K8NJ2ThpYodkB6m8YNm1GXAjb3xFEjjZg',5184000,'2020-08-28 13:11:23',209,NULL),('jEXFcOdTmSqUAXrVzb2vqIfSReKUKSqe3aIMghyE5kLJvuHEk4Z7UdfG8sXVSUs7',5184000,'2020-08-28 11:46:45',199,NULL),('jHYrMzjms800tycf2N14Nb8xHW9gF671DuUSklFN93cm1MZj7QHDdkZmnF7He7D4',5184000,'2020-08-24 11:19:13',121,NULL),('JjRb32Rl1L2clJ2XAqKYvYcWkByV1zKgpJ7t9fbPbNi7Hsy8Ej2jezWUpkkhiJpL',5184000,'2020-08-25 10:51:56',211,NULL),('JLerc2dR56QvfzW5cpCo7hvIMHBCPrENyj5YhpEEzVBFVSU6li9TuyclsFEba7tv',5184000,'2020-08-28 11:16:58',46,NULL),('jNM8uk6JoQKpI1UkGuGxR8UEWHOmF0mzx6CxQyxGd5omDINKUiP0OUBapeJEWsIB',5184000,'2020-08-26 11:35:14',234,NULL),('JzqS2Elmdx03ITCgdxC2wGbiFnWeoS3GihQzLDMd6gVC8W1obqPZuBnqECKFIMfW',5184000,'2020-08-24 16:30:17',141,NULL),('ke383dTB0KV6JMgsKw3DxVO5QlfrErI3YATxgFm4k1uVG1AtoUzNZAePDeWMmNKx',5184000,'2020-08-25 07:50:41',202,NULL),('KncsVFILFPBazTGGS0xHxFeGjslfqpGDy0769d6i37Jc3I6wE2ViGRtlenQhkJL7',5184000,'2020-08-25 08:40:14',203,NULL),('kp81urjVmG99uQLwpKfei5QHay9Nn9uAlWZh8mCXvqF8jzHmOyQE4Y7wPuN6D5HY',5184000,'2020-08-28 11:26:19',169,NULL),('KrLi5E9eiL7Rytiw9VytG9wagSi0FEt9djnSM1l4cG00ZSS4BzjfrXI4xCPKuI6a',5184000,'2020-08-18 19:46:01',45,NULL),('kWCUHtXWRqykYUcsX1lb9xGdEtF8FUSB2ZamR42MvrLaB0MDqYI6cQXRKbh4hJyx',5184000,'2020-08-24 21:25:45',32,NULL),('La6DOV2C5zIPL4WTcxZ0Kb9IxJMVMwvQdpt59ArLVADDXcl2sUW1XBtH69itbfHj',5184000,'2020-08-23 16:12:51',103,NULL),('LVeEFImZXkoSB0dAXzf8B5fl4Z8b8aY8RiMU7hkk9OXyXXHh08BZYSGt3SJPwmH8',5184000,'2020-08-24 13:34:10',125,NULL),('MAV2unNZrJcIn0pTpCZ5cpgusa7YZhJQtgmM6GWrfwZefQt3bcHhst3JgMpKiDHg',5184000,'2020-08-25 01:50:01',189,NULL),('MrDcc8nyE41ZW7LAYScuXrxgHtTHKZmwxCPunZuPsGopN27knTfZRxQQY9fBeSXZ',5184000,'2020-08-28 11:14:10',231,NULL),('mtwmJ8576LWKui6BgucbIDtHHW4G7EdAJGVUdwqlp5hX1qr81PtRSZAqTVHFFeq7',5184000,'2020-08-24 20:07:53',179,NULL),('n3aw2iTAdIX9e1SeQxzHrCGdnXjaZSGldtGIjO1fQpI0pU7P1ZsjiijH0nEGI83w',5184000,'2020-08-26 05:14:53',225,NULL),('naIa4tDUW2GAN2FT065SZZmDcOaO8qIcH3mRQQ4yom8Wg48wSB2pjD4rVAxb3twz',5184000,'2020-08-28 11:26:09',25,NULL),('NK70A4ItyFJFGuZ2lvmqxFO63zos2pFMfb5NzEdJJGZ8Ccd2NDCMFs3U1XYhaHcT',5184000,'2020-08-24 20:52:55',184,NULL),('nOZDM63Avx3GHK3de6sTzCK6ZHroHpWFa17Fu2M1f6lLANRquzysTN1GnCDN2QCG',5184000,'2020-08-24 19:56:23',177,NULL),('nP4iOZvzX4lZovzzzTVHo0FkWH9ZvQlzweH1OteQoQRtmtBjPybCuynUEdYTwXHE',5184000,'2020-08-31 15:15:10',261,NULL),('NqXoGODTKuu0xsC6pxbCS6pWBxkdLnH4TIEkchnsHKSFyZV53Hx2wVhdDuaGHNT5',5184000,'2020-08-24 16:55:35',139,NULL),('NttS63isU0yq2xW0YpTHLQQyQ3cHqfYDvgCLp4n63mLFYh2x8rNn2OL0vjQRkwc1',5184000,'2020-08-18 20:35:17',48,NULL),('nu4VdB9BSqaK8WhUKqP7i4faFI5cpL06XtiF6JfevmplZ98IYBK2HK25pO0EQoOz',5184000,'2020-08-24 20:50:23',183,NULL),('NV6dk8bVSi9rSoJIYyzq5Ccfa7D4NDL3gSzD1ve8E4qDBFtA7wTDZypAtkHJtwO7',5184000,'2020-08-24 17:43:18',159,NULL),('nYVTHYAyYZIDjIJFv8saSERyrzZDhlfF99G27VB9KQRjyKK15THBKFc9JLVqCzUb',5184000,'2020-08-18 05:20:59',25,NULL),('O3v1786euUeZcl89RhSlP6RYTVLv03gLaOARVapll9HlLVJP9sBOuja5y7PAGa7A',5184000,'2020-08-23 16:04:56',101,NULL),('O6U6v7DJE4mrRijW7tv7Lt517E8SuuY62r3r0bwFMLPlxmUZIHJllDV2CFqd35GV',5184000,'2020-08-24 09:54:25',117,NULL),('oBV9su5gopG6V6p6TC59IC7RCww3FVm9DOPyfeBPcF3eHduvO0aIp50xpsTG87J0',5184000,'2020-08-24 20:06:58',178,NULL),('OwZ1MvTRsePeoEIjzi5c3HZNPIQAlMDl7vCoMcuZDGcFQZ7hl9K0oBKtsRYemopp',5184000,'2020-08-24 17:27:22',155,NULL),('p9EDy9m7LouLQ0LcICA5KeEuAX7gMX84Exls2p1ZAlXOjyAiEiAZuauizCGQyEwk',5184000,'2020-08-18 20:49:02',53,NULL),('pAOC5TcHFLr6G03XmwdLznmp4bBCWu0FmkSCFhohz2BhUAceveVB4AzVrRgjmy4y',5184000,'2020-08-18 05:24:29',25,NULL),('pBkOnBfHk6IKjW6v66G7jjz5JuFyrxEifjK4YSOkcWLWYrqcS09t07hMEf0mRcd5',5184000,'2020-08-24 21:36:30',187,NULL),('pe6ky6BQKmjXoYgFAZs2tsokG5jp9rYiBj2J1AxbPstc30yjFPzjQXYuIAssHrCO',5184000,'2020-08-26 11:14:45',233,NULL),('PkfGR6Akpocbw4Thn9Hz9MNAr55X3hi0k6GBqZMdAOK0eC46woMEDtyoyoCWyTaX',5184000,'2020-08-23 20:16:57',106,NULL),('PoCGB4ouIG9kswC1vvIV8RooPqT5GOOCJNiwvF3MOf4FXIfMGl9FBAGbNpMLJp6H',5184000,'2020-08-18 19:25:21',43,NULL),('PQxaBchoaudROHOZ2Wuit1BsWmRhx1fTHaGImyAwuKR4kl1lu2KIvH7Su2tcvDbC',5184000,'2020-08-23 14:38:44',93,NULL),('pXKw2CQNObRAg0OJgbFTqmjnf6pDRapQrLGe9SMsIyBFNCVJYcb6P9lp9mpMZCCs',5184000,'2020-08-23 08:49:50',86,NULL),('qda24llM3BE1FskrcudHUFedfycaENSgLQX5pCQBGIaEwU5zVZVmzKuY3PTJOKMH',5184000,'2020-08-24 16:04:59',136,NULL),('qfCjZid3brtjHYJ9MzSkGTNPK4aqJyusvX0VnjE6up4O1SzpFbFP0ECLLUHW036L',5184000,'2020-08-19 04:02:23',56,NULL),('QfdL1koPBa36q4ByigY27DMJGTy13xpFQbQA9Dgcz0dbdrP2eR8MzgKC51opiOLO',5184000,'2020-08-24 17:17:01',151,NULL),('qJmbEDBjwnsMtjA3XSBc7W7F5t8LmrLAznke4FsHeefkYLMVpt3xsuTeFSJpklBs',5184000,'2020-08-18 06:18:12',27,NULL),('qlp3HMkcs0rXvV6CwNWXPPD7XSJJKuAUfntfbG7HHhuD5PE0qHgAeDGHLhn62o5C',5184000,'2020-08-24 21:06:05',185,NULL),('QMghdB1JyDRCq5X82GRBGBgolPDjdlo5Tk5eE301v1vTiucmqUKubBjz6Bx2gbuu',5184000,'2020-08-18 19:30:40',45,NULL),('QT37qMJcHbNVP5WsrQEUEP8PnxPAa7N1TbBWKxcDiXgAWOU6nNl6UIFnCrbrBHQl',5184000,'2020-08-28 11:13:45',247,NULL),('qTbVFY1XRBIbfmClI9wUqozxUq06SRwgAVSfzsPTr6XDVj3sEDbps5Z3oI8kQhfp',5184000,'2020-08-18 19:12:37',41,NULL),('QZy5uSAohScENBIWUyOJgaigFtr4mAiI5UvbvmIpf1OAcmtqw5dGJPp2dIlM9aqt',5184000,'2020-08-25 21:14:27',221,NULL),('R0HmW1eDo3b51ls5X03zoTEgUJs4PnLHJvv2w3gxE8zSsN7HCpLGr557ftaYWIXj',5184000,'2020-08-25 06:22:35',198,NULL),('r4nbKjk5McZLp7QL3VxUKG4FbvQ3HrG8NJVFycVew9voR09RJASADASHGJFhVJ6b',5184000,'2020-08-24 17:13:33',150,NULL),('rE7qAlof9IMOEzRHKgZHFoOj8bGJAMClTx2vgaTOep6iLrFfYWySkzndKIi06zfS',5184000,'2020-08-21 05:48:02',71,NULL),('rG3oGILrI68RRumUD63gkBbLKA1YFdYDGBGPTP97KHk1fa3fRx6dBH7PE58YCqXf',5184000,'2020-08-25 07:28:12',200,NULL),('RjxlxCfm6Z8YJJbqspNdN2z1bTGHDEhBNdlqwbta5akVK4nHlNfaujaNvn6fh04L',5184000,'2020-08-23 17:51:13',72,NULL),('rRIEdwt0cDQgUlLZXZ3CoN2Sxt7ifCBqX8qfUyTGWKhyUmqYJq9feCUKkWYn4nKQ',5184000,'2020-08-18 18:57:52',37,NULL),('sEWg16Sqhi9z92B3HhMz5MuVpDV9EX5DF8Zfu2xZSBvBkUcpyyjBqnbuByTebobM',5184000,'2020-08-25 05:15:42',193,NULL),('sfwllKaGg9KHmSBZR9LCC3IRnN1BeZzkyjLIBnGxYQ6M8pTHwMQKdo7Ka59TSiHu',5184000,'2020-08-25 15:30:58',216,NULL),('SKfIU25MBl2yo1qmPCwC20993jCuiHBmWihheFNj8JVjmimpsCOvUFqJtJP1TBGb',5184000,'2020-08-22 19:19:20',75,NULL),('snBY5Bc0u6N21ptHjuHUV8xEXwxo62hB2JvNP6i50i0uC9JH0wvghgM6bJ8nOofj',5184000,'2020-08-24 18:29:41',165,NULL),('stPkCIoVyiA2wTrHFt0CBEKA1TiU71hRNlf3tKUC8tD7P0y3O9p91ndnLqsqqBTb',5184000,'2020-08-24 04:38:51',112,NULL),('THQqiKAhcZJflXbAFyPknd3aDdiSzoBzTPapvX7Sw4iIkmZZQsTwOGJlBcpnp2dO',5184000,'2020-08-24 13:42:00',128,NULL),('TlvpLlUUy2P53qOf3gkgQgmqw21Y35tZvIKZcPv4fDD8ADifRk7buJtIA3BqdHC5',5184000,'2020-08-23 15:32:22',95,NULL),('TMiC8rUADHmE6AFHfT6OGaNVAFvTA1pkgkXLqGVSlgQ0HHqj60vyZDJZ40Dka8SQ',5184000,'2020-08-18 19:53:52',46,NULL),('tNJDoCsDhmW8Oy8xXkQ0iKemDNfqfoUduoa0Gb2Q78afrxgLXQY50SFBvZoEpyJ6',5184000,'2020-08-26 05:21:38',228,NULL),('TNjxphfS198oSNHMi4YsCmRMxML0yAbbZ0EcLyQANDt5s9UZaSwc7BipIoqDzREe',5184000,'2020-08-22 20:16:28',78,NULL),('TNz6eOxA5nvFCwTwXEYvwb0mGl3Ke1UF9LzlH7acsbLDjS8vHBcbqrZxLXXSGuli',5184000,'2020-08-19 04:52:37',58,NULL),('TrWb9jRyMVvtp7bFydBDSvH66nh3DQ26taJKRmgjJqJAPWIlqvT7pEbZYRrT1Zc1',5184000,'2020-08-18 12:49:54',32,NULL),('u7kCD1fmPFBsrPlFu2eOrztGQzkubK4BOmsCIVNti7utI2AqnjYEvaV0mmkCoVSF',5184000,'2020-08-31 15:17:17',261,NULL),('u8pezyu1tUQvAwEptJjmUD6ozBk7yGD64AkgmWws8hWZKHIGWierdORX0pA27aAd',5184000,'2020-08-18 05:52:06',26,NULL),('UcupOstbNpw8EUQLYKXbCuJuZFmnqPVej9JDPw2Xxt4rvIGmrao9xOCpIW6nNfEF',5184000,'2020-08-18 19:03:05',38,NULL),('Uhy2XxVG8wBRzNy670u69joxr4BtdrHpaiarQlYf2j9ZVTbtgJZvwnFtIyeFFDRM',5184000,'2020-08-24 16:29:18',141,NULL),('umdRhnvIL8NNbkR3I39zdOjAB9H4RqcOLP4hvg2GtK3ZWHwhgMTfaFaudUxVUEL2',5184000,'2020-08-24 21:34:47',187,NULL),('uUTWG0JObVgHz4DzGalSQNIqnd9Ubz2WQaAdboqWkIynFnlqbUW1c2NlfXzq4KK7',5184000,'2020-08-24 20:17:12',180,NULL),('V69fEmuMJwr1CTBr6x3uJ3bEvULNPPoHuC6tCtP2WBd93uPYanZwHeV9P2biZ5ar',5184000,'2020-08-18 15:01:54',34,NULL),('VcmUKWCr4iMt0W7XD4jJghuonC4cMplOmVsH2xZFaMKofGxDIBAvykXTxWfS2qyr',5184000,'2020-08-30 11:06:38',255,NULL),('VFlnVBW08NZZr0EOy3nMJK6evoxWTr50USMtkvEiDdEglR3B5kniTbGXtyeRaGfh',5184000,'2020-08-24 20:09:01',178,NULL),('vMceq3cmsxzxnGH5zvkWCYYVPAPlMa1DuTzMRJmtbBWzWiZ65rujHiBjek1DmA11',5184000,'2020-08-28 12:08:51',61,NULL),('vnADSJb0jH8rqH2VUvtgj4n418iKvNtEGjmAdm9LySRE0woh69EpylJecbXKtl3V',5184000,'2020-08-25 09:50:14',209,NULL),('vPukyFzPpcnwi2pooIjmp1VlOTAIyLVRsJB9el9E8WvvKLUZ6VeAxhhdfmdb7T3m',5184000,'2020-08-28 11:59:56',42,NULL),('vWfbTWEcnLjWe9Ls3XzNHzVODLUQYzuUaYeRZFY9uS7EfWI7XTJTW24bZu3PIejj',5184000,'2020-08-28 11:32:36',181,NULL),('WiWEC8x6klOjRQj53GarSPio9FSk7BNQSG0IJKkfuByNtpyLIkzYXuzaIaoEsB9D',5184000,'2020-08-25 04:45:50',191,NULL),('WpzGx2rkarqjRE2nX3FgsU7nFxATSWfYt0wglAPZr1cBphBr7aG1jFe3ac52zklU',5184000,'2020-08-29 19:21:05',218,NULL),('wRbN1CG7tDtARLmnyb52wGOSfMGjnniGyrY9BaN2RtmxBoc2VQVAkXxowDw5SUk1',5184000,'2020-08-23 22:12:35',111,NULL),('wTYNCr9hEpIuDjb2Y7CcnqmVSlEsZldFsXicGtoGDjiEsqLEwagmmxHlUfGaRdys',5184000,'2020-08-18 05:21:50',25,NULL),('wxu2yaJ4zV0ubHkFSqTfwZxmhhT1pRv6GZYaAN5HoDL7Yz7xNGCsDYn6wucf3H4s',5184000,'2020-08-24 21:07:13',185,NULL),('wyGJHQAfTwdtzGeIKS1X9Gpz0XPNH0e5ITwxFxLEULqjKGVEPfcFdfIENHDjYVxj',5184000,'2020-08-29 21:48:44',76,NULL),('X96gVMQW5iMQAp3pHwAeLizSKr7GaqzVCesaxMBSscpiujq0d83wkmNJVlLroIql',5184000,'2020-08-22 19:51:24',77,NULL),('xB2L0Su21Qr2VtXQBcDMVl7jwHQxoPmr5T2DGUJXVefdD2gkN6HOlcHRtoZ5fc6V',5184000,'2020-08-25 17:15:43',217,NULL),('XKfhzo7Ow7HdVQ2jFU7eiFXPaTNLEqXhhZgtxVVH4dEdChFhge4sRcalBeRDteOq',5184000,'2020-08-23 19:09:11',108,NULL),('xnPyqiItO5dFcnQp1kTTgGGwf5eImENuZwfMggLltOPt5HPVRjQ0DZp4khq02222',5184000,'2020-08-24 09:08:48',47,NULL),('XOMmzn4i0lHisBEcjK6H0PlvMIyJqBBaInrlE3UwRRj1RVl3pHQoFJSY4k3CxOCp',5184000,'2020-08-29 22:31:32',251,NULL),('xsJVv5OAcC15AIUr8IB16REaWZA9pHMCwTu1k8CZQ7nXooLpAiecUKNIzfE16xdg',5184000,'2020-08-24 19:54:22',176,NULL),('xSyXMTPGp0YIkR915j5fYKMYtKQqUpVAECUxAOoBJOa20FzpZbIKRMIY2C9lQlYB',5184000,'2020-08-24 16:43:57',145,NULL),('XXIfrUaxMaF9OkwiUNles98bIkNnBrPAinhZqG6VPo9yGC3JZTcxVTCBGYoGliWR',5184000,'2020-08-25 04:24:08',156,NULL),('XY5DcWxJq83lpRozeO8OduV61B2viECRp2NKLJShXAfiHCJGyENZH67LN7EPKdYj',5184000,'2020-08-19 03:53:41',55,NULL),('YKgkwnaRa043hofUKdUlBZPY0lasd0CIJp0bGiDthxs06CdcWlD6j0mGuuM3OZWd',5184000,'2020-08-26 08:43:17',230,NULL),('YmpLIaR45HbZqQMrca5Bs0Nx27Zq8gQrPVLbnZqN0bi15bbCCzeGEtnKpk4TKqw4',5184000,'2020-08-25 05:40:19',195,NULL),('z5bdLO5GrM3IJ6qXOFii5czrvD4ynbLYJGjlUhEEX2ZqNaFtUReMMLuhWZwIw0GG',5184000,'2020-08-23 15:44:51',89,NULL);
/*!40000 ALTER TABLE `AccessToken` ENABLE KEYS */;
UNLOCK TABLES;

--
-- Table structure for table `CustomUser`
--

DROP TABLE IF EXISTS `CustomUser`;
/*!40101 SET @saved_cs_client     = @@character_set_client */;
/*!40101 SET character_set_client = utf8 */;
CREATE TABLE `CustomUser` (
  `id` int(10) unsigned NOT NULL AUTO_INCREMENT,
  `realm` varchar(512) DEFAULT NULL,
  `username` varchar(512) DEFAULT NULL,
  `name` varchar(255) CHARACTER SET utf8 COLLATE utf8_unicode_ci NOT NULL,
  `keyId` int(11) DEFAULT NULL,
  `comments` varchar(255) CHARACTER SET utf8 COLLATE utf8_unicode_ci DEFAULT NULL,
  `password` varchar(512) DEFAULT NULL,
  `credentials` text,
  `email` varchar(512) DEFAULT NULL,
  `emailVerified` tinyint(1) DEFAULT NULL,
  `verificationToken` varchar(512) DEFAULT NULL,
  `mainImageId` int(11) DEFAULT NULL,
  `address` varchar(400) DEFAULT NULL,
  `city` varchar(255) DEFAULT NULL,
  `lng` varchar(255) DEFAULT NULL,
  `lat` varchar(255) DEFAULT NULL,
  PRIMARY KEY (`id`),
  FULLTEXT KEY `user_name_ftsix` (`name`),
  FULLTEXT KEY `user_address_ftsix` (`address`)
) ENGINE=InnoDB AUTO_INCREMENT=268 DEFAULT CHARSET=utf8;
/*!40101 SET character_set_client = @saved_cs_client */;

--
-- Dumping data for table `CustomUser`
--

LOCK TABLES `CustomUser` WRITE;
/*!40000 ALTER TABLE `CustomUser` DISABLE KEYS */;
INSERT INTO `CustomUser` VALUES (24,NULL,'0543020221','רביד גבאי',83,'הדירה עורפית הכי נוח ובטוח אם הצקיעה תהיה בגינה הציבורית שמאחורי הבניין הכניסה אליה מרחוב הכרמל צרו קשר להסבר',NULL,NULL,NULL,NULL,NULL,NULL,'העבודה 5, כפר סבא, ישראל','כפר סבא','34.9079291','32.17891869999999'),(25,NULL,'0525399111','אלעזר מבשר',419,NULL,NULL,NULL,NULL,NULL,NULL,NULL,'העצמאות 61, פתח תקווה, ישראל','פתח תקווה','34.8716315','32.0745289'),(26,NULL,'0509101400','אוראל ברזילאי',89,'',NULL,NULL,NULL,NULL,NULL,NULL,'החי\"ל 72, ירושלים','ירושלים','35.2404977','31.8036479'),(27,NULL,'0544963560','מאיר קורן',90,NULL,NULL,NULL,NULL,NULL,NULL,NULL,'דוד המלך 33, קרית ארבע','קרית ארבע','35.117838','31.527515'),(29,NULL,'0523325552','David',93,NULL,NULL,NULL,NULL,NULL,NULL,NULL,NULL,NULL,NULL,NULL),(30,NULL,'0512232255','עיאי',95,NULL,NULL,NULL,NULL,NULL,NULL,NULL,NULL,NULL,NULL,NULL),(31,NULL,'0502290257','מעוז צברי ',96,'רחוב העצמאות ',NULL,NULL,NULL,NULL,NULL,NULL,'ראש העין, ישראל','ראש העין','34.952177','32.095838'),(32,NULL,'0506225458','יניר שטרן',327,NULL,NULL,NULL,NULL,NULL,NULL,NULL,'זכריה הנביא, מודיעין מכבים רעות, ישראל','מודיעין מכבים רעות','35.0131311','31.9105084'),(33,NULL,'0542190400','Yaniv Pezarker',106,NULL,NULL,NULL,NULL,NULL,NULL,NULL,NULL,NULL,NULL,NULL),(34,NULL,'0546458117','  משה לוין',107,'בנין פנימי בין 9-15 רחוב יהודה הנשיא',NULL,NULL,NULL,NULL,NULL,NULL,'רבי יהודה הנשיא 11, פתח תקווה, ישראל','פתח תקווה','34.9058316','32.0728139'),(35,NULL,'0522308662','דוד פרנקפורטר',108,NULL,NULL,NULL,NULL,NULL,NULL,NULL,NULL,NULL,NULL,NULL),(36,NULL,'0545664449','אברהם',109,NULL,NULL,NULL,NULL,NULL,NULL,NULL,NULL,NULL,NULL,NULL),(37,NULL,'0506730243','חיים קדם',110,'רחוב אלזה הוא רחוב קטן היוצא מרחוב דודיזון 14',NULL,NULL,NULL,NULL,NULL,NULL,'אלזה 1, ירושלים, ישראל','ירושלים','35.2032604','31.7688107'),(38,NULL,'0528119421','יניב כהן',111,NULL,NULL,NULL,NULL,NULL,NULL,NULL,NULL,NULL,NULL,NULL),(39,NULL,'0584680366','ישי אונגר',112,NULL,NULL,NULL,NULL,NULL,NULL,NULL,NULL,NULL,NULL,NULL),(40,NULL,'0508549931','אהרן כהן',113,NULL,NULL,NULL,NULL,NULL,NULL,NULL,NULL,NULL,NULL,NULL),(41,NULL,'0508763773','אברהם ראב\"ד',450,NULL,NULL,NULL,NULL,NULL,NULL,NULL,'טל מנשה, חיננית','חיננית','35.160699','32.483124'),(42,NULL,'0545960773','יהודה מנסבך',425,NULL,NULL,NULL,NULL,NULL,NULL,NULL,'השיטה 12, בית שמש, ישראל','בית שמש','34.9790073','31.7444742'),(43,NULL,'0526146880','יוסף נחמיאס',117,NULL,NULL,NULL,NULL,NULL,NULL,NULL,'הרב מכלוף יאנה, נתניה, ישראל','נתניה','34.8760492','32.308364'),(44,NULL,'0505109719','מאיר ושרה אדלמן',118,NULL,NULL,NULL,NULL,NULL,NULL,NULL,NULL,NULL,NULL,NULL),(45,NULL,'0527814422','נועם כהן',122,NULL,NULL,NULL,NULL,NULL,NULL,NULL,NULL,NULL,NULL,NULL),(46,NULL,'0505711507','מיכאל גרוס',417,NULL,NULL,NULL,NULL,NULL,NULL,NULL,NULL,NULL,NULL,NULL),(47,NULL,'0503133452','גלעד כהן',220,NULL,NULL,NULL,NULL,NULL,NULL,NULL,'הצור, שוהם, ישראל','שוהם','34.9466259','31.9918348'),(48,NULL,'0504566199','עמיאל אבידן',125,NULL,NULL,NULL,NULL,NULL,NULL,NULL,'הברון הירש, ירושלים, ישראל','ירושלים','35.194101','31.78398'),(49,NULL,'0583222329','רפאל',127,NULL,NULL,NULL,NULL,NULL,NULL,NULL,NULL,NULL,NULL,NULL),(50,NULL,'0545509153','רן אלבז',128,NULL,NULL,NULL,NULL,NULL,NULL,NULL,NULL,NULL,NULL,NULL),(51,NULL,'0547650045','קותי ריפקין ',129,NULL,NULL,NULL,NULL,NULL,NULL,NULL,NULL,NULL,NULL,NULL),(52,NULL,'0544471660','עדינה אפל  ',130,'',NULL,NULL,NULL,NULL,NULL,NULL,'הגליל 23, רעננה, ישראל','רעננה','34.8784107','32.1817114'),(53,NULL,'0528702769','אלעד כהן',131,NULL,NULL,NULL,NULL,NULL,NULL,NULL,'שדרות מנחם בגין 22, אור יהודה, ישראל','אור יהודה','34.8548416','32.0276371'),(54,NULL,'0509348052','נתנאל לאלזר',132,'',NULL,NULL,NULL,NULL,NULL,NULL,'עין חנוך 5, גני תקווה, 5590000, ישראל','5590000','34.868064','32.061137'),(55,NULL,'0544467711','אסף בלבין ',133,NULL,NULL,NULL,NULL,NULL,NULL,NULL,'רחל המשוררת 26, ירושלים, ישראל','ירושלים','35.1887848','31.7827746'),(56,NULL,'0505218360','יאיר ליאור',134,NULL,NULL,NULL,NULL,NULL,NULL,NULL,NULL,NULL,NULL,NULL),(57,NULL,'0549933594','מיכאל פריד',135,NULL,NULL,NULL,NULL,NULL,NULL,NULL,'מבצע יפתח, אופקים, ישראל','אופקים','34.60839799999999','31.3124074'),(58,NULL,'0529217113','משולם פנחס',136,NULL,NULL,NULL,NULL,NULL,NULL,NULL,NULL,NULL,NULL,NULL),(59,NULL,'0524233244','יוסף המר',137,NULL,NULL,NULL,NULL,NULL,NULL,NULL,NULL,NULL,NULL,NULL),(60,NULL,'0524886787','יהודה סטולוב ',139,NULL,NULL,NULL,NULL,NULL,NULL,NULL,NULL,NULL,NULL,NULL),(61,NULL,'0523003223','שם שרפר ',426,NULL,NULL,NULL,NULL,NULL,NULL,NULL,'הסנהדרין, פתח תקווה, ישראל','פתח תקווה','34.9017742','32.09951689999999'),(63,NULL,'0548079790','ישיבצ הסדר עכו',142,NULL,NULL,NULL,NULL,NULL,NULL,NULL,NULL,NULL,NULL,NULL),(64,NULL,'0545965186','משה מושקוביץ',144,NULL,NULL,NULL,NULL,NULL,NULL,NULL,NULL,NULL,NULL,NULL),(66,NULL,'0503255628','מרדכי ברדוגו בר דגן',437,NULL,NULL,NULL,NULL,NULL,NULL,NULL,NULL,NULL,NULL,NULL),(67,NULL,'0526817040','חיים גלבוע',148,NULL,NULL,NULL,NULL,NULL,NULL,NULL,NULL,NULL,NULL,NULL),(68,NULL,'0529453396','אשר אפרתי',149,NULL,NULL,NULL,NULL,NULL,NULL,NULL,NULL,NULL,NULL,NULL),(69,NULL,'0523453396','אשר אפרתי',150,NULL,NULL,NULL,NULL,NULL,NULL,NULL,NULL,NULL,NULL,NULL),(70,NULL,'0507591602','ג\'קי',151,NULL,NULL,NULL,NULL,NULL,NULL,NULL,NULL,NULL,NULL,NULL),(71,NULL,'0529464386','מעוז שוורץ ',153,NULL,NULL,NULL,NULL,NULL,NULL,NULL,'רבנו תם 45, אשדוד, ישראל','אשדוד','34.6618876','31.7870056'),(72,NULL,'0584676023','זאב מאיר גולדשטיין',204,NULL,NULL,NULL,NULL,NULL,NULL,NULL,'האמנות 12, פרדס חנה כרכור, ישראל','פרדס חנה כרכור','34.9982918','32.4787038'),(73,NULL,'0508730603','בועז שנור',247,NULL,NULL,NULL,NULL,NULL,NULL,NULL,'יחזקאל דוד גויטיין 4, ירושלים','ירושלים','35.2499025','31.8190443'),(74,NULL,'0543189922','חנניה בק',162,NULL,NULL,NULL,NULL,NULL,NULL,NULL,NULL,NULL,NULL,NULL),(75,NULL,'0549195560','גיל מרגוליס',159,'32א',NULL,NULL,NULL,NULL,NULL,NULL,'מרכז בעלי מלאכה, תל אביב יפו, ישראל','תל אביב יפו','34.7732882','32.0692584'),(76,NULL,'0586030770','שוקי גור',434,NULL,NULL,NULL,NULL,NULL,NULL,NULL,'דרך מנחם בגין 76, פתח תקווה, ישראל','פתח תקווה','34.9105478','32.0709024'),(77,NULL,'0507164471','מוטי ווייס ',161,NULL,NULL,NULL,NULL,NULL,NULL,NULL,'משגב 3, כרמיאל, ישראל','כרמיאל','35.2984458','32.9183775'),(78,NULL,'0548827785','שלומי רייזנר',163,NULL,NULL,NULL,NULL,NULL,NULL,NULL,NULL,NULL,NULL,NULL),(79,NULL,'0556652655','שניאור ',164,NULL,NULL,NULL,NULL,NULL,NULL,NULL,NULL,NULL,NULL,NULL),(80,NULL,'0526508393','אוהד בן שלום',166,NULL,NULL,NULL,NULL,NULL,NULL,NULL,NULL,NULL,NULL,NULL),(81,NULL,'0587913465','חנה כהן',167,NULL,NULL,NULL,NULL,NULL,NULL,NULL,NULL,NULL,NULL,NULL),(82,NULL,'0533077048','הרב יחזקאל גרינשטיי',168,NULL,NULL,NULL,NULL,NULL,NULL,NULL,NULL,NULL,NULL,NULL),(83,NULL,'0546468704','פנחס',180,NULL,NULL,NULL,NULL,NULL,NULL,NULL,'אמוראים 10, רחובות, ישראל','רחובות','34.8175476','31.8847265'),(84,NULL,'0544728749','הדס הירשביין',404,NULL,NULL,NULL,NULL,NULL,NULL,NULL,NULL,NULL,NULL,NULL),(86,NULL,'0546402770','יעקב שמלי',368,NULL,NULL,NULL,NULL,NULL,NULL,NULL,NULL,NULL,NULL,NULL),(89,NULL,'0545664458','שמואל בן דהן',192,'',NULL,NULL,NULL,NULL,NULL,NULL,'משעול העוזרד 7, ירושלים, ישראל','ירושלים','35.1992314','31.8078607'),(92,NULL,'0533372827','דב',187,NULL,NULL,NULL,NULL,NULL,NULL,NULL,NULL,NULL,NULL,NULL),(93,NULL,'0526062075','מיכי המלסדורף',185,NULL,NULL,NULL,NULL,NULL,NULL,NULL,'מוטה גור 12, גבעת שמואל, ישראל','גבעת שמואל','34.8532501','32.0750052'),(94,NULL,'0544532458','פיני קרישר',186,NULL,NULL,NULL,NULL,NULL,NULL,NULL,NULL,NULL,NULL,NULL),(95,NULL,'0523115055','יוסי שטרן',190,NULL,NULL,NULL,NULL,NULL,NULL,NULL,'תרזה קוגלמן 4, פתח תקווה, ישראל','פתח תקווה','34.873145','32.0930358'),(97,NULL,'0547554019','אליה קנר',194,NULL,NULL,NULL,NULL,NULL,NULL,NULL,NULL,NULL,NULL,NULL),(98,NULL,'0528086087','שוורץ אלי',195,'',NULL,NULL,NULL,NULL,NULL,NULL,'אלתר מיהוד 1, פתח תקווה, ישראל','פתח תקווה','34.88334440000001','32.0818031'),(99,NULL,'0505222353',' מיטלמן מרדכי',196,'',NULL,NULL,NULL,NULL,NULL,NULL,'פתח תקווה, ישראל','פתח תקווה','34.887762','32.084041'),(100,NULL,'0528682525','שרה כהן שווארץ',198,'רחוב אושר גולדווסר3 קומה רביעית דירה14',NULL,NULL,NULL,NULL,NULL,NULL,'פתח תקווה, ישראל','פתח תקווה','34.887762','32.084041'),(101,NULL,'0546464392','חיים קולומבוס',199,'',NULL,NULL,NULL,NULL,NULL,NULL,'הענבל 5, פתח תקווה, ישראל','פתח תקווה','34.9072378','32.0774768'),(102,NULL,'0532420426','gadi newman',200,NULL,NULL,NULL,NULL,NULL,NULL,NULL,NULL,NULL,NULL,NULL),(103,NULL,'0502020803','חיים גנגנה',201,'',NULL,NULL,NULL,NULL,NULL,NULL,'הפורצים 19, פתח תקווה, ישראל','פתח תקווה','34.8770998','32.0877446'),(104,NULL,'0543979846','יונה ראשי ',202,'',NULL,NULL,NULL,NULL,NULL,NULL,'דניאל ליפשיץ 75, פתח תקווה, ישראל','פתח תקווה','34.8734228','32.0765688'),(105,NULL,'0528543778','טל רותם ',203,'',NULL,NULL,NULL,NULL,NULL,NULL,'מוטה גור, גבעת שמואל, ישראל','גבעת שמואל','34.8534076','32.0749825'),(106,NULL,'0545691102','אראל שרף ',210,NULL,NULL,NULL,NULL,NULL,NULL,NULL,'מבצע יואב, מודיעין מכבים רעות, ישראל','מודיעין מכבים רעות','35.00109880000001','31.9080305'),(108,NULL,'0547715385','ג מ ',207,'',NULL,NULL,NULL,NULL,NULL,NULL,'טשרניחובסקי, ירושלים, ישראל','ירושלים','35.2059374','31.7649378'),(111,NULL,'0528625945','יונינה טי-פינצוק',211,' כניסה פרטית מצד ימין',NULL,NULL,NULL,NULL,NULL,NULL,'רבי זעירא, ירושלים, ישראל','ירושלים','35.21161560000001','31.7617267'),(113,NULL,'0522336640','אורה וינגוט',214,NULL,NULL,NULL,NULL,NULL,NULL,NULL,NULL,NULL,NULL,NULL),(116,NULL,'0544327476','אורי פישל',221,NULL,NULL,NULL,NULL,NULL,NULL,NULL,NULL,NULL,NULL,NULL),(117,NULL,'0547256246','לייזרסון איליה',222,NULL,NULL,NULL,NULL,NULL,NULL,NULL,'פיארברג, חיפה, ישראל','חיפה','35.0167451','32.7853022'),(119,NULL,'0548310670','  דניאלה ביים',224,NULL,NULL,NULL,NULL,NULL,NULL,NULL,NULL,NULL,NULL,NULL),(120,NULL,'0524307216','עופר שטרן',225,NULL,NULL,NULL,NULL,NULL,NULL,NULL,'חזני, קרית מוצקין, ישראל','קרית מוצקין','35.0850472','32.8403274'),(121,NULL,'0547968776','אברהם ויצמן',227,NULL,NULL,NULL,NULL,NULL,NULL,NULL,'הנחלים, מעלה אדומים','מעלה אדומים','35.2980892','31.7777322'),(122,NULL,'0525280449','אראל שפירא',228,NULL,NULL,NULL,NULL,NULL,NULL,NULL,NULL,NULL,NULL,NULL),(123,NULL,'0548003339','אפרת שפירא',230,NULL,NULL,NULL,NULL,NULL,NULL,NULL,NULL,NULL,NULL,NULL),(124,NULL,'0584924635','Leah Secunda',236,NULL,NULL,NULL,NULL,NULL,NULL,NULL,NULL,NULL,NULL,NULL),(125,NULL,'0505076152','אבי מונקר',232,NULL,NULL,NULL,NULL,NULL,NULL,NULL,'בוסל, כפר סבא, ישראל','כפר סבא','34.9022385','32.1771459'),(126,NULL,'0545533326','מרים פייגנבוים',233,'',NULL,NULL,NULL,NULL,NULL,NULL,'פרימו לוי, ירושלים','ירושלים','35.22707889999999','31.7512134'),(127,NULL,'0584924645','Leah Secunda',418,'near HaAshkan',NULL,NULL,NULL,NULL,NULL,NULL,'אנצ\'ו בונהונטורה, ירושלים','ירושלים','35.2268069','31.7530585'),(128,NULL,'0533401522','בני אונגר',237,NULL,NULL,NULL,NULL,NULL,NULL,NULL,'אגריפס, ירושלים, ישראל','ירושלים','35.2139206','31.7837387'),(129,NULL,'0585307801','הרשל שטראוס',238,'לנקן אליהו',NULL,NULL,NULL,NULL,NULL,NULL,'ארנונה, ירושלים, ישראל','ירושלים','35.22023','31.747092'),(130,NULL,'0526116440','רנא הירש',239,'פארק גבעת טל',NULL,NULL,NULL,NULL,NULL,NULL,'ראש העין, ישראל','ראש העין','34.9661327','32.09302929999999'),(131,NULL,'0585698489','ג\'ודית ווסרמן',253,'דירה 22 קומה 6',NULL,NULL,NULL,NULL,NULL,NULL,'דרך חברון 89, ירושלים, ישראל','ירושלים','35.2237897','31.75834290000001'),(132,NULL,'0508811356','עדית פז',243,'',NULL,NULL,NULL,NULL,NULL,NULL,'מקור חיים 9, ירושלים, ישראל','ירושלים','35.2143295','31.7566752'),(133,NULL,'0547431900','אליעזר בלוך',244,NULL,NULL,NULL,NULL,NULL,NULL,NULL,NULL,NULL,NULL,NULL),(134,NULL,'0542206170','זאב',245,NULL,NULL,NULL,NULL,NULL,NULL,NULL,'קרן היסוד, ירושלים, ישראל','ירושלים','35.2200649','31.77329069999999'),(135,NULL,'0525619847','חיים גרבר',246,NULL,NULL,NULL,NULL,NULL,NULL,NULL,NULL,NULL,NULL,NULL),(136,NULL,'0547539209','יעקב אברמס',248,NULL,NULL,NULL,NULL,NULL,NULL,NULL,'זטלר, כפר סבא, ישראל','כפר סבא','34.8884913','32.1966826'),(139,NULL,'0527222827','סטיוארט פיליחובסק\'',265,'',NULL,NULL,NULL,NULL,NULL,NULL,'מבשרת ציון, ישראל','מבשרת ציון','35.157891','31.804052'),(140,NULL,'0556667155','הרב אבי נוביס-דויטש',252,NULL,NULL,NULL,NULL,NULL,NULL,NULL,'חנתון, ישראל','חנתון','35.24506299999999','32.783051'),(142,NULL,'0503666160','אבי',257,NULL,NULL,NULL,NULL,NULL,NULL,NULL,NULL,NULL,NULL,NULL),(144,NULL,'0505250209','בני וייס',259,NULL,NULL,NULL,NULL,NULL,NULL,NULL,'חיים לנדאו 10, גבעת שמואל, ישראל','גבעת שמואל','34.8561717','32.07647560000001'),(145,NULL,'0528214812','טליה תמר זיסקין',262,NULL,NULL,NULL,NULL,NULL,NULL,NULL,NULL,NULL,NULL,NULL),(146,NULL,'0526070786','שי',263,NULL,NULL,NULL,NULL,NULL,NULL,NULL,NULL,NULL,NULL,NULL),(147,NULL,'0544539749','מירב גבע',264,'',NULL,NULL,NULL,NULL,NULL,NULL,'אליהו קראוזה 3, חולון, ישראל','חולון','34.7819724','32.0265811'),(148,NULL,'0504046438','אליהו ישי',269,'',NULL,NULL,NULL,NULL,NULL,NULL,'יהודה הלוי 40, נתניה, ישראל','נתניה','34.8565853','32.3199403'),(149,NULL,'0587710414','אביאל סליי',270,'',NULL,NULL,NULL,NULL,NULL,NULL,'חיים גבריהו, ירושלים','ירושלים','35.2428442','31.818819'),(150,NULL,'0502444005','פרידר ישעיהו',271,NULL,NULL,NULL,NULL,NULL,NULL,NULL,'רבי יהודה הנשיא 2, פתח תקווה, ישראל','פתח תקווה','34.9056443','32.0737999'),(151,NULL,'0528023308','איתן חיימוביץ',272,NULL,NULL,NULL,NULL,NULL,NULL,NULL,'נהוראי 9, ירושלים, ישראל','ירושלים','35.2074987','31.7531118'),(152,NULL,'0544534024','נתנאל דרוט',273,NULL,NULL,NULL,NULL,NULL,NULL,NULL,NULL,NULL,NULL,NULL),(153,NULL,'0527244322','דוד יצחק',274,NULL,NULL,NULL,NULL,NULL,NULL,NULL,NULL,NULL,NULL,NULL),(154,NULL,'0547838655','אריק עמיאל',422,NULL,NULL,NULL,NULL,NULL,NULL,NULL,NULL,NULL,NULL,NULL),(155,NULL,'0507383591','צבי ישי',276,NULL,NULL,NULL,NULL,NULL,NULL,NULL,'יורדי הסירה, ירושלים, ישראל','ירושלים','35.2102642','31.7622088'),(156,NULL,'0522408532','שמואל פיינגולד',334,NULL,NULL,NULL,NULL,NULL,NULL,NULL,'חזקיהו המלך, ירושלים, ישראל','ירושלים','35.210562','31.761663'),(158,NULL,'0505865465','אורי אברבוך',279,NULL,NULL,NULL,NULL,NULL,NULL,NULL,NULL,NULL,NULL,NULL),(159,NULL,'0527204663','שי ישי',280,NULL,NULL,NULL,NULL,NULL,NULL,NULL,'ברוריה 3, ירושלים, ישראל','ירושלים','35.212194','31.7614268'),(160,NULL,'0528344055','ישראל יגל',390,NULL,NULL,NULL,NULL,NULL,NULL,NULL,NULL,NULL,NULL,NULL),(161,NULL,'0544282623','משה טל סטרוז',282,NULL,NULL,NULL,NULL,NULL,NULL,NULL,NULL,NULL,NULL,NULL),(162,NULL,'0527703078','ברוריה כהן',283,NULL,NULL,NULL,NULL,NULL,NULL,NULL,NULL,NULL,NULL,NULL),(163,NULL,'0544544931','יעקב לנגה',427,NULL,NULL,NULL,NULL,NULL,NULL,NULL,NULL,NULL,NULL,NULL),(164,NULL,'0547299803','אבי פלקס',285,NULL,NULL,NULL,NULL,NULL,NULL,NULL,NULL,NULL,NULL,NULL),(165,NULL,'0507777140','צבי ולדמן ',288,NULL,NULL,NULL,NULL,NULL,NULL,NULL,NULL,NULL,NULL,NULL),(166,NULL,'0547557791','שלמה',351,NULL,NULL,NULL,NULL,NULL,NULL,NULL,NULL,NULL,NULL,NULL),(167,NULL,'0549300680','שחר-שמואל ששון ',292,NULL,NULL,NULL,NULL,NULL,NULL,NULL,'יוסף חיים, ירושלים, ישראל','ירושלים','35.2112142','31.7835122'),(168,NULL,'0523528552','רועי שטינמץ',293,NULL,NULL,NULL,NULL,NULL,NULL,NULL,NULL,NULL,NULL,NULL),(169,NULL,'0502388182','אלנתן סוויסה',420,NULL,NULL,NULL,NULL,NULL,NULL,NULL,'כוכב יעקב','כוכב יעקב','35.242773','31.88015200000001'),(170,NULL,'0522243693','נחום עמוסי',295,NULL,NULL,NULL,NULL,NULL,NULL,NULL,NULL,NULL,NULL,NULL),(171,NULL,'0509999999','בדיקה',296,NULL,NULL,NULL,NULL,NULL,NULL,NULL,NULL,NULL,NULL,NULL),(173,NULL,'0523822440','דודי יאיר',299,NULL,NULL,NULL,NULL,NULL,NULL,NULL,NULL,NULL,NULL,NULL),(174,NULL,'0542144481','יואב כהן-מלמד ',301,'',NULL,NULL,NULL,NULL,NULL,NULL,'נחל צין 4, מודיעין מכבים רעות, ישראל','מודיעין מכבים רעות','35.016096','31.8953937'),(175,NULL,'0506232856','ינון ליבזון',303,NULL,NULL,NULL,NULL,NULL,NULL,NULL,NULL,NULL,NULL,NULL),(176,NULL,'0587176830','זאב רובין',304,NULL,NULL,NULL,NULL,NULL,NULL,NULL,NULL,NULL,NULL,NULL),(177,NULL,'0523463065','צופי',305,NULL,NULL,NULL,NULL,NULL,NULL,NULL,NULL,NULL,NULL,NULL),(178,NULL,'0549289870','אפרים עטיה',310,NULL,NULL,NULL,NULL,NULL,NULL,NULL,'הגר\"א, נתניה, ישראל','נתניה','34.857395','32.31040000000001'),(179,NULL,'0523567930','אלון חזני ',309,NULL,NULL,NULL,NULL,NULL,NULL,NULL,'נחל זוהר 37, מודיעין מכבים רעות, ישראל','מודיעין מכבים רעות','35.0054102','31.8933502'),(180,NULL,'0535306556','נתנאל',312,NULL,NULL,NULL,NULL,NULL,NULL,NULL,NULL,NULL,NULL,NULL),(181,NULL,'0526894590','גולדברגר הדרה',423,'קומה ג דירה 12',NULL,NULL,NULL,NULL,NULL,NULL,'ההגנה 23, רחובות, ישראל','רחובות','34.8212693','31.8932'),(182,NULL,'0504575373','שלו שבתאי',315,NULL,NULL,NULL,NULL,NULL,NULL,NULL,'מנוחה, ישראל','מנוחה','34.777273','31.65615900000001'),(183,NULL,'0545532393','חיה רואן בקר',316,NULL,NULL,NULL,NULL,NULL,NULL,NULL,'בר כוכבא 93, ירושלים','ירושלים','35.2394143','31.8034282'),(184,NULL,'0506203001','אהרון דיין',318,'רח\' גשר החיים 19',NULL,NULL,NULL,NULL,NULL,NULL,'ירושלים, ישראל','ירושלים','35.21371','31.768319'),(186,NULL,'0544654172','N feld',322,NULL,NULL,NULL,NULL,NULL,NULL,NULL,NULL,NULL,NULL,NULL),(187,NULL,'0528736545','איתמר פלהיימר ',330,NULL,NULL,NULL,NULL,NULL,NULL,NULL,NULL,NULL,NULL,NULL),(188,NULL,'0503823084','זרח זכריה',331,NULL,NULL,NULL,NULL,NULL,NULL,NULL,'הרב מימון 14, נהריה, ישראל','נהריה','35.108131','33.0098231'),(189,NULL,'0529431373','ניסן',332,NULL,NULL,NULL,NULL,NULL,NULL,NULL,'אצ\"ל 14, רמת גן, ישראל','רמת גן','34.8318919','32.0652462'),(190,NULL,'0528834384','רפאל דה רוס',333,NULL,NULL,NULL,NULL,NULL,NULL,NULL,'מעפילי אגוז 18, רחובות, ישראל','רחובות','34.8276518','31.8923507'),(191,NULL,'0502234347','יונתי אתי',335,'',NULL,NULL,NULL,NULL,NULL,NULL,'נחום ליפשיץ 15, ירושלים, ישראל','ירושלים','35.21653','31.7555841'),(192,NULL,'0506230634','עמנואל וייל',336,NULL,NULL,NULL,NULL,NULL,NULL,NULL,'מבוא יורם 9, ירושלים, ישראל','ירושלים','35.2135325','31.76795469999999'),(193,NULL,'0546505670','אורית נדב דר',337,'בניין מספר 3',NULL,NULL,NULL,NULL,NULL,NULL,'נחמיה תמרי, חולון, ישראל','חולון','34.7847137','32.0141116'),(195,NULL,'0545216286','אריה גלר',340,NULL,NULL,NULL,NULL,NULL,NULL,NULL,'בן טבאי, ירושלים, ישראל','ירושלים','35.2050095','31.7575325'),(197,NULL,'0522764624','נתנאל קופרמן',343,NULL,NULL,NULL,NULL,NULL,NULL,NULL,NULL,NULL,NULL,NULL),(198,NULL,'0522592811','נעם פרג\'ון',344,NULL,NULL,NULL,NULL,NULL,NULL,NULL,NULL,NULL,NULL,NULL),(199,NULL,'0526480181','זאב לואיס',424,'ליד המעפילים 17',NULL,NULL,NULL,NULL,NULL,NULL,'מבוא העולה 2, ירושלים, ישראל','ירושלים','35.2049921','31.762294'),(200,NULL,'0547364262','יובל גבעון',348,NULL,NULL,NULL,NULL,NULL,NULL,NULL,'נחל קטלב 3, בית שמש, ישראל','בית שמש','34.9975642','31.7160567'),(201,NULL,'0545667211','יהודה ראק',349,NULL,NULL,NULL,NULL,NULL,NULL,NULL,'גד 7, בית שמש, ישראל','בית שמש','34.9910422','31.73866080000001'),(202,NULL,'0506292329','בלאו אלעזר וזהבה',350,'בקומה 2',NULL,NULL,NULL,NULL,NULL,NULL,'השומר 16, רמת גן, ישראל','רמת גן','34.8221228','32.0812299'),(203,NULL,'0506810652','דנה טל',352,NULL,NULL,NULL,NULL,NULL,NULL,NULL,NULL,NULL,NULL,NULL),(204,NULL,'0529926556',' djd tedt',354,NULL,NULL,NULL,NULL,NULL,NULL,NULL,NULL,NULL,NULL,NULL),(206,NULL,'0544618423','תיקי אברהמי',356,NULL,NULL,NULL,NULL,NULL,NULL,NULL,NULL,NULL,NULL,NULL),(207,NULL,'0528353336','מיכאל לגזיאל',358,NULL,NULL,NULL,NULL,NULL,NULL,NULL,'צפת, ישראל','צפת','35.495997','32.964648'),(208,NULL,'0538281767','מנשה עמרני',360,NULL,NULL,NULL,NULL,NULL,NULL,NULL,'אליהו מרידור, ירושלים','ירושלים','35.2497682','31.8147818'),(209,NULL,'0549458842','גלעד תעשה',428,'יכול להגיע למקום סמוך בשעה שתיקבע אין צורך בתקיעה פרטית',NULL,NULL,NULL,NULL,NULL,NULL,'הכלנית 13, רעננה, ישראל','רעננה','34.88524999999999','32.1903811'),(210,NULL,'0543133728','ישראל זרובניק',444,NULL,NULL,NULL,NULL,NULL,NULL,NULL,NULL,NULL,NULL,NULL),(211,NULL,'0509790188','רבקה בלאו',363,'המלאך 5 הרובע היהודי ירושלים',NULL,NULL,NULL,NULL,NULL,NULL,'המלאך 5, ירושלים','ירושלים','35.2299867','31.77452419999999'),(212,NULL,'0527203257','רחימי',364,NULL,NULL,NULL,NULL,NULL,NULL,NULL,'דוד רזיאל, בית שמש, ישראל','בית שמש','34.9837124','31.7426175'),(214,NULL,'0586762343','דויד ברמן',366,NULL,NULL,NULL,NULL,NULL,NULL,NULL,NULL,NULL,NULL,NULL),(215,NULL,'0528877389','אהובה פסוב-ויטמן',367,'משקיף על מגרש החניה של עד בן צבי',NULL,NULL,NULL,NULL,NULL,NULL,'אבן עזרא 13, ירושלים, ישראל','ירושלים','35.2140236','31.7755259'),(216,NULL,'0546518935','איל זקס',369,NULL,NULL,NULL,NULL,NULL,NULL,NULL,'דוד שמעוני 41, ירושלים, ישראל','ירושלים','35.201007','31.7619598'),(217,NULL,'0558873751','אלון דיאור',370,NULL,NULL,NULL,NULL,NULL,NULL,NULL,'בני דרום, ישראל','בני דרום','34.691609','31.82086999999999'),(218,NULL,'0527703128','בצלאל ווילשנסקי',432,NULL,NULL,NULL,NULL,NULL,NULL,NULL,'רענן 49, חיפה, ישראל','חיפה','34.9728582','32.8036623'),(219,NULL,'0525659028','שמחה סמט',372,NULL,NULL,NULL,NULL,NULL,NULL,NULL,NULL,NULL,NULL,NULL),(220,NULL,'0585802002','אביגיל גלזר',373,NULL,NULL,NULL,NULL,NULL,NULL,NULL,NULL,NULL,NULL,NULL),(221,NULL,'0534225335','דוד',377,NULL,NULL,NULL,NULL,NULL,NULL,NULL,'משאת משה, ירושלים, ישראל','ירושלים','35.1969125','31.7641875'),(222,NULL,'0507537391','מיכל אמיר',376,'',NULL,NULL,NULL,NULL,NULL,NULL,'הביל\"ויים 3, רמת גן, ישראל','רמת גן','34.8216123','32.0608355'),(224,NULL,'0526432304','ראובן פלבניק',380,NULL,NULL,NULL,NULL,NULL,NULL,NULL,NULL,NULL,NULL,NULL),(225,NULL,'0524662464','שלמה פולצ\'ק',386,'בניין  א\' ליד הכביש',NULL,NULL,NULL,NULL,NULL,NULL,'מנוחה ונחלה 35, רחובות, ישראל','רחובות','34.8163306','31.8978546'),(226,NULL,'0502960546','חנוך בקר',383,NULL,NULL,NULL,NULL,NULL,NULL,NULL,NULL,NULL,NULL,NULL),(227,NULL,'0547272515','אביעד',387,NULL,NULL,NULL,NULL,NULL,NULL,NULL,'ארלוזורוב, ירושלים, ישראל','ירושלים','35.21619','31.7729254'),(228,NULL,'0507627900','עמנואל רונד',389,NULL,NULL,NULL,NULL,NULL,NULL,NULL,'ארלוזורוב, ירושלים, ישראל','ירושלים','35.21619','31.7729254'),(229,NULL,'0522247578','בן גל דניאל',391,NULL,NULL,NULL,NULL,NULL,NULL,NULL,'ההגנה 46, רחובות, ישראל','רחובות','34.82349550000001','31.8933682'),(230,NULL,'0586432969','Brad Grob',392,'',NULL,NULL,NULL,NULL,NULL,NULL,'אליהו לנקין 17, ירושלים','ירושלים','35.2266914','31.7504304'),(231,NULL,'0527714658','כהן',413,'',NULL,NULL,NULL,NULL,NULL,NULL,'סול ליפצין, ירושלים','ירושלים','35.221697','31.723821'),(232,NULL,'0544859470','כהנא',394,NULL,NULL,NULL,NULL,NULL,NULL,NULL,NULL,NULL,NULL,NULL),(233,NULL,'0544448470',' בן עטר דוד',395,NULL,NULL,NULL,NULL,NULL,NULL,NULL,'מעפילי אגוז, רחובות, ישראל','רחובות','34.8276764','31.8920278'),(234,NULL,'0506616637','מרדכי סיינה',396,NULL,NULL,NULL,NULL,NULL,NULL,NULL,'יהודה גורודיסקי 33, רחובות, ישראל','רחובות','34.82330369999999','31.898502'),(235,NULL,'0506221702','הרב חגי בר-גיורא ',398,NULL,NULL,NULL,NULL,NULL,NULL,NULL,NULL,NULL,NULL,NULL),(236,NULL,'0505933337','מרים כהן',399,'בלובי של הבניין ברחוב בן גוריון נשמח שתתלו שלט מתי התקיעה ',NULL,NULL,NULL,NULL,NULL,NULL,'דוד בן גוריון 11, בני ברק, ישראל','בני ברק','34.8223512','32.0940263'),(237,NULL,'0523117733','שמואל מורנו',400,NULL,NULL,NULL,NULL,NULL,NULL,NULL,NULL,NULL,NULL,NULL),(238,NULL,'0528624553','לירז כהן',401,NULL,NULL,NULL,NULL,NULL,NULL,NULL,NULL,NULL,NULL,NULL),(239,NULL,'0506208822','זהרה כהן',402,'',NULL,NULL,NULL,NULL,NULL,NULL,'נחל שניר 33, מודיעין מכבים רעות, ישראל','מודיעין מכבים רעות','35.0145758','31.894997'),(240,NULL,'0505555789','אברהם',403,NULL,NULL,NULL,NULL,NULL,NULL,NULL,NULL,NULL,NULL,NULL),(241,NULL,'0528191661','ענת יניר',405,NULL,NULL,NULL,NULL,NULL,NULL,NULL,NULL,NULL,NULL,NULL),(242,NULL,'0522277358','ליאור פריד',406,NULL,NULL,NULL,NULL,NULL,NULL,NULL,'הרב קידר, פתח תקווה, ישראל','פתח תקווה','34.8775418','32.0727138'),(243,NULL,'0527474101','יעקב אוחיון',407,NULL,NULL,NULL,NULL,NULL,NULL,NULL,'אריה בן אליעזר 24, פתח תקווה, ישראל','פתח תקווה','34.9109391','32.0698263'),(244,NULL,'0523303102','אורן לביא',408,NULL,NULL,NULL,NULL,NULL,NULL,NULL,'יפה נוף, פדואל','פדואל','35.04991030000001','32.0622085'),(245,NULL,'0543976186','דוד המלסדורף',409,'',NULL,NULL,NULL,NULL,NULL,NULL,'הזיתים 84, גבעת שמואל, ישראל','גבעת שמואל','34.852482','32.0836421'),(247,NULL,'0509444567','נועם כהן',411,NULL,NULL,NULL,NULL,NULL,NULL,NULL,'קולונל מרגולין, רחובות, ישראל','רחובות','34.8245885','31.8962084'),(248,NULL,'0523834401','דודי',412,NULL,NULL,NULL,NULL,NULL,NULL,NULL,'גבע בנימין','גבע בנימין','35.273853','31.84999899999999'),(249,NULL,'0546840680','אפרת מוזס',430,NULL,NULL,NULL,NULL,NULL,NULL,NULL,NULL,NULL,NULL,NULL),(250,NULL,'0584684068','עדי מוזס',431,NULL,NULL,NULL,NULL,NULL,NULL,NULL,NULL,NULL,NULL,NULL),(251,NULL,'0527765010','מתן חי הרץ',435,NULL,NULL,NULL,NULL,NULL,NULL,NULL,'אהרון בן חמו, לוד, ישראל','לוד','34.8818705','31.94064419999999'),(252,NULL,'0546296967','מיכאל חדד',436,NULL,NULL,NULL,NULL,NULL,NULL,NULL,NULL,NULL,NULL,NULL),(253,NULL,'0542176080','אלגאוי אשר ויהודית',438,'מול בית ספר גן ונוף',NULL,NULL,NULL,NULL,NULL,NULL,'אחד העם 79, פתח תקווה, ישראל','פתח תקווה','34.8927181','32.0847426'),(254,NULL,'0587803798','Alfred Birnbaum ',439,NULL,NULL,NULL,NULL,NULL,NULL,NULL,NULL,NULL,NULL,NULL),(255,NULL,'0585004900','עמיחי שטינברג',440,NULL,NULL,NULL,NULL,NULL,NULL,NULL,'הרב צבי יהודה 12, ירושלים, ישראל','ירושלים','35.1968946','31.78770889999999'),(256,NULL,'0528630959','בלבינה גינזברג',442,NULL,NULL,NULL,NULL,NULL,NULL,NULL,NULL,NULL,NULL,NULL),(257,NULL,'0528690959','בת שבע מיטלמן',443,NULL,NULL,NULL,NULL,NULL,NULL,NULL,NULL,NULL,NULL,NULL),(259,NULL,'0583237773','יוכבד ספלמן',458,NULL,NULL,NULL,NULL,NULL,NULL,NULL,NULL,NULL,NULL,NULL),(260,NULL,'0544307126','קורצברג שרה',451,'ליד הרחובות נגבה- הרואה',NULL,NULL,NULL,NULL,NULL,NULL,'השושן 10, רמת גן, ישראל','רמת גן','34.82615380000001','32.0713583'),(261,NULL,'0546422770','אמה סלמה פרידרין',455,NULL,NULL,NULL,NULL,NULL,NULL,NULL,NULL,NULL,NULL,NULL),(262,NULL,'0544431043','מתתיהו פרידרין',456,NULL,NULL,NULL,NULL,NULL,NULL,NULL,NULL,NULL,NULL,NULL),(263,NULL,'0527979124','yocheved spellman',459,NULL,NULL,NULL,NULL,NULL,NULL,NULL,NULL,NULL,NULL,NULL),(264,NULL,'0507362571','איתן שפרן',460,NULL,NULL,NULL,NULL,NULL,NULL,NULL,'מרכז שפירא, ישראל','מרכז שפירא','34.707319','31.696927'),(265,NULL,'0507484183','איתן שפרן',461,NULL,NULL,NULL,NULL,NULL,NULL,NULL,NULL,NULL,NULL,NULL),(266,NULL,'0536225383','מיכלם',462,NULL,NULL,NULL,NULL,NULL,NULL,NULL,NULL,NULL,NULL,NULL),(267,NULL,'maayanthebestadmin','maayan',NULL,NULL,'$2a$10$QrQVMVwGtVcnyTiF5w2t0uam0b2cZ/.zKJi3oXCaJFxg2dFXGSZd.',NULL,'admin@gmail.com',NULL,'ea7f0759e4ae1df6d3a34bbee3bfe4254796f0e50c160fdd741f9dba7cb5b0faab0f1c0073924978a8cdf9b6e488300ec7755d54dd2dc160643c14e93112e4ac',NULL,NULL,NULL,NULL,NULL);
/*!40000 ALTER TABLE `CustomUser` ENABLE KEYS */;
UNLOCK TABLES;

--
-- Table structure for table `Files`
--

DROP TABLE IF EXISTS `Files`;
/*!40101 SET @saved_cs_client     = @@character_set_client */;
/*!40101 SET character_set_client = utf8 */;
CREATE TABLE `Files` (
  `id` int(10) unsigned NOT NULL AUTO_INCREMENT,
  `title` varchar(200) DEFAULT NULL,
  `description` text,
  `created` datetime DEFAULT NULL,
  `format` enum('docx','doc','pdf','mp3','wav') CHARACTER SET utf8 COLLATE utf8_unicode_ci NOT NULL,
  `category` varchar(100) DEFAULT NULL,
  `modified` datetime DEFAULT NULL,
  `owner` int(11) DEFAULT NULL,
  PRIMARY KEY (`id`)
) ENGINE=InnoDB DEFAULT CHARSET=utf8;
/*!40101 SET character_set_client = @saved_cs_client */;

--
-- Dumping data for table `Files`
--

LOCK TABLES `Files` WRITE;
/*!40000 ALTER TABLE `Files` DISABLE KEYS */;
/*!40000 ALTER TABLE `Files` ENABLE KEYS */;
UNLOCK TABLES;

--
-- Table structure for table `Images`
--

DROP TABLE IF EXISTS `Images`;
/*!40101 SET @saved_cs_client     = @@character_set_client */;
/*!40101 SET character_set_client = utf8 */;
CREATE TABLE `Images` (
  `id` int(10) unsigned NOT NULL AUTO_INCREMENT,
  `title` varchar(200) CHARACTER SET utf8 DEFAULT NULL,
  `description` text CHARACTER SET utf8,
  `created` datetime DEFAULT NULL,
  `format` enum('png','jpg','jpeg','gif') CHARACTER SET utf8 DEFAULT NULL,
  `modified` datetime DEFAULT NULL,
  `category` varchar(100) CHARACTER SET utf8 DEFAULT NULL,
  `owner` int(11) DEFAULT NULL,
  PRIMARY KEY (`id`)
) ENGINE=InnoDB DEFAULT CHARSET=utf8mb4 COLLATE=utf8mb4_unicode_ci;
/*!40101 SET character_set_client = @saved_cs_client */;

--
-- Dumping data for table `Images`
--

LOCK TABLES `Images` WRITE;
/*!40000 ALTER TABLE `Images` DISABLE KEYS */;
/*!40000 ALTER TABLE `Images` ENABLE KEYS */;
UNLOCK TABLES;

--
-- Table structure for table `Notification`
--

DROP TABLE IF EXISTS `Notification`;
/*!40101 SET @saved_cs_client     = @@character_set_client */;
/*!40101 SET character_set_client = utf8 */;
CREATE TABLE `Notification` (
  `id` int(11) NOT NULL AUTO_INCREMENT,
  `htmlMsg` text COLLATE utf8_unicode_ci,
  `created` datetime DEFAULT NULL,
  `modified` datetime DEFAULT NULL,
  PRIMARY KEY (`id`)
) ENGINE=InnoDB DEFAULT CHARSET=utf8 COLLATE=utf8_unicode_ci;
/*!40101 SET character_set_client = @saved_cs_client */;

--
-- Dumping data for table `Notification`
--

LOCK TABLES `Notification` WRITE;
/*!40000 ALTER TABLE `Notification` DISABLE KEYS */;
/*!40000 ALTER TABLE `Notification` ENABLE KEYS */;
UNLOCK TABLES;

--
-- Table structure for table `NotificationsMap`
--

DROP TABLE IF EXISTS `NotificationsMap`;
/*!40101 SET @saved_cs_client     = @@character_set_client */;
/*!40101 SET character_set_client = utf8 */;
CREATE TABLE `NotificationsMap` (
  `id` int(11) NOT NULL AUTO_INCREMENT,
  `user_id` int(11) DEFAULT NULL,
  `notification_id` int(11) DEFAULT NULL,
  `created` datetime DEFAULT NULL,
  `fetched` tinyint(1) DEFAULT '0',
  `modified` datetime DEFAULT NULL,
  `user_new_notification_id` int(11) DEFAULT NULL,
  PRIMARY KEY (`id`),
  KEY `notification_id` (`notification_id`),
  CONSTRAINT `NotificationsMap_ibfk_1` FOREIGN KEY (`notification_id`) REFERENCES `Notification` (`id`)
) ENGINE=InnoDB DEFAULT CHARSET=utf8 COLLATE=utf8_unicode_ci;
/*!40101 SET character_set_client = @saved_cs_client */;

--
-- Dumping data for table `NotificationsMap`
--

LOCK TABLES `NotificationsMap` WRITE;
/*!40000 ALTER TABLE `NotificationsMap` DISABLE KEYS */;
/*!40000 ALTER TABLE `NotificationsMap` ENABLE KEYS */;
UNLOCK TABLES;

--
-- Table structure for table `Role`
--

DROP TABLE IF EXISTS `Role`;
/*!40101 SET @saved_cs_client     = @@character_set_client */;
/*!40101 SET character_set_client = utf8 */;
CREATE TABLE `Role` (
  `id` int(11) NOT NULL AUTO_INCREMENT,
  `name` varchar(512) NOT NULL,
  `description` varchar(512) DEFAULT NULL,
  `created` datetime DEFAULT NULL,
  `modified` datetime DEFAULT NULL,
  `roleKey` varchar(200) DEFAULT NULL,
  PRIMARY KEY (`id`)
) ENGINE=InnoDB AUTO_INCREMENT=5 DEFAULT CHARSET=latin1;
/*!40101 SET character_set_client = @saved_cs_client */;

--
-- Dumping data for table `Role`
--

LOCK TABLES `Role` WRITE;
/*!40000 ALTER TABLE `Role` DISABLE KEYS */;
INSERT INTO `Role` VALUES (1,'ISOLATED',NULL,NULL,NULL,'miremerijfgivn238svnsdfsdf'),(2,'SHOFARBLOWER',NULL,NULL,NULL,'gmrkipgm$2300femkFSFKeo375'),(3,'GENERALUSER',NULL,NULL,NULL,'spf%#kfpoFFAa2234adAA244asZZv'),(4,'ADMIN',NULL,NULL,NULL,'dsfdsgfest4e534fdfsdkfdsfsfewr4');
/*!40000 ALTER TABLE `Role` ENABLE KEYS */;
UNLOCK TABLES;

--
-- Table structure for table `RoleMapping`
--

DROP TABLE IF EXISTS `RoleMapping`;
/*!40101 SET @saved_cs_client     = @@character_set_client */;
/*!40101 SET character_set_client = utf8 */;
CREATE TABLE `RoleMapping` (
  `id` int(11) NOT NULL AUTO_INCREMENT,
  `principalType` varchar(512) COLLATE utf8mb4_unicode_ci DEFAULT NULL,
  `principalId` varchar(255) COLLATE utf8mb4_unicode_ci DEFAULT NULL,
  `roleId` int(11) DEFAULT NULL,
  PRIMARY KEY (`id`),
  KEY `principalId` (`principalId`)
) ENGINE=InnoDB AUTO_INCREMENT=269 DEFAULT CHARSET=utf8mb4 COLLATE=utf8mb4_unicode_ci;
/*!40101 SET character_set_client = @saved_cs_client */;

--
-- Dumping data for table `RoleMapping`
--

LOCK TABLES `RoleMapping` WRITE;
/*!40000 ALTER TABLE `RoleMapping` DISABLE KEYS */;
INSERT INTO `RoleMapping` VALUES (24,'User','24',1),(25,'User','25',2),(26,'User','26',1),(27,'User','27',2),(28,'User','28',1),(29,'User','29',2),(30,'User','30',2),(31,'User','31',1),(32,'User','32',2),(33,'User','33',2),(34,'User','34',1),(35,'User','35',2),(36,'User','36',2),(37,'User','37',1),(38,'User','38',2),(39,'User','39',2),(40,'User','40',2),(41,'User','41',2),(42,'User','42',2),(43,'User','43',2),(44,'User','44',2),(45,'User','45',2),(46,'User','46',2),(47,'User','47',2),(48,'User','48',2),(49,'User','49',2),(50,'User','50',2),(51,'User','51',2),(52,'User','52',1),(53,'User','53',2),(54,'User','54',2),(55,'User','55',2),(56,'User','56',2),(57,'User','57',2),(58,'User','58',2),(59,'User','59',2),(60,'User','60',2),(61,'User','61',2),(62,'User','62',2),(63,'User','63',2),(64,'User','64',2),(65,'User','65',2),(66,'User','66',2),(67,'User','67',2),(68,'User','68',2),(69,'User','69',2),(70,'User','70',2),(71,'User','71',2),(72,'User','72',2),(73,'User','73',2),(74,'User','74',2),(75,'User','75',1),(76,'User','76',2),(77,'User','77',2),(78,'User','78',2),(79,'User','79',2),(80,'User','80',2),(81,'User','81',2),(82,'User','82',2),(83,'User','83',2),(84,'User','84',1),(85,'User','85',2),(86,'User','86',2),(87,'User','87',2),(88,'User','88',2),(89,'User','89',2),(90,'User','90',2),(91,'User','91',2),(92,'User','92',2),(93,'User','93',2),(94,'User','94',2),(95,'User','95',2),(96,'User','96',2),(97,'User','97',2),(98,'User','98',1),(99,'User','99',1),(100,'User','100',1),(101,'User','101',1),(102,'User','102',1),(103,'User','103',1),(104,'User','104',1),(105,'User','105',2),(106,'User','106',2),(107,'User','107',1),(108,'User','108',1),(109,'User','109',1),(110,'User','110',1),(111,'User','111',1),(113,'User','113',1),(114,'User','114',1),(116,'User','116',2),(117,'User','117',2),(118,'User','118',1),(119,'User','119',1),(120,'User','120',2),(121,'User','121',2),(122,'User','122',1),(123,'User','123',2),(124,'User','124',1),(125,'User','125',2),(126,'User','126',1),(127,'User','127',1),(128,'User','128',2),(129,'User','129',1),(130,'User','130',1),(131,'User','131',1),(132,'User','132',1),(133,'User','133',2),(134,'User','134',2),(135,'User','135',2),(136,'User','136',2),(137,'User','137',2),(139,'User','139',1),(140,'User','140',2),(142,'User','142',1),(144,'User','144',2),(145,'User','145',2),(146,'User','146',2),(147,'User','147',1),(148,'User','148',1),(149,'User','149',2),(150,'User','150',2),(151,'User','151',2),(152,'User','152',2),(153,'User','153',1),(154,'User','154',1),(155,'User','155',2),(156,'User','156',2),(158,'User','158',2),(159,'User','159',2),(160,'User','160',1),(161,'User','161',1),(162,'User','162',1),(163,'User','163',2),(164,'User','164',2),(165,'User','165',2),(166,'User','166',1),(167,'User','167',2),(168,'User','168',2),(169,'User','169',2),(170,'User','170',2),(171,'User','171',1),(172,'User','172',1),(173,'User','173',2),(174,'User','174',1),(175,'User','175',2),(176,'User','176',2),(177,'User','177',1),(178,'User','178',2),(179,'User','179',2),(180,'User','180',2),(181,'User','181',1),(182,'User','182',2),(183,'User','183',2),(184,'User','184',1),(186,'User','186',1),(187,'User','187',2),(188,'User','188',2),(189,'User','189',2),(190,'User','190',2),(191,'User','191',1),(192,'User','192',2),(193,'User','193',1),(195,'User','195',2),(196,'User','196',1),(197,'User','197',2),(198,'User','198',2),(199,'User','199',1),(200,'User','200',2),(201,'User','201',2),(202,'User','202',1),(203,'User','203',2),(204,'User','204',1),(206,'User','206',1),(207,'User','207',2),(208,'User','208',2),(209,'User','209',1),(210,'User','210',2),(211,'User','211',1),(212,'User','212',2),(214,'User','214',2),(215,'User','215',1),(216,'User','216',2),(217,'User','217',2),(218,'User','218',2),(219,'User','219',1),(220,'User','220',1),(221,'User','221',2),(222,'User','222',1),(224,'User','224',2),(225,'User','225',1),(226,'User','226',2),(227,'User','227',2),(228,'User','228',2),(229,'User','229',2),(230,'User','230',1),(231,'User','231',1),(232,'User','232',1),(233,'User','233',2),(234,'User','234',2),(235,'User','235',2),(236,'User','236',1),(237,'User','237',2),(238,'User','238',2),(239,'User','239',1),(240,'User','240',2),(241,'User','241',1),(242,'User','242',2),(243,'User','243',2),(244,'User','244',2),(245,'User','245',1),(247,'User','247',2),(248,'User','248',2),(249,'User','249',1),(250,'User','250',1),(251,'User','251',2),(252,'User','252',1),(253,'User','253',1),(254,'User','254',1),(255,'User','255',2),(256,'User','256',1),(257,'User','257',1),(259,'User','259',1),(260,'User','260',1),(261,'User','261',1),(262,'User','262',1),(263,'User','263',1),(264,'User','264',2),(265,'User','265',2),(266,'User','266',2),(268,'USER','267',4);
/*!40000 ALTER TABLE `RoleMapping` ENABLE KEYS */;
UNLOCK TABLES;

--
-- Table structure for table `Schools`
--

DROP TABLE IF EXISTS `Schools`;
/*!40101 SET @saved_cs_client     = @@character_set_client */;
/*!40101 SET character_set_client = utf8 */;
CREATE TABLE `Schools` (
  `id` int(11) NOT NULL AUTO_INCREMENT,
  `school_name` varchar(100) COLLATE utf8_unicode_ci DEFAULT NULL,
  `created` datetime DEFAULT NULL,
  `modified` datetime DEFAULT NULL,
  PRIMARY KEY (`id`)
) ENGINE=InnoDB DEFAULT CHARSET=utf8 COLLATE=utf8_unicode_ci;
/*!40101 SET character_set_client = @saved_cs_client */;

--
-- Dumping data for table `Schools`
--

LOCK TABLES `Schools` WRITE;
/*!40000 ALTER TABLE `Schools` DISABLE KEYS */;
/*!40000 ALTER TABLE `Schools` ENABLE KEYS */;
UNLOCK TABLES;

--
-- Table structure for table `SchoolsGames`
--

DROP TABLE IF EXISTS `SchoolsGames`;
/*!40101 SET @saved_cs_client     = @@character_set_client */;
/*!40101 SET character_set_client = utf8 */;
CREATE TABLE `SchoolsGames` (
  `id` int(11) NOT NULL AUTO_INCREMENT,
  `school_id` int(11) DEFAULT NULL,
  `game_id` int(10) unsigned DEFAULT NULL,
  `created` datetime DEFAULT NULL,
  `modified` datetime DEFAULT NULL,
  PRIMARY KEY (`id`),
  KEY `school_id` (`school_id`),
  KEY `game_id` (`game_id`),
  CONSTRAINT `SchoolsGames_ibfk_1` FOREIGN KEY (`school_id`) REFERENCES `Schools` (`id`),
  CONSTRAINT `SchoolsGames_ibfk_2` FOREIGN KEY (`game_id`) REFERENCES `games` (`id`)
) ENGINE=InnoDB DEFAULT CHARSET=utf8 COLLATE=utf8_unicode_ci;
/*!40101 SET character_set_client = @saved_cs_client */;

--
-- Dumping data for table `SchoolsGames`
--

LOCK TABLES `SchoolsGames` WRITE;
/*!40000 ALTER TABLE `SchoolsGames` DISABLE KEYS */;
/*!40000 ALTER TABLE `SchoolsGames` ENABLE KEYS */;
UNLOCK TABLES;

--
-- Table structure for table `User`
--

DROP TABLE IF EXISTS `User`;
/*!40101 SET @saved_cs_client     = @@character_set_client */;
/*!40101 SET character_set_client = utf8 */;
CREATE TABLE `User` (
  `id` int(11) NOT NULL AUTO_INCREMENT,
  `realm` varchar(512) DEFAULT NULL,
  `username` varchar(512) DEFAULT NULL,
  `password` varchar(512) NOT NULL,
  `credentials` text,
  `challenges` text,
  `email` varchar(512) NOT NULL,
  `emailVerified` tinyint(1) DEFAULT NULL,
  `verificationToken` varchar(512) DEFAULT NULL,
  `status` varchar(512) DEFAULT NULL,
  `created` datetime DEFAULT NULL,
  `lastUpdated` datetime DEFAULT NULL,
  PRIMARY KEY (`id`)
) ENGINE=InnoDB DEFAULT CHARSET=utf8;
/*!40101 SET character_set_client = @saved_cs_client */;

--
-- Dumping data for table `User`
--

LOCK TABLES `User` WRITE;
/*!40000 ALTER TABLE `User` DISABLE KEYS */;
/*!40000 ALTER TABLE `User` ENABLE KEYS */;
UNLOCK TABLES;

--
-- Table structure for table `city`
--

DROP TABLE IF EXISTS `city`;
/*!40101 SET @saved_cs_client     = @@character_set_client */;
/*!40101 SET character_set_client = utf8 */;
CREATE TABLE `city` (
  `id` int(11) unsigned NOT NULL AUTO_INCREMENT,
  `name` varchar(50) CHARACTER SET utf8 COLLATE utf8_unicode_ci DEFAULT NULL,
  `name_en` varchar(50) COLLATE utf8mb4_unicode_ci DEFAULT NULL,
  PRIMARY KEY (`id`)
) ENGINE=InnoDB AUTO_INCREMENT=1272 DEFAULT CHARSET=utf8mb4 COLLATE=utf8mb4_unicode_ci;
/*!40101 SET character_set_client = @saved_cs_client */;

--
-- Dumping data for table `city`
--

LOCK TABLES `city` WRITE;
/*!40000 ALTER TABLE `city` DISABLE KEYS */;
INSERT INTO `city` VALUES (1,'גמזו','GIMZO'),(2,'ירושלים','JERUSALEM'),(4,'אבו ג\'ווייעד ','ABU JUWEI\'ID'),(5,'אבו גוש','ABU GHOSH'),(6,'אבו סנאן','ABU SINAN'),(7,'אבו סריחאן ','ABU SUREIHAN'),(8,'אבו עבדון ','ABU  ABDUN'),(9,'אבו עמאר ','ABU  AMMAR'),(10,'אבו עמרה ','ABU  AMRE'),(11,'אבו קורינאת ','ABU QUREINAT'),(12,'אבו רובייעה ','ABU RUBEI\'A'),(13,'אבו רוקייק ','ABU RUQAYYEQ'),(14,'אבו תלול','ABU TULUL'),(15,'אבטין','IBTIN'),(16,'אבטליון','AVTALYON'),(17,'אביאל','AVI\'EL'),(18,'אביבים','AVIVIM'),(19,'אביגדור','AVIGEDOR'),(20,'אביחיל','AVIHAYIL'),(21,'אביטל','AVITAL'),(22,'אביעזר','AVI\'EZER'),(23,'אבירים','ABBIRIM'),(24,'אבן יהודה','EVEN YEHUDA'),(25,'אבן מנחם','EVEN MENAHEM'),(26,'אבן ספיר','EVEN SAPPIR'),(27,'אבן שמואל','EVEN SHEMU\'EL'),(28,'אבני איתן','AVNE ETAN'),(29,'אבני חפץ','AVNE HEFEZ'),(30,'אבנת','AVENAT'),(31,'אבשלום','AVSHALOM'),(32,'אדורה','ADORA'),(33,'אדירים','ADDIRIM'),(34,'אדמית','ADAMIT'),(35,'אדרת','ADDERET'),(36,'אודים','UDIM'),(37,'אודם','ODEM'),(38,'אוהד','OHAD'),(39,'אום אל-פחם','UMM AL-FAHM'),(40,'אום אל-קוטוף','UMM AL-QUTUF'),(41,'אום בטין','UMM BATIN'),(42,'אומן','OMEN'),(43,'אומץ','OMEZ'),(44,'אופקים','OFAQIM'),(45,'אור הגנוז','OR HAGANUZ'),(46,'אור הנר','OR HANER'),(47,'אור יהודה','OR YEHUDA'),(48,'אור עקיבא','OR AQIVA'),(49,'אורה','ORA'),(50,'אורות','OROT'),(51,'אורטל','ORTAL'),(52,'אורים','URIM'),(53,'אורנים','ORANIM'),(54,'אורנית','ORANIT'),(55,'אושה','USHA'),(56,'אזור','AZOR'),(57,'אחווה','AHAWA'),(58,'אחוזם','AHUZZAM'),(59,'אחוזת ברק','AHUZZAT BARAQ'),(60,'אחיהוד','AHIHUD'),(61,'אחיטוב','AHITUV'),(62,'אחיסמך','AHISAMAKH'),(63,'אחיעזר','AHI\'EZER'),(64,'אטרש ','ATRASH'),(65,'איבים','IBBIM'),(66,'אייל','EYAL'),(67,'איילת השחר','AYYELET HASHAHAR'),(68,'אילון','ELON'),(69,'אילות','ELOT'),(70,'אילניה','ILANIYYA'),(71,'אילת','ELAT'),(72,'אירוס','IRUS'),(73,'איתמר','ITAMAR'),(74,'איתן','ETAN'),(75,'איתנים','ETANIM'),(76,'אכסאל','IKSAL'),(77,'אל סייד','AL SAYYID'),(78,'אל-עזי','AL-AZY'),(79,'אל-עריאן','AL-ARYAN'),(80,'אל-רום','EL-ROM'),(81,'אלומה','ALUMMA'),(82,'אלומות','ALUMMOT'),(83,'אלון הגליל','ALLON HAGALIL'),(84,'אלון מורה','ELON MORE'),(85,'אלון שבות','ALLON SHEVUT'),(86,'אלוני אבא','ALLONE ABBA'),(87,'אלוני הבשן','ALLONE HABASHAN'),(88,'אלוני יצחק','ALLONE YIZHAQ'),(89,'אלונים','ALLONIM'),(90,'אלי-עד','ELI AL'),(91,'אליאב','ELIAV'),(92,'אליכין','ELYAKHIN'),(93,'אליפז','ELIFAZ'),(94,'אליפלט','ELIFELET'),(95,'אליקים','ELYAQIM'),(96,'אלישיב','ELYASHIV'),(97,'אלישמע','ELISHAMA'),(98,'אלמגור','ALMAGOR'),(99,'אלמוג','ALMOG'),(100,'אלעד','EL\'AD'),(101,'אלעזר','EL\'AZAR'),(102,'אלפי מנשה','ALFE MENASHE'),(103,'אלקוש','ELQOSH'),(104,'אלקנה','ELQANA'),(105,'אמונים','EMUNIM'),(106,'אמירים','AMIRIM'),(107,'אמנון','AMNUN'),(108,'אמציה','AMAZYA'),(109,'אניעם','ANI\'AM'),(110,'אסד ','ASAD'),(111,'אספר','ASEFAR'),(112,'אעבלין','I\'BILLIN'),(113,'אעצם ','A\'SAM'),(114,'אפיניש ','AFEINISH'),(115,'אפיק','AFIQ'),(116,'אפיקים','AFIQIM'),(117,'אפק','AFEQ'),(118,'אפרת','EFRAT'),(119,'ארבל','ARBEL'),(120,'ארגמן','ARGAMAN'),(121,'ארז','EREZ'),(122,'אריאל','ARI\'EL'),(123,'ארסוף','ARSUF'),(124,'אשבול','ESHBOL'),(125,'אשבל','NAHAL ESHBAL'),(126,'אשדוד','ASHDOD'),(127,'אשדות יעקב  ','ASHDOT YA\'AQOV(IHUD)'),(128,'אשדות יעקב  ','ASHDOT YA\'AQOV(ME\'UH'),(129,'אשחר','ESHHAR'),(130,'אשכולות','ESHKOLOT'),(131,'אשל הנשיא','ESHEL HANASI'),(132,'אשלים','ASHALIM'),(133,'אשקלון','ASHQELON'),(134,'אשרת','ASHERAT'),(135,'אשתאול','ESHTA\'OL'),(136,'אתגר','ETGAR'),(137,'באקה אל-גרביה','BAQA AL-GHARBIYYE'),(138,'באר אורה','BE\'ER ORA'),(139,'באר גנים','BEER GANNIM'),(140,'באר טוביה','BE\'ER TUVEYA'),(141,'באר יעקב','BE\'ER YA\'AQOV'),(142,'באר מילכה','BE\'ER MILKA'),(143,'באר שבע','BE\'ER SHEVA'),(144,'בארות יצחק','BE\'EROT YIZHAQ'),(145,'בארותיים','BE\'EROTAYIM'),(146,'בארי','BE\'ERI'),(147,'בוסתן הגליל','BUSTAN HAGALIL'),(148,'בועיינה-נוג\'ידאת','BU\'EINE-NUJEIDAT'),(149,'בוקעאתא','BUQ\'ATA'),(150,'בורגתה','BURGETA'),(151,'בחן','BAHAN'),(152,'בטחה','BITHA'),(153,'ביצרון','BIZZARON'),(154,'ביר אל-מכסור','BIR EL-MAKSUR'),(155,'ביר הדאג\'','BIR HADAGE'),(156,'ביריה','BIRIYYA'),(157,'בית אורן','BET OREN'),(158,'בית אל','BET EL'),(159,'בית אלעזרי','BET EL\'AZARI'),(160,'בית אלפא','BET ALFA'),(161,'בית אריה','BET ARYE'),(162,'בית ברל','BET BERL'),(163,'בית ג\'ן','BEIT JANN'),(164,'בית גוברין','BET GUVRIN'),(165,'בית גמליאל','BET GAMLI\'EL'),(166,'בית דגן','BET DAGAN'),(167,'בית הגדי','BET HAGADDI'),(168,'בית הלוי','BET HALEVI'),(169,'בית הלל','BET HILLEL'),(170,'בית העמק','BET HAEMEQ'),(171,'בית הערבה','BET HAARAVA'),(172,'בית השיטה','BET HASHITTA'),(173,'בית זיד','BET ZEID'),(174,'בית זית','BET ZAYIT'),(175,'בית זרע','BET ZERA'),(176,'בית חורון','BET HORON'),(177,'בית חירות','BET HERUT'),(178,'בית חלקיה','BET HILQIYYA'),(179,'בית חנן','BET HANAN'),(180,'בית חנניה','BET HANANYA'),(181,'בית חשמונאי','BET HASHMONAY'),(182,'בית יהושע','BET YEHOSHUA'),(183,'בית יוסף','BET YOSEF'),(184,'בית ינאי','BET YANNAY'),(185,'בית יצחק-שער חפר','BET YIZHAQ-SH. HEFER'),(186,'בית לחם הגלילית','BET LEHEM HAGELILIT'),(187,'בית מאיר','BET ME\'IR'),(188,'בית נחמיה','BET NEHEMYA'),(189,'בית ניר','BET NIR'),(190,'בית נקופה','BET NEQOFA'),(191,'בית עובד','BET OVED'),(192,'בית עוזיאל','BET UZZI\'EL'),(193,'בית עזרא','BET EZRA'),(194,'בית עריף','BET ARIF'),(195,'בית צבי','BET ZEVI'),(196,'בית קמה','BET QAMA'),(197,'בית קשת','BET QESHET'),(198,'בית רבן','BET RABBAN'),(199,'בית רימון','BET RIMMON'),(200,'בית שאן','BET SHE\'AN'),(201,'בית שמש','BET SHEMESH'),(202,'בית שערים','BET SHE\'ARIM'),(203,'בית שקמה','BET SHIQMA'),(204,'ביתן אהרן','BITAN AHARON'),(205,'ביתר עילית','BETAR ILLIT'),(206,'בלפוריה','BALFURIYYA'),(207,'בן זכאי','BEN ZAKKAY'),(208,'בן עמי','BEN AMMI'),(209,'בן שמן ','BEN SHEMEN(K.NO\'AR)'),(210,'בני ברק','BENE BERAQ'),(211,'בני דקלים','BNE DKALIM'),(212,'בני דרום','BENE DAROM'),(213,'בני דרור','BENE DEROR'),(214,'בני יהודה','BENE YEHUDA'),(215,'בני נצרים','BENE NEZARIM'),(216,'בני עטרות','BENE ATAROT'),(217,'בני עי\"ש','BENE AYISH'),(218,'בני ציון','BENE ZIYYON'),(219,'בני ראם','BENE RE\'EM'),(220,'בניה','BENAYA'),(221,'בנימינה','BINYAMINA'),(222,'בסמ\"ה','BASMA'),(223,'בסמת טבעון','BASMAT TAB\'UN'),(224,'בענה','BI NE'),(225,'בצרה','BAZRA'),(226,'בצת','BEZET'),(227,'בקוע','BEQOA'),(228,'בקעות','BEQA\'OT'),(229,'בר גיורא','BAR GIYYORA'),(230,'בר יוחאי','BAR YOHAY'),(231,'ברוכין','BRUKHIN'),(232,'ברור חיל','BEROR HAYIL'),(233,'ברוש','BEROSH'),(234,'ברכה','BERAKHA'),(235,'ברכיה','BEREKHYA'),(236,'ברעם','BAR\'AM'),(237,'ברק','BARAQ'),(238,'ברקאי','BARQAY'),(239,'ברקן','BARQAN'),(240,'ברקת','BAREQET'),(241,'בת הדר','BAT HADAR'),(242,'בת חן','BAT HEN'),(243,'בת חפר','BAT HEFER'),(244,'בת חצור','BAT HAZOR'),(245,'בת ים','BAT YAM'),(246,'בת עין','BAT AYIN'),(247,'בת שלמה','BAT SHELOMO'),(248,'ג\'דיידה-מכר','JUDEIDE-MAKER'),(249,'ג\'ולס','JULIS'),(250,'ג\'לג\'וליה','JALJULYE'),(251,'ג\'נאביב ','JUNNABIB'),(252,'ג\'סר א-זרקא','JISR AZ-ZARQA'),(253,'ג\'ש','JISH(GUSH HALAV)'),(254,'ג\'ת','JAAT'),(255,'גאולי תימן','GE\'ULE TEMAN'),(256,'גאולים','GE\'ULIM'),(257,'גאליה','GE\'ALYA'),(258,'גבולות','GEVULOT'),(259,'גבים','GEVIM'),(260,'גבע','GEVA'),(261,'גבע בנימין','GEVA BINYAMIN'),(262,'גבע כרמל','GEVA  KARMEL'),(263,'גבעולים','GIV\'OLIM'),(264,'גבעון החדשה','GIV\'ON HAHADASHA'),(265,'גבעות בר','GEVA\'OT BAR'),(266,'גבעת אבני','GIV\'AT AVNI'),(267,'גבעת אלה','GIV\'AT ELA'),(268,'גבעת ברנר','GIV\'AT BRENNER'),(269,'גבעת השלושה','GIV\'AT HASHELOSHA'),(270,'גבעת זאב','GIV\'AT ZE\'EV'),(271,'גבעת ח\"ן','GIV\'AT HEN'),(272,'גבעת חיים ','GIV\'AT HAYYIM(ME\'UHA'),(273,'גבעת יואב','GIV\'AT YO\'AV'),(274,'גבעת יערים','GIV\'AT YE\'ARIM'),(275,'גבעת ישעיהו','GIV\'AT YESHA\'YAHU'),(276,'גבעת כ\"ח','GIV\'AT KOAH'),(277,'גבעת ניל\"י','GIV\'AT NILI'),(278,'גבעת עוז','GIV\'AT OZ'),(279,'גבעת שמואל','GIV\'AT SHEMU\'EL'),(280,'גבעת שמש','GIV\'AT SHEMESH'),(281,'גבעת שפירא','GIV\'AT SHAPPIRA'),(282,'גבעתי','GIV\'ATI'),(283,'גבעתיים','GIV\'ATAYIM'),(284,'גברעם','GEVAR\'AM'),(285,'גבת','GEVAT'),(286,'גדות','GADOT'),(287,'גדיש','GADISH'),(288,'גדעונה','GID\'ONA'),(289,'גדרה','GEDERA'),(290,'גונן','GONEN'),(291,'גורן','GOREN'),(292,'גורנות הגליל','GORNOT HAGALIL'),(293,'גזית','GAZIT'),(294,'גזר','GEZER'),(295,'גיאה','GE\'A'),(296,'גיבתון','GIBBETON'),(297,'גיזו','GIZO'),(298,'גילון','GILON'),(299,'גילת','GILAT'),(300,'גינוסר','GINNOSAR'),(301,'גיניגר','GINNEGAR'),(302,'גינתון','GINNATON'),(303,'גיתה','GITTA'),(304,'גיתית','GITTIT'),(305,'גלאון','GAL\'ON'),(306,'גלגל','GILGAL'),(307,'גליל ים','GELIL YAM'),(308,'גלעד )אבן יצחק(','EVEN YIZHAQ(GAL\'ED)'),(310,'גן הדרום','GAN HADAROM'),(311,'גן השומרון','GAN HASHOMERON'),(312,'גן חיים','GAN HAYYIM'),(313,'גן יאשיה','GAN YOSHIYYA'),(314,'גן יבנה','GAN YAVNE'),(315,'גן נר','GAN NER'),(316,'גן שורק','GAN SOREQ'),(317,'גן שלמה','GAN SHELOMO'),(318,'גן שמואל','GAN SHEMU\'EL'),(319,'גנות','GANNOT'),(320,'גנות הדר','GANNOT HADAR'),(321,'גני הדר','GANNE HADAR'),(322,'גני טל','GANNE TAL'),(323,'גני יוחנן','GANNE YOHANAN'),(324,'גני מודיעין','GANNE MODIIN'),(325,'גני עם','GANNE AM'),(326,'גני תקווה','GANNE TIQWA'),(327,'געש','GA\'ASH'),(328,'געתון','GA\'TON'),(329,'גפן','GEFEN'),(330,'גרופית','GEROFIT'),(331,'גשור','GESHUR'),(332,'גשר','GESHER'),(333,'גשר הזיו','GESHER HAZIW'),(334,'גת ','GAT'),(335,'גת רימון','GAT RIMMON'),(336,'דאלית אל-כרמל','DALIYAT AL-KARMEL'),(337,'דבורה','DEVORA'),(338,'דבוריה','DABBURYE'),(339,'דבירה','DEVIRA'),(340,'דברת','DAVERAT'),(341,'דגניה א\'','DEGANYA ALEF'),(342,'דגניה ב\'','DEGANYA BET'),(343,'דוב\"ב','DOVEV'),(344,'דולב','DOLEV'),(345,'דור','DOR'),(346,'דורות','DOROT'),(347,'דחי','DAHI'),(348,'דייר אל-אסד','DEIR AL-ASAD'),(349,'דייר חנא','DEIR HANNA'),(350,'דייר ראפאת','DEIR RAFAT'),(351,'דימונה','DIMONA'),(352,'דישון','DISHON'),(353,'דליה','DALIYYA'),(354,'דלתון','DALTON'),(355,'דמיידה','DEMEIDE'),(356,'דן','DAN'),(357,'דפנה','DAFNA'),(358,'דקל','DEQEL'),(359,'דריג\'את','DERIG\'AT'),(360,'האון','HAON'),(361,'הבונים','HABONIM'),(362,'הגושרים','HAGOSHERIM'),(363,'הדר עם','HADAR AM'),(364,'הוד השרון','HOD HASHARON'),(365,'הודיה','HODIYYA'),(366,'הודיות','HODAYOT'),(367,'הוואשלה ','HAWASHLA'),(368,'הוזייל ','HUZAYYEL'),(369,'הושעיה','HOSHA\'AYA'),(370,'הזורע','HAZOREA'),(371,'הזורעים','HAZORE\'IM'),(372,'החותרים','HAHOTERIM'),(373,'היוגב','HAYOGEV'),(374,'הילה','HILLA'),(375,'המעפיל','HAMA\'PIL'),(376,'הסוללים','HASOLELIM'),(377,'העוגן','HAOGEN'),(378,'הר אדר','HAR ADAR'),(379,'הר גילה','HAR GILLO'),(380,'הר עמשא','HAR AMASA'),(381,'הראל','HAR\'EL'),(382,'הרדוף','HARDUF'),(383,'הרצליה','HERZELIYYA'),(384,'הררית','HARARIT'),(385,'ורד יריחו','WERED YERIHO'),(386,'ורדון','WARDON'),(387,'זבארגה ','ZABARGA'),(388,'זבדיאל','ZAVDI\'EL'),(389,'זוהר','ZOHAR'),(390,'זיקים','ZIQIM'),(391,'זיתן','ZETAN'),(392,'זכרון יעקב','ZIKHRON YA\'AQOV'),(393,'זכריה','ZEKHARYA'),(394,'זמר','ZEMER'),(395,'זמרת','ZIMRAT'),(396,'זנוח','ZANOAH'),(397,'זרועה','ZERU\'A'),(398,'זרזיר','ZARZIR'),(399,'זרחיה','ZERAHYA'),(400,'ח\'ואלד','KHAWALED'),(401,'ח\'ואלד ','KHAWALED'),(402,'חבצלת השרון','HAVAZZELET HASHARON'),(403,'חבר','HEVER'),(404,'חברון',''),(405,'חגור','HAGOR'),(406,'חגי','HAGGAI'),(407,'חגלה','HOGLA'),(408,'חד-נס','HAD-NES'),(409,'חדיד','HADID'),(410,'חדרה','HADERA'),(411,'חוג\'ייראת ','HUJEIRAT'),(412,'חולדה','HULDA'),(413,'חולון','HOLON'),(414,'חולית','HOLIT'),(415,'חולתה','HULATA'),(416,'חוסן','HOSEN'),(417,'חוסנייה','HUSSNIYYA'),(418,'חופית','HOFIT'),(419,'חוקוק','HUQOQ'),(420,'חורה','HURA'),(421,'חורפיש','HURFEISH'),(422,'חורשים','HORESHIM'),(423,'חזון','HAZON'),(424,'חיבת ציון','HIBBAT ZIYYON'),(425,'חיננית','HINNANIT'),(426,'חיפה','HAIFA'),(427,'חירות','HERUT'),(428,'חלוץ','HALUZ'),(429,'חלץ','HELEZ'),(430,'חמאם','HAMAM'),(431,'חמד','HEMED'),(432,'חמדיה','HAMADYA'),(433,'חמדת','NAHAL HEMDAT'),(434,'חמרה','HAMRA'),(435,'חניאל','HANNI\'EL'),(436,'חניתה','HANITA'),(437,'חנתון','HANNATON'),(438,'חספין','HASPIN'),(439,'חפץ חיים','HAFEZ HAYYIM'),(440,'חפצי-בה','HEFZI-BAH'),(441,'חצב','HAZAV'),(442,'חצבה','HAZEVA'),(443,'חצור הגלילית','HAZOR HAGELILIT'),(444,'חצור-אשדוד','HAZOR-ASHDOD'),(445,'חצר בארותיים','HAZAR BE\'EROTAYIM'),(446,'חצרות חולדה','HAZROT HULDA'),(447,'חצרות יסף','HAZROT YASAF'),(448,'חצרות כ\"ח','HAZROT KOAH'),(449,'חצרים','HAZERIM'),(450,'חרב לאת','HEREV LE\'ET'),(451,'חרוצים','HARUZIM'),(452,'חריש','HARISH'),(453,'חרמש','HERMESH'),(454,'חרשים','HARASHIM'),(455,'חשמונאים','HASHMONA\'IM'),(456,'טבריה','TIBERIAS'),(457,'טובא-זנגריה','TUBA-ZANGARIYYE'),(458,'טורעאן','TUR\'AN'),(459,'טייבה','TAYIBE'),(460,'טייבה )בעמק(','TAYIBE(BAEMEQ)'),(461,'טירה','TIRE'),(462,'טירת יהודה','TIRAT YEHUDA'),(463,'טירת כרמל','TIRAT KARMEL'),(464,'טירת צבי','TIRAT ZEVI'),(465,'טל שחר','TAL SHAHAR'),(466,'טל-אל','TAL-EL'),(467,'טללים','TELALIM'),(468,'טלמון','TALMON'),(469,'טמרה','TAMRA'),(470,'טמרה','TAMRA'),(471,'טנא','TENE'),(472,'טפחות','TEFAHOT'),(473,'יאנוח-ג\'ת','YANUH-JAT'),(474,'יבול','YEVUL'),(475,'יבנאל','YAVNE\'EL'),(476,'יבנה','YAVNE'),(477,'יגור','YAGUR'),(478,'יגל','YAGEL'),(479,'יד בנימין','YAD BINYAMIN'),(480,'יד השמונה','YAD HASHEMONA'),(481,'יד חנה','YAD HANNA'),(482,'יד מרדכי','YAD MORDEKHAY'),(483,'יד נתן','YAD NATAN'),(484,'יד רמב\"ם','YAD RAMBAM'),(485,'ידידה','YEDIDA'),(486,'יהוד-מונוסון','YEHUD-MONOSON'),(487,'יהל','YAHEL'),(488,'יובל','YUVAL'),(489,'יובלים','YUVALIM'),(490,'יודפת','YODEFAT'),(491,'יונתן','YONATAN'),(492,'יושיביה','YOSHIVYA'),(493,'יזרעאל','YIZRE\'EL'),(494,'יחיעם','YEHI\'AM'),(495,'יטבתה','YOTVATA'),(496,'ייט\"ב','YITAV'),(497,'יכיני','YAKHINI'),(498,'ינוב','YANUV'),(499,'ינון','YINNON'),(500,'יסוד המעלה','YESUD HAMA\'ALA'),(501,'יסודות','YESODOT'),(502,'יסעור','YAS\'UR'),(503,'יעד','YA\'AD'),(504,'יעל','YA\'EL'),(505,'יעף','YE\'AF'),(506,'יערה','YA\'ARA'),(507,'יפיע','YAFI'),(508,'יפית','YAFIT'),(509,'יפעת','YIF\'AT'),(510,'יפתח','YIFTAH'),(511,'יצהר','YIZHAR'),(512,'יציץ','YAZIZ'),(513,'יקום','YAQUM'),(514,'יקיר','YAQIR'),(515,'יקנעם ','YOQNE\'AM'),(516,'יקנעם עילית','YOQNE\'AM ILLIT'),(517,'יראון','YIR\'ON'),(518,'ירדנה','YARDENA'),(519,'ירוחם','YEROHAM'),(521,'ירחיב','YARHIV'),(522,'ירכא','YIRKA'),(523,'ירקונה','YARQONA'),(524,'ישע','YESHA'),(525,'ישעי','YISH\'I'),(526,'ישרש','YASHRESH'),(527,'יתד','YATED'),(528,'יתיר',''),(529,'כאבול','KABUL'),(530,'כאוכב אבו אל-היג\'א','KAOKAB ABU AL-HIJA'),(531,'כברי','KABRI'),(532,'כדורי','KADOORIE'),(533,'כדיתה','KADDITA'),(534,'כוכב השחר','KOKHAV HASHAHAR'),(535,'כוכב יאיר','KOKHAV YA\'IR'),(536,'כוכב יעקב','KOKHAV YA\'AQOV'),(537,'כוכב מיכאל','KOKHAV MIKHA\'EL'),(538,'כורזים','KORAZIM'),(539,'כחל','KAHAL'),(540,'כחלה','KOCHLEA'),(541,'כיסופים','KISSUFIM'),(542,'כישור','KISHOR'),(543,'כליל','KELIL'),(544,'כלנית','KALLANIT'),(545,'כמאנה',''),(546,'כמהין','KEMEHIN'),(547,'כמון','KAMMON'),(548,'כנות','KANNOT'),(549,'כנף','KANAF'),(550,'כנרת ','KINNERET(MOSHAVA)'),(551,'כסיפה','KUSEIFE'),(552,'כסלון','KESALON'),(553,'כסרא-סמיע','KISRA-SUMEI'),(554,'כעביה-טבאש-חג\'אג\'רה','KA\'ABIYYE-TABBASH-HA'),(555,'כפר אביב','KEFAR AVIV'),(556,'כפר אדומים','KEFAR ADUMMIM'),(557,'כפר אוריה','KEFAR URIYYA'),(558,'כפר אחים','KEFAR AHIM'),(559,'כפר ביאליק','KEFAR BIALIK'),(560,'כפר ביל\"ו','KEFAR BILU'),(561,'כפר בלום','KEFAR BLUM'),(562,'כפר בן נון','KEFAR BIN NUN'),(563,'כפר ברא','KAFAR BARA'),(564,'כפר ברוך','KEFAR BARUKH'),(565,'כפר גדעון','KEFAR GID\'ON'),(566,'כפר גלים','KEFAR GALLIM'),(567,'כפר גליקסון','KEFAR GLIKSON'),(568,'כפר גלעדי','KEFAR GIL\'ADI'),(569,'כפר דניאל','KEFAR DANIYYEL'),(570,'כפר האורנים','KEFAR HAORANIM'),(571,'כפר החורש','KEFAR HAHORESH'),(572,'כפר המכבי','KEFAR HAMAKKABI'),(573,'כפר הנגיד','KEFAR HANAGID'),(574,'כפר הנוער הדתי','KEFAR HANO\'AR HADATI'),(575,'כפר הנשיא','KEFAR HANASI'),(576,'כפר הס','KEFAR HESS'),(577,'כפר הרא\"ה','KEFAR HARO\'E'),(578,'כפר הרי\"ף','KEFAR HARIF'),(579,'כפר ויתקין','KEFAR VITKIN'),(580,'כפר ורבורג','KEFAR WARBURG'),(581,'כפר ורדים','KEFAR WERADIM'),(582,'כפר זוהרים','KEFAR ZOHARIM'),(583,'כפר זיתים','KEFAR ZETIM'),(584,'כפר חב\"ד','KEFAR HABAD'),(585,'כפר חושן','KEFAR HOSHEN'),(586,'כפר חיטים','KEFAR HITTIM'),(587,'כפר חיים','KEFAR HAYYIM'),(588,'כפר חנניה','KEFAR HANANYA'),(589,'כפר חסידים א\'','KEFAR HASIDIM ALEF'),(590,'כפר חסידים ב\'','KEFAR HASIDIM BET'),(591,'כפר חרוב','KEFAR HARUV'),(592,'כפר טרומן','KEFAR TRUMAN'),(593,'כפר יאסיף','KAFAR YASIF'),(594,'כפר ידידיה','YEDIDYA'),(595,'כפר יהושע','KEFAR YEHOSHUA'),(596,'כפר יונה','KEFAR YONA'),(597,'כפר יחזקאל','KEFAR YEHEZQEL'),(598,'כפר יעבץ','KEFAR YA\'BEZ'),(599,'כפר כמא','KAFAR KAMA'),(600,'כפר כנא','KAFAR KANNA'),(601,'כפר מונש','KEFAR MONASH'),(602,'כפר מימון','KEFAR MAYMON'),(603,'כפר מל\"ל','KEFAR MALAL'),(604,'כפר מנדא','KAFAR MANDA'),(605,'כפר מנחם','KEFAR MENAHEM'),(606,'כפר מסריק','KEFAR MASARYK'),(607,'כפר מצר','KAFAR MISR'),(608,'כפר מרדכי','KEFAR MORDEKHAY'),(609,'כפר נטר','KEFAR NETTER'),(610,'כפר סאלד','KEFAR SZOLD'),(611,'כפר סבא','KEFAR SAVA'),(612,'כפר סילבר','KEFAR SILVER'),(613,'כפר סירקין','KEFAR SIRKIN'),(614,'כפר עבודה','KEFAR AVODA'),(615,'כפר עזה','KEFAR AZZA'),(616,'כפר עציון','KEFAR EZYON'),(617,'כפר פינס','KEFAR PINES'),(618,'כפר קאסם','KAFAR QASEM'),(619,'כפר קיש','KEFAR KISH'),(620,'כפר קרע','KAFAR QARA'),(621,'כפר ראש הנקרה','KEFAR ROSH HANIQRA'),(622,'זרעית','ZAREET'),(623,'כפר רופין','KEFAR RUPPIN'),(624,'כפר רות','KEFAR RUT'),(625,'כפר שמאי','KEFAR SHAMMAY'),(626,'כפר שמואל','KEFAR SHEMU\'EL'),(627,'כפר שמריהו','KEFAR SHEMARYAHU'),(628,'כפר תבור','KEFAR TAVOR'),(629,'כפר תפוח','KEFAR TAPPUAH'),(630,'כרי דשא','KARE DESHE'),(631,'כרכום','KARKOM'),(632,'כרם בן זמרה','KEREM BEN ZIMRA'),(633,'כרם בן שמן','KEREM BEN SHEMEN'),(634,'כרם יבנה','KEREM YAVNE'),(635,'כרם מהר\"ל','KEREM MAHARAL'),(636,'כרם שלום','KEREM SHALOM'),(637,'כרמי יוסף','KARME YOSEF'),(638,'כרמי צור','KARME ZUR'),(639,'כרמי קטיף','KARME QATIF'),(640,'כרמיאל','KARMI\'EL'),(641,'כרמיה','KARMIYYA'),(642,'כרמים','KERAMIM'),(643,'כרמל','KARMEL'),(644,'לא רשום',''),(645,'לבון','LAVON'),(646,'לביא','LAVI'),(647,'לבנים','LIVNIM'),(648,'להב','LAHAV'),(649,'להבות הבשן','LAHAVOT HABASHAN'),(650,'להבות חביבה','LAHAVOT HAVIVA'),(651,'להבים','LEHAVIM'),(652,'לוד','LOD'),(653,'לוזית','LUZIT'),(654,'לוחמי הגיטאות','LOHAME HAGETA\'OT'),(655,'לוטם','LOTEM'),(656,'לוטן','LOTAN'),(657,'לימן','LIMAN'),(658,'לכיש','LAKHISH'),(659,'לפיד','LAPPID'),(660,'לפידות','LAPPIDOT'),(661,'לקיה','LAQYE'),(662,'מאור','MA\'OR'),(663,'מאיר שפיה','ME\'IR SHEFEYA'),(664,'מבוא ביתר','MEVO BETAR'),(665,'מבוא דותן','MEVO DOTAN'),(666,'מבוא חורון','MEVO HORON'),(667,'מבוא חמה','MEVO HAMMA'),(668,'מבוא מודיעים','MEVO MODI\'IM'),(669,'מבואות ים','MEVO\'OT YAM'),(670,'מבואות יריחו','MEVO\'OT YERIHO'),(671,'מבועים','MABBU\'IM'),(672,'מבטחים','MIVTAHIM'),(673,'מבקיעים','MAVQI\'IM'),(674,'מבשרת ציון','MEVASSERET ZIYYON'),(675,'מג\'ד אל-כרום','MAJD AL-KURUM'),(676,'מג\'דל שמס','MAJDAL SHAMS'),(677,'מגאר','MUGHAR'),(678,'מגדים','MEGADIM'),(679,'מגדל','MIGDAL'),(680,'מגדל העמק','MIGDAL HAEMEQ'),(681,'מגדל עוז','MIGDAL OZ'),(682,'מגדלים','MIGDALIM'),(683,'מגידו','MEGIDDO'),(684,'מגל','MAGGAL'),(685,'מגן','MAGEN'),(686,'מגן שאול','MAGEN SHA\'UL'),(687,'מגשימים','MAGSHIMIM'),(688,'מדרך עוז','MIDRAKH OZ'),(689,'מדרשת בן גוריון','MIDRESHET BEN GURION'),(690,'מדרשת רופין','MIDRESHET RUPPIN'),(691,'מודיעין עילית','MODI\'IN ILLIT'),(692,'מודיעין-מכבים-רעות','MODI\'IN-MAKKABBIM-RE'),(693,'מולדת','MOLEDET'),(694,'מוצא עילית','MOZA ILLIT'),(695,'מוקייבלה','MUQEIBLE'),(696,'מורן','MORAN'),(697,'מורשת','MORESHET'),(698,'מזור','MAZOR'),(699,'מזכרת בתיה','MAZKERET BATYA'),(700,'מזרע','MIZRA'),(701,'מזרעה','MAZRA\'A'),(702,'מחולה','MEHOLA'),(703,'מחנה הילה','MAHANE HILLA'),(704,'מחנה טלי','MAHANE TALI'),(705,'מחנה יהודית','MAHANE YEHUDIT'),(706,'מחנה יוכבד','MAHANE YOKHVED'),(707,'מחנה יפה','MAHANE YAFA'),(708,'מחנה יתיר','MAHANE YATTIR'),(709,'מחנה מרים','MAHANE MIRYAM'),(710,'מחנה תל נוף','MAHANE TEL NOF'),(711,'מחניים','MAHANAYIM'),(712,'מחסיה','MAHSEYA'),(713,'מטולה','METULA'),(714,'מטע','MATTA'),(715,'מי עמי','ME AMMI'),(716,'מיטב','METAV'),(717,'מייסר','MEISER'),(718,'מיצר','MEZAR'),(719,'מירב','MERAV'),(720,'מירון','MERON'),(721,'מישר','MESHAR'),(722,'מיתר','METAR'),(723,'מכורה','MEKHORA'),(724,'מכחול','MAKCHUL'),(725,'מכמורת','MIKHMORET'),(726,'מכמנים','MIKHMANNIM'),(727,'מלאה','MELE\'A'),(728,'מלילות','MELILOT'),(729,'מלכיה','MALKIYYA'),(730,'מלכישוע','MALKISHUA'),(731,'מנוחה','MENUHA'),(732,'מנוף','MANOF'),(733,'מנות','MANOT'),(734,'מנחמיה','MENAHEMYA'),(735,'מנרה','MENNARA'),(736,'מנשית זבדה','MANSHIYYET ZABDA'),(737,'מסד','MASSAD'),(738,'מסדה','MASSADA'),(739,'מסילות','MESILLOT'),(740,'מסילת ציון','MESILLAT ZIYYON'),(741,'מסלול','MASLUL'),(742,'מסעדה','MAS\'ADE'),(743,'מסעודין אל-עזאזמה','MAS\'UDIN AL-\'AZAZME'),(744,'מעברות','MA\'BAROT'),(745,'מעגלים','MA\'GALIM'),(746,'מעגן','MA\'AGAN'),(747,'מעגן מיכאל','MA\'AGAN MIKHA\'EL'),(748,'מעוז חיים','MA\'OZ HAYYIM'),(749,'מעון','MA\'ON'),(750,'מעונה','ME\'ONA'),(751,'מעיליא','MI\'ELYA'),(752,'מעין ברוך','MA\'YAN BARUKH'),(753,'מעין צבי','MA\'YAN ZEVI'),(754,'מעלה אדומים','MA\'ALE ADUMMIM'),(755,'מעלה אפרים','MA\'ALE EFRAYIM'),(756,'מעלה גלבוע','MA\'ALE GILBOA'),(757,'מעלה גמלא','MA\'ALE GAMLA'),(758,'מעלה החמישה','MA\'ALE HAHAMISHA'),(759,'מעלה לבונה','MA\'ALE LEVONA'),(760,'מעלה מכמש','MA\'ALE MIKHMAS'),(761,'מעלה עירון','MA\'ALE IRON'),(762,'מעלה עמוס','MA\'ALE AMOS'),(763,'מעלה שומרון','MA\'ALE SHOMERON'),(764,'מעלות-תרשיחא','MA\'ALOT-TARSHIHA'),(765,'מענית','MA\'ANIT'),(766,'מעש','MA\'AS'),(767,'מפלסים','MEFALLESIM'),(768,'מצדות יהודה','MEZADOT YEHUDA'),(769,'מצובה','MAZZUVA'),(770,'מצליח','MAZLIAH'),(771,'מצפה','MIZPA'),(772,'מצפה אבי\"ב','MIZPE AVIV'),(773,'מצפה אילן','MITSPE ILAN'),(774,'מצפה יריחו','MIZPE YERIHO'),(775,'מצפה נטופה','MIZPE NETOFA'),(776,'מצפה רמון','MIZPE RAMON'),(777,'מצפה שלם','MIZPE SHALEM'),(778,'מצר','MEZER'),(779,'מקווה ישראל','MIQWE YISRA\'EL'),(780,'מרגליות','MARGALIYYOT'),(781,'מרום גולן','MEROM GOLAN'),(782,'מרחב עם','MERHAV AM'),(783,'מרחביה ','MERHAVYA'),(784,'מרחביה ','MERHAVYA'),(785,'מרכז שפירא','MERKAZ SHAPPIRA'),(786,'משאבי שדה','MASH\'ABBE SADE'),(787,'משגב דב','MISGAV DOV'),(788,'משגב עם','MISGAV AM'),(789,'משהד','MESHHED'),(790,'משואה','MASSU\'A'),(791,'משואות יצחק','MASSUOT YIZHAQ'),(792,'משכיות','MASKIYYOT'),(793,'משמר איילון','MISHMAR AYYALON'),(794,'משמר דוד','MISHMAR DAWID'),(795,'משמר הירדן','MISHMAR HAYARDEN'),(796,'משמר הנגב','MISHMAR HANEGEV'),(797,'משמר העמק','MISHMAR HAEMEQ'),(798,'משמר השבעה','MISHMAR HASHIV\'A'),(799,'משמר השרון','MISHMAR HASHARON'),(800,'משמרות','MISHMAROT'),(801,'משמרת','MISHMERET'),(802,'משען','MASH\'EN'),(803,'מתן','MATTAN'),(804,'מתת','MATTAT'),(805,'מתתיהו','MATTITYAHU'),(806,'נאות גולן','NE\'OT GOLAN'),(807,'נאות הכיכר','NE\'OT HAKIKKAR'),(808,'נאות מרדכי','NE\'OT MORDEKHAY'),(809,'נאות סמדר','SHIZZAFON'),(810,'נאעורה','NA\'URA'),(811,'נבטים','NEVATIM'),(812,'נגבה','NEGBA'),(813,'נגוהות','NEGOHOT'),(814,'נהורה','NEHORA'),(815,'נהלל','NAHALAL'),(816,'נהריה','NAHARIYYA'),(817,'נוב','NOV'),(818,'נוגה','NOGAH'),(819,'נוה צוף','NEVE TSUF'),(820,'נווה','NAVE'),(821,'נווה אבות','NEWE AVOT'),(822,'נווה אור','NEWE UR'),(823,'נווה אטי\"ב','NEWE ATIV'),(824,'נווה אילן','NEWE ILAN'),(825,'נווה איתן','NEWE ETAN'),(826,'נווה דניאל','NEWE DANIYYEL'),(827,'נווה זוהר','NEWE ZOHAR'),(828,'נווה זיו','NEWE ZIV'),(829,'נווה חריף','NEWE HARIF'),(830,'נווה ים','NEWE YAM'),(831,'נווה ימין','NEWE YAMIN'),(832,'נווה ירק','NEWE YARAQ'),(833,'נווה מבטח','NEWE MIVTAH'),(834,'נווה מיכאל','NEWE MIKHA\'EL'),(835,'נווה שלום','NEWE SHALOM'),(836,'נועם','NO\'AM'),(837,'נוף איילון','NOF AYYALON'),(838,'נוף הגליל','NOF HAGALIL'),(839,'נופים','NOFIM'),(840,'נופית','NOFIT'),(841,'נופך','NOFEKH'),(842,'נוקדים','NOQEDIM'),(843,'נורדיה','NORDIYYA'),(844,'נורית','NURIT'),(845,'נחושה','NEHUSHA'),(846,'נחל עוז','NAHAL OZ'),(847,'נחלה','NAHALA'),(848,'נחליאל','NAHALI\'EL'),(849,'נחלים','NEHALIM'),(850,'נחם','NAHAM'),(851,'נחף','NAHEF'),(852,'נחשולים','NAHSHOLIM'),(853,'נחשון','NAHSHON'),(854,'נחשונים','NAHSHONIM'),(855,'נטועה','NETU\'A'),(856,'נטור','NATUR'),(857,'נטע','NETA'),(858,'נטעים','NETA\'IM'),(859,'נטף','NATAF'),(860,'ניין','NEIN'),(861,'ניל\"י','NILI'),(862,'ניצן','NIZZAN'),(863,'ניצן ב\'','NIZZAN B'),(864,'ניצנה','NIZZANA'),(865,'ניצני סיני','NIZZANE SINAY'),(866,'ניצני עוז','NIZZANE OZ'),(867,'ניצנים','NIZZANIM'),(868,'ניר אליהו','NIR ELIYYAHU'),(869,'ניר בנים','NIR BANIM'),(870,'ניר גלים','NIR GALLIM'),(871,'ניר דוד','NIR DAWID'),(872,'ניר ח\"ן','NIR HEN'),(873,'ניר יפה','NIR YAFE'),(874,'ניר יצחק','NIR YIZHAQ'),(875,'ניר ישראל','NIR YISRA\'EL'),(876,'ניר משה','NIR MOSHE'),(877,'ניר עוז','NIR OZ'),(878,'ניר עם','NIR AM'),(879,'ניר עציון','NIR EZYON'),(880,'ניר עקיבא','NIR AQIVA'),(881,'ניר צבי','NIR ZEVI'),(882,'נירים','NIRIM'),(883,'נירית','NIRIT'),(884,'נמרוד','NIMROD'),(885,'נס הרים','NES HARIM'),(886,'נס עמים','NES AMMIM'),(887,'נס ציונה','NES ZIYYONA'),(888,'נעורים','NE\'URIM'),(889,'נעלה','NA\'ALE'),(890,'נעמ\"ה','NAAMA'),(891,'נען','NA\'AN'),(892,'נערן','NA\'ARAN'),(893,'נצאצרה ','NASASRA'),(894,'נצר חזני','NEZER HAZZANI'),(895,'נצר סרני','NEZER SERENI'),(896,'נצרת','NAZARETH'),(897,'נשר','NESHER'),(898,'נתיב הגדוד','NETIV HAGEDUD'),(899,'נתיב הל\"ה','NETIV HALAMED-HE'),(900,'נתיב העשרה','NETIV HAASARA'),(901,'נתיב השיירה','NETIV HASHAYYARA'),(902,'נתיבות','NETIVOT'),(903,'נתניה','NETANYA'),(904,'סאג\'ור','SAJUR'),(905,'סאסא','SASA'),(906,'סביון','SAVYON'),(907,'סגולה','SEGULA'),(908,'סואעד','SAWA\'ID'),(909,'סואעד','SAWA\'ID'),(910,'סולם','SULAM'),(911,'סוסיה','SUSEYA'),(912,'סופה','SUFA'),(913,'סח\'נין','SAKHNIN'),(914,'סייד ','SAYYID'),(915,'סלמה','SALLAMA'),(916,'סלעית','SAL\'IT'),(917,'סמר','SAMAR'),(918,'סנסנה',''),(919,'סעד','SA\'AD'),(920,'סעוה','SA\'WA'),(921,'סער','SA\'AR'),(922,'ספיר','SAPPIR'),(923,'סתריה','SITRIYYA'),(924,'ע\'ג\'ר','GHAJAR'),(925,'עבדון','AVDON'),(926,'עברון','EVRON'),(927,'עגור','AGUR'),(928,'עדי','ADI'),(929,'עדנים','ADANIM'),(930,'עוזה','UZA'),(931,'עוזייר','UZEIR'),(932,'עולש','OLESH'),(933,'עומר','OMER'),(934,'עופר','OFER'),(935,'עופרה','OFRA'),(936,'עוצם','OZEM'),(937,'עוקבי','UQBI'),(938,'עזוז','EZUZ'),(939,'עזר','EZER'),(940,'עזריאל','AZRI\'EL'),(941,'עזריה','AZARYA'),(942,'עזריקם','AZRIQAM'),(943,'עטאוונה ','ATAWNE'),(944,'עטרת','ATERET'),(945,'עידן','IDDAN'),(946,'עיילבון','EILABUN'),(947,'עיינות','AYANOT'),(948,'עילוט','ILUT'),(949,'עין איילה','EN AYYALA'),(950,'עין אל-אסד','EIN AL-ASAD'),(951,'עין גב','EN GEV'),(952,'עין גדי','EN GEDI'),(953,'עין דור','EN DOR'),(954,'עין הבשור','EN HABESOR'),(955,'עין הוד','EN HOD'),(956,'עין החורש','EN HAHORESH'),(957,'עין המפרץ','EN HAMIFRAZ'),(958,'עין הנצי\"ב','EN HANAZIV'),(959,'עין העמק','EN HAEMEQ'),(960,'עין השופט','EN HASHOFET'),(961,'עין השלושה','EN HASHELOSHA'),(962,'עין ורד','EN WERED'),(963,'עין זיוון','EN ZIWAN'),(964,'עין חוד','EIN HOD'),(965,'עין חצבה','EN HAZEVA'),(966,'עין חרוד ','EN HAROD (IHUD)'),(967,'עין חרוד ','EN HAROD(ME\'UHAD)'),(968,'עין יהב','EN YAHAV'),(969,'עין יעקב','EN YA\'AQOV'),(970,'עין כרם','EN KAREM'),(971,'עין כרמל','EN KARMEL'),(972,'עין מאהל','EIN MAHEL'),(973,'עין נקובא','EIN NAQQUBA'),(974,'עין עירון','EN IRON'),(975,'עין צורים','EN ZURIM'),(976,'עין קנייא','EIN QINIYYE'),(977,'עין ראפה','EIN RAFA'),(978,'עין שמר','EN SHEMER'),(979,'עין שריד','EN SARID'),(980,'עין תמר','EN TAMAR'),(981,'עינת','ENAT'),(982,'עיר אובות','IR OVOT'),(983,'עכו','AKKO'),(984,'עלומים','ALUMIM'),(985,'עלי','ELI'),(986,'עלי זהב','ALE ZAHAV'),(987,'עלמה','ALMA'),(988,'עלמון','ALMON'),(989,'עמוקה','AMUQQA'),(990,'עמיחי','AMMIHAY'),(991,'עמינדב','AMMINADAV'),(992,'עמיעד','AMMI\'AD'),(993,'עמיעוז','AMMI\'OZ'),(994,'עמיקם','AMMIQAM'),(995,'עמיר','AMIR'),(996,'עמנואל','IMMANU\'EL'),(997,'עמקה','AMQA'),(998,'ענב','ENAV'),(999,'עספיא','ISIFYA'),(1000,'עפולה','AFULA'),(1001,'עץ אפרים','EZ EFRAYIM'),(1002,'עצמון שגב','ATSMON-SEGEV'),(1003,'עראבה','ARRABE'),(1004,'עראמשה','ARAMSHA'),(1005,'ערב אל נעים','ARRAB AL NAIM'),(1006,'ערד','ARAD'),(1007,'ערוגות','ARUGOT'),(1008,'ערערה','AR\'ARA'),(1009,'ערערה-בנגב','AR\'ARA-BANEGEV'),(1010,'עשרת','ASERET'),(1011,'עתלית','ATLIT'),(1012,'עתניאל','OTNI\'EL'),(1013,'פארן','PARAN'),(1014,'פדואל','PEDU\'EL'),(1015,'פדויים','PEDUYIM'),(1016,'פדיה','PEDAYA'),(1017,'פוריה ','PORIYYA'),(1018,'פוריה עילית','PORIYYA ILLIT'),(1019,'פוריידיס','FUREIDIS'),(1020,'פורת','PORAT'),(1021,'פטיש','PATTISH'),(1022,'פלך','PELEKH'),(1023,'פלמחים','PALMAHIM'),(1024,'פני חבר','PENE HEVER'),(1025,'פסגות','PESAGOT'),(1026,'פסוטה','FASSUTA'),(1027,'פעמי תש\"ז','PA\'AME TASHAZ'),(1028,'פצאל','PEZA\'EL'),(1029,'פקיעין','PEQI\'IN'),(1030,'פקיעין חדשה','PEQI\'IN HADASHA'),(1031,'פרדס חנה-כרכור','PARDES HANNA-KARKUR'),(1032,'פרדסיה','PARDESIYYA'),(1033,'פרוד','PAROD'),(1034,'פרזון','PERAZON'),(1035,'פרי גן','PERI GAN'),(1036,'פתח תקווה','PETAH TIQWA'),(1037,'פתחיה','PETAHYA'),(1038,'צאלים','ZE\'ELIM'),(1039,'צביה','ZVIYYA'),(1040,'צבעון','ZIV\'ON'),(1041,'צובה','ZOVA'),(1042,'צוחר','ZOHAR'),(1043,'צופיה','ZOFIYYA'),(1044,'צופים','ZUFIN'),(1045,'צופית','ZOFIT'),(1046,'צופר','ZOFAR'),(1047,'צוקי ים','SHOSHANNAT HAAMAQIM('),(1048,'צוקים','MAHANE BILDAD'),(1049,'צור הדסה','ZUR HADASSA'),(1050,'צור יצחק','ZUR YIZHAQ'),(1051,'צור משה','ZUR MOSHE'),(1052,'צור נתן','ZUR NATAN'),(1053,'צוריאל','ZURI\'EL'),(1054,'צורית','ZURIT'),(1055,'ציפורי','ZIPPORI'),(1056,'צלפון','ZELAFON'),(1057,'צנדלה','SANDALA'),(1058,'צפריה','ZAFRIYYA'),(1059,'צפרירים','ZAFRIRIM'),(1060,'צפת','ZEFAT'),(1061,'צרופה','ZERUFA'),(1062,'צרעה','ZOR\'A'),(1063,'קבועה ','QABBO\'A'),(1064,'קבוצת יבנה','QEVUZAT YAVNE'),(1065,'קדומים','QEDUMIM'),(1066,'קדימה-צורן','QADIMA-ZORAN'),(1067,'קדמה','QEDMA'),(1068,'קדמת צבי','QIDMAT ZEVI'),(1069,'קדר','QEDAR'),(1070,'קדרון','QIDRON'),(1071,'קדרים','QADDARIM'),(1072,'קודייראת א-צאנע','QUDEIRAT AS-SANI'),(1073,'קוואעין ','QAWA\'IN'),(1074,'קוממיות','QOMEMIYYUT'),(1075,'קורנית','QORANIT'),(1076,'קטורה','QETURA'),(1077,'קיסריה','QESARIYYA'),(1078,'קלחים','QELAHIM'),(1079,'קליה','QALYA'),(1080,'קלנסווה','QALANSAWE'),(1081,'קלע','QELA'),(1082,'קציר','QAZIR'),(1083,'קצר א-סר',''),(1084,'קצרין','QAZRIN'),(1085,'קרית אונו','QIRYAT ONO'),(1086,'קרית ארבע','QIRYAT ARBA'),(1087,'קרית אתא','QIRYAT ATTA'),(1088,'קרית ביאליק','QIRYAT BIALIK'),(1089,'קרית גת','QIRYAT GAT'),(1090,'קרית טבעון','QIRYAT TIV\'ON'),(1091,'קרית ים','QIRYAT YAM'),(1092,'קרית יערים','QIRYAT YE\'ARIM'),(1093,'קרית מוצקין','QIRYAT MOTZKIN'),(1094,'קרית מלאכי','QIRYAT MAL\'AKHI'),(1095,'קרית נטפים','QIRYAT NETAFIM'),(1096,'קרית ענבים','QIRYAT ANAVIM'),(1097,'קרית עקרון','QIRYAT EQRON'),(1098,'קרית שלמה','QIRYAT SHELOMO'),(1099,'קרית שמונה','QIRYAT SHEMONA'),(1100,'קרני שומרון','QARNE SHOMERON'),(1101,'קשת','QESHET'),(1102,'ראמה','RAME'),(1103,'ראס אל-עין','RAS AL-EIN'),(1104,'ראס עלי','RAS ALI'),(1105,'ראש העין','ROSH HAAYIN'),(1106,'ראש פינה','ROSH PINNA'),(1107,'ראש צורים','ROSH ZURIM'),(1108,'ראשון לציון','RISHON LEZIYYON'),(1109,'רבבה','REVAVA'),(1110,'רבדים','REVADIM'),(1111,'רביבים','REVIVIM'),(1112,'רביד','RAVID'),(1113,'רגבה','REGBA'),(1114,'רגבים','REGAVIM'),(1115,'רהט','RAHAT'),(1116,'רווחה','REWAHA'),(1117,'רוויה','REWAYA'),(1118,'רוח מדבר','RUAH MIDBAR'),(1119,'רוחמה','RUHAMA'),(1120,'רומאנה','RUMMANE'),(1121,'רומת הייב','RUMAT HEIB'),(1122,'רועי','RO\'I'),(1123,'רותם','ROTEM'),(1124,'רחוב','REHOV'),(1125,'רחובות','REHOVOT'),(1126,'רחלים','REHELIM'),(1127,'ריחאניה','REIHANIYYE'),(1128,'ריחן','REHAN'),(1129,'ריינה','REINE'),(1130,'רימונים','RIMMONIM'),(1131,'רינתיה','RINNATYA'),(1132,'רכסים','REKHASIM'),(1133,'רם-און','RAM-ON'),(1134,'רמות','RAMOT'),(1135,'רמות השבים','RAMOT HASHAVIM'),(1136,'רמות מאיר','RAMOT ME\'IR'),(1137,'רמות מנשה','RAMOT MENASHE'),(1138,'רמות נפתלי','RAMOT NAFTALI'),(1139,'רמלה','RAMLA'),(1140,'רמת גן','RAMAT GAN'),(1141,'רמת דוד','RAMAT DAWID'),(1142,'רמת הכובש','RAMAT HAKOVESH'),(1143,'רמת השופט','RAMAT HASHOFET'),(1144,'רמת השרון','RAMAT HASHARON'),(1145,'רמת יוחנן','RAMAT YOHANAN'),(1146,'רמת ישי','RAMAT YISHAY'),(1147,'רמת מגשימים','RAMAT MAGSHIMIM'),(1148,'רמת צבי','RAMAT ZEVI'),(1149,'רמת רזיאל','RAMAT RAZI\'EL'),(1150,'רמת רחל','RAMAT RAHEL'),(1151,'רנן','RANNEN'),(1152,'רעים','RE\'IM'),(1153,'רעננה','RA\'ANANA'),(1154,'רקפת','RAQEFET'),(1155,'רשפון','RISHPON'),(1156,'רשפים','RESHAFIM'),(1157,'רתמים','RETAMIM'),(1158,'שאר ישוב','SHE\'AR YASHUV'),(1159,'שבי דרום','SHAVE DAROM'),(1160,'שבי ציון','SHAVE ZIYYON'),(1161,'שבי שומרון','SHAVE SHOMERON'),(1162,'שבלי - אום אל-גנם','SHIBLI'),(1163,'שגב-שלום','SEGEV-SHALOM'),(1164,'שדה אילן','SEDE ILAN'),(1165,'שדה אליהו','SEDE ELIYYAHU'),(1166,'שדה אליעזר','SEDE ELI\'EZER'),(1167,'שדה בוקר','SEDE BOQER'),(1168,'שדה דוד','SEDE DAWID'),(1169,'שדה ורבורג','SEDE WARBURG'),(1170,'שדה יואב','SEDE YO\'AV'),(1171,'שדה יעקב','SEDE YA\'AQOV'),(1172,'שדה יצחק','SEDE YIZHAQ'),(1173,'שדה משה','SEDE MOSHE'),(1174,'שדה נחום','SEDE NAHUM'),(1175,'שדה נחמיה','SEDE NEHEMYA'),(1176,'שדה ניצן','SEDE NIZZAN'),(1177,'שדה עוזיהו','SEDE UZZIYYAHU'),(1178,'שדה צבי','SEDE ZEVI'),(1179,'שדות ים','SEDOT YAM'),(1180,'שדות מיכה','SEDOT MIKHA'),(1181,'שדי אברהם','SEDE AVRAHAM'),(1182,'שדי חמד','SEDE HEMED'),(1183,'שדי תרומות','SEDE TERUMOT'),(1184,'שדמה','SHEDEMA'),(1185,'שדמות דבורה','SHADMOT DEVORA'),(1186,'שדמות מחולה','SHADMOT MEHOLA'),(1187,'שדרות','SEDEROT'),(1188,'שואבה','SHO\'EVA'),(1189,'שובה','SHUVA'),(1190,'שובל','SHOVAL'),(1191,'שוהם','SHOHAM'),(1192,'שומרה','SHOMERA'),(1193,'שומריה','SHOMERIYYA'),(1194,'שוקדה','SHOQEDA'),(1195,'שורש','SHORESH'),(1196,'שורשים','SHORASHIM'),(1197,'שושנת העמקים','SHOSHANNAT HAAMAQIM'),(1198,'שזור','SHEZOR'),(1199,'שחר','SHAHAR'),(1200,'שחרות','SHAHARUT'),(1201,'שיבולים','SHIBBOLIM'),(1202,'שיטים','NAHAL SHITTIM'),(1203,'שייח\' דנון','SHEIKH DANNUN'),(1204,'שילה','SHILO'),(1205,'שילת','SHILAT'),(1206,'שכניה','SHEKHANYA'),(1207,'שלווה','SHALWA'),(1208,'שלווה במדבר','SHALVA BAMIDBAR'),(1209,'שלוחות','SHELUHOT'),(1210,'שלומי','SHELOMI'),(1211,'שלומית','SHLOMIT'),(1212,'שמיר','SHAMIR'),(1213,'שמעה','SHIM\'A'),(1214,'שמרת','SHAMERAT'),(1215,'שמשית','SHIMSHIT'),(1216,'שני','SHANI'),(1217,'שניר','SENIR'),(1218,'שעב','SHA\'AB'),(1219,'שעורים','SE\'ORIM'),(1220,'שעל','SHA\'AL'),(1221,'שעלבים','SHA\'ALVIM'),(1222,'שער אפרים','SHA\'AR EFRAYIM'),(1223,'שער הגולן','SHA\'AR HAGOLAN'),(1224,'שער העמקים','SHA\'AR HAAMAQIM'),(1225,'שער מנשה','SHA\'AR MENASHE'),(1226,'שערי תקווה','SHA\'ARE TIQWA'),(1227,'שפיים','SHEFAYIM'),(1228,'שפיר','SHAFIR'),(1229,'שפר','SHEFER'),(1230,'שפרעם','SHEFAR\'AM'),(1231,'שקד','SHAQED'),(1232,'שקף','SHEQEF'),(1233,'שרונה','SHARONA'),(1234,'שריגים','SRIGIM'),(1235,'שריד','SARID'),(1236,'שרשרת','SHARSHERET'),(1237,'שתולה','SHETULA'),(1238,'שתולים','SHETULIM'),(1239,'תאשור','TE\'ASHUR'),(1240,'תדהר','TIDHAR'),(1241,'תובל','TUVAL'),(1242,'תומר','TOMER'),(1243,'תושיה','TUSHIYYA'),(1244,'תימורים','TIMMORIM'),(1245,'תירוש','TIROSH'),(1246,'תל אביב - יפו','TEL AVIV - YAFO'),(1247,'תל יוסף','TEL YOSEF'),(1248,'תל יצחק','TEL YIZHAQ'),(1249,'תל מונד','TEL MOND'),(1250,'תל עדשים','TEL ADASHIM'),(1251,'תל קציר','TEL QAZIR'),(1252,'תל שבע','TEL SHEVA'),(1253,'תל תאומים','TEL TE\'OMIM'),(1254,'תלם','TELEM'),(1255,'תלמי אליהו','TALME ELIYYAHU'),(1256,'תלמי אלעזר','TALME EL\'AZAR'),(1257,'תלמי ביל\"ו','TALME BILU'),(1258,'תלמי יוסף','TALME YOSEF'),(1259,'תלמי יחיאל','TALME YEHI\'EL'),(1260,'תלמי יפה','TALME YAFE'),(1261,'תלמים','TELAMIM'),(1262,'תמרת','TIMRAT'),(1263,'תנובות','TENUVOT'),(1264,'תעוז','TA\'OZ'),(1265,'תפרח','TIFRAH'),(1266,'תקומה','TEQUMA'),(1267,'תקוע','TEQOA'),(1268,'תראבין א-צאנע ','TARABIN AS-SANI'),(1269,'תרום','TARUM'),(1270,'תל אביב','TEL AVIV'),(1271,'יפו','YAFO');
/*!40000 ALTER TABLE `city` ENABLE KEYS */;
UNLOCK TABLES;

--
-- Table structure for table `games`
--

DROP TABLE IF EXISTS `games`;
/*!40101 SET @saved_cs_client     = @@character_set_client */;
/*!40101 SET character_set_client = utf8 */;
CREATE TABLE `games` (
  `id` int(10) unsigned NOT NULL AUTO_INCREMENT,
  `owner_id` int(11) NOT NULL,
  `title` varchar(255) CHARACTER SET utf8 COLLATE utf8_unicode_ci DEFAULT NULL,
  `played_num` int(10) unsigned NOT NULL DEFAULT '0',
  `description` text COLLATE utf8mb4_unicode_ci,
  `school_name` varchar(100) CHARACTER SET utf8 COLLATE utf8_unicode_ci DEFAULT NULL,
  `created` datetime DEFAULT CURRENT_TIMESTAMP,
  `published` datetime DEFAULT NULL,
  `img_id` int(10) unsigned DEFAULT '0',
  PRIMARY KEY (`id`),
  KEY `owner_id` (`owner_id`),
  KEY `img_id` (`img_id`)
) ENGINE=InnoDB AUTO_INCREMENT=2 DEFAULT CHARSET=utf8mb4 COLLATE=utf8mb4_unicode_ci;
/*!40101 SET character_set_client = @saved_cs_client */;

--
-- Dumping data for table `games`
--

LOCK TABLES `games` WRITE;
/*!40000 ALTER TABLE `games` DISABLE KEYS */;
/*!40000 ALTER TABLE `games` ENABLE KEYS */;
UNLOCK TABLES;

--
-- Table structure for table `isolated`
--

DROP TABLE IF EXISTS `isolated`;
/*!40101 SET @saved_cs_client     = @@character_set_client */;
/*!40101 SET character_set_client = utf8 */;
CREATE TABLE `isolated` (
  `id` int(11) NOT NULL AUTO_INCREMENT,
  `userIsolatedId` int(10) unsigned NOT NULL,
  `public_phone` tinyint(3) unsigned DEFAULT '0',
  `public_meeting` tinyint(3) unsigned DEFAULT '0',
  `meeting_time` datetime DEFAULT NULL,
  `blowerMeetingId` int(11) DEFAULT NULL,
  PRIMARY KEY (`id`)
) ENGINE=InnoDB AUTO_INCREMENT=70 DEFAULT CHARSET=utf8;
/*!40101 SET character_set_client = @saved_cs_client */;

--
-- Dumping data for table `isolated`
--

LOCK TABLES `isolated` WRITE;
/*!40000 ALTER TABLE `isolated` DISABLE KEYS */;
INSERT INTO `isolated` VALUES (8,24,1,1,NULL,NULL),(9,26,1,0,NULL,NULL),(11,31,1,1,NULL,NULL),(12,34,1,1,NULL,NULL),(13,37,1,1,NULL,NULL),(14,52,1,0,NULL,NULL),(17,75,1,1,NULL,NULL),(21,98,1,0,NULL,NULL),(22,99,1,0,NULL,NULL),(23,100,1,0,NULL,NULL),(24,101,1,1,NULL,NULL),(25,103,1,1,NULL,NULL),(26,104,1,0,NULL,NULL),(28,108,0,1,NULL,NULL),(31,111,1,0,NULL,NULL),(35,126,1,1,NULL,NULL),(36,129,1,1,NULL,NULL),(37,130,1,0,NULL,NULL),(38,132,1,1,NULL,NULL),(40,131,1,0,NULL,NULL),(41,147,1,1,NULL,NULL),(42,139,1,1,NULL,48),(43,148,1,1,NULL,49),(45,174,1,1,NULL,53),(46,184,1,0,NULL,NULL),(47,191,1,1,NULL,61),(48,193,1,1,NULL,62),(50,202,1,1,NULL,64),(52,211,1,0,NULL,NULL),(54,215,1,1,NULL,68),(55,222,1,1,NULL,70),(57,225,1,1,NULL,71),(58,230,1,1,NULL,72),(59,236,0,1,NULL,74),(60,239,1,1,NULL,75),(61,245,1,0,NULL,NULL),(62,231,1,0,NULL,NULL),(63,127,1,1,NULL,77),(64,181,1,0,NULL,NULL),(65,199,1,0,NULL,NULL),(66,209,1,1,NULL,79),(67,253,1,1,NULL,82),(68,260,1,0,NULL,NULL);
/*!40000 ALTER TABLE `isolated` ENABLE KEYS */;
UNLOCK TABLES;

--
-- Table structure for table `keys`
--

DROP TABLE IF EXISTS `keys`;
/*!40101 SET @saved_cs_client     = @@character_set_client */;
/*!40101 SET character_set_client = utf8 */;
CREATE TABLE `keys` (
  `id` int(11) NOT NULL AUTO_INCREMENT,
  `key` int(11) NOT NULL,
  `date_key` datetime NOT NULL,
  PRIMARY KEY (`id`)
) ENGINE=InnoDB AUTO_INCREMENT=464 DEFAULT CHARSET=utf8;
/*!40101 SET character_set_client = @saved_cs_client */;

--
-- Dumping data for table `keys`
--

LOCK TABLES `keys` WRITE;
/*!40000 ALTER TABLE `keys` DISABLE KEYS */;
INSERT INTO `keys` VALUES (93,6449,'2020-08-18 06:50:50'),(95,9669,'2020-08-18 06:51:49'),(127,7767,'2020-08-18 20:39:09'),(139,7429,'2020-08-19 05:21:40'),(148,7551,'2020-08-19 21:17:30'),(149,5151,'2020-08-20 14:50:54'),(187,7402,'2020-08-23 15:02:52'),(228,3795,'2020-08-24 12:19:49'),(236,9434,'2020-08-24 13:37:12'),(261,9416,'2020-08-24 16:41:44'),(293,9998,'2020-08-24 18:52:36'),(295,7783,'2020-08-24 19:12:00'),(296,1967,'2020-08-24 19:26:01'),(303,5521,'2020-08-24 19:51:41'),(354,1523,'2020-08-25 08:52:44'),(356,5277,'2020-08-25 09:08:56'),(380,9483,'2020-08-25 23:54:38'),(401,1783,'2020-08-27 05:05:31'),(430,4500,'2020-08-28 13:42:17'),(442,5303,'2020-08-30 11:36:48'),(456,3859,'2020-08-31 15:18:27'),(458,3005,'2020-08-31 16:38:23'),(461,2713,'2020-08-31 19:27:46');
/*!40000 ALTER TABLE `keys` ENABLE KEYS */;
UNLOCK TABLES;

--
-- Table structure for table `records_permissions`
--

DROP TABLE IF EXISTS `records_permissions`;
/*!40101 SET @saved_cs_client     = @@character_set_client */;
/*!40101 SET character_set_client = utf8 */;
CREATE TABLE `records_permissions` (
  `id` int(11) NOT NULL AUTO_INCREMENT,
  `model` varchar(100) DEFAULT NULL,
  `recordId` int(10) unsigned DEFAULT NULL,
  `principalType` enum('$OWNER','ROLE','USER') DEFAULT NULL,
  `principalId` varchar(100) DEFAULT NULL,
  `permission` enum('ALLOW','DENY') DEFAULT 'DENY',
  PRIMARY KEY (`id`)
) ENGINE=InnoDB DEFAULT CHARSET=utf8;
/*!40101 SET character_set_client = @saved_cs_client */;

--
-- Dumping data for table `records_permissions`
--

LOCK TABLES `records_permissions` WRITE;
/*!40000 ALTER TABLE `records_permissions` DISABLE KEYS */;
/*!40000 ALTER TABLE `records_permissions` ENABLE KEYS */;
UNLOCK TABLES;

--
-- Table structure for table `shofar_blower`
--

DROP TABLE IF EXISTS `shofar_blower`;
/*!40101 SET @saved_cs_client     = @@character_set_client */;
/*!40101 SET character_set_client = utf8 */;
CREATE TABLE `shofar_blower` (
  `id` int(11) NOT NULL AUTO_INCREMENT,
  `userBlowerId` int(10) unsigned NOT NULL,
  `confirm` tinyint(3) unsigned DEFAULT '0',
  `can_blow_x_times` int(10) unsigned NOT NULL,
  `volunteering_start_time` datetime NOT NULL,
  `volunteering_max_time` int(10) unsigned NOT NULL,
  PRIMARY KEY (`id`)
) ENGINE=InnoDB AUTO_INCREMENT=86 DEFAULT CHARSET=utf8;
/*!40101 SET character_set_client = @saved_cs_client */;

--
-- Dumping data for table `shofar_blower`
--

LOCK TABLES `shofar_blower` WRITE;
/*!40000 ALTER TABLE `shofar_blower` DISABLE KEYS */;
INSERT INTO `shofar_blower` VALUES (8,27,0,4,'2020-09-20 12:30:57',15),(9,43,0,2,'2020-09-20 09:30:21',15),(10,48,0,4,'2020-09-20 09:00:18',15),(11,53,0,20,'2020-09-20 13:30:01',20),(12,54,0,10,'2020-09-20 11:00:04',40),(13,55,0,20,'2020-09-20 07:00:41',47),(14,57,0,5,'2020-09-20 12:00:15',20),(15,71,0,5,'2020-09-20 13:00:01',15),(16,77,0,20,'2020-09-20 12:00:25',180),(17,89,0,3,'2020-09-20 11:30:33',15),(18,83,0,15,'2020-09-20 13:30:18',41),(19,93,0,3,'2020-09-19 23:30:44',15),(22,95,0,3,'2020-09-20 08:30:21',15),(24,105,0,3,'2020-09-20 11:00:14',180),(25,72,0,10,'2020-09-20 10:00:14',42),(26,106,0,10,'2020-09-20 08:00:57',72),(27,47,0,20,'2020-09-20 09:08:48',17),(28,117,0,5,'2020-09-20 09:00:26',15),(29,120,0,6,'2020-09-20 13:00:13',20),(30,121,0,10,'2020-09-20 13:19:15',15),(31,125,0,3,'2020-09-20 09:00:11',25),(32,128,0,20,'2020-09-20 14:00:01',15),(33,134,0,10,'2020-09-20 09:00:01',15),(34,73,0,3,'2020-09-20 13:30:47',15),(35,136,0,3,'2020-09-20 12:05:00',15),(37,140,0,5,'2020-09-20 13:16:06',23),(38,149,0,10,'2020-09-20 11:00:33',26),(39,144,0,20,'2020-09-20 11:00:50',15),(40,150,0,2,'2020-09-20 08:00:33',19),(41,151,0,7,'2020-09-20 08:00:02',32),(42,155,0,3,'2020-09-20 14:15:21',15),(43,159,0,3,'2020-09-20 13:00:19',20),(44,167,0,3,'2020-09-20 12:00:32',15),(45,178,0,2,'2020-09-20 13:00:01',15),(46,179,0,1,'2020-09-20 13:00:54',15),(47,182,0,3,'2020-09-20 08:20:35',19),(48,183,0,7,'2020-09-20 10:30:34',15),(49,32,0,15,'2020-09-20 10:30:43',23),(50,188,0,4,'2020-09-20 09:00:35',30),(51,189,0,4,'2020-09-20 06:30:02',15),(52,190,0,3,'2020-09-20 13:00:40',15),(53,156,0,1,'2020-09-20 08:00:08',15),(54,192,0,2,'2020-09-20 12:30:25',20),(55,195,0,3,'2020-09-20 11:15:20',15),(56,200,0,12,'2020-09-20 10:00:12',35),(57,201,0,3,'2020-09-20 14:15:48',15),(58,207,0,5,'2020-09-19 22:00:10',24),(59,208,0,2,'2020-09-20 10:21:35',30),(60,212,0,4,'2020-09-20 13:00:41',180),(61,216,0,1,'2020-09-20 10:00:57',15),(62,217,0,3,'2020-09-20 17:15:42',15),(63,221,0,2,'2020-09-20 02:03:31',34),(64,227,0,10,'2020-09-20 20:15:08',20),(65,228,0,7,'2020-09-20 08:00:38',15),(66,229,0,3,'2020-09-20 11:20:22',17),(67,233,1,5,'2020-09-20 12:15:45',15),(68,234,0,3,'2020-09-20 11:30:14',15),(69,242,0,4,'2020-09-20 04:00:19',15),(70,243,0,10,'2020-09-20 10:30:19',15),(71,244,0,4,'2020-09-20 13:00:07',61),(73,247,0,4,'2020-09-20 11:40:46',15),(74,248,0,5,'2020-09-20 16:30:06',15),(75,169,0,10,'2020-09-20 10:00:19',72),(76,25,0,3,'2020-09-20 09:30:09',20),(77,42,0,3,'2020-09-20 09:01:58',15),(78,61,0,3,'2020-09-20 07:30:52',15),(79,218,0,20,'2020-09-20 10:00:06',20),(80,76,0,10,'2020-09-20 14:00:45',15),(81,251,0,5,'2020-09-20 11:31:31',47),(82,255,0,5,'2020-09-20 14:00:39',15),(84,41,0,20,'2020-09-20 12:01:04',60),(85,264,0,10,'2020-09-20 08:00:46',32);
/*!40000 ALTER TABLE `shofar_blower` ENABLE KEYS */;
UNLOCK TABLES;

--
-- Table structure for table `shofar_blower_pub`
--

DROP TABLE IF EXISTS `shofar_blower_pub`;
/*!40101 SET @saved_cs_client     = @@character_set_client */;
/*!40101 SET character_set_client = utf8 */;
CREATE TABLE `shofar_blower_pub` (
  `id` int(11) NOT NULL AUTO_INCREMENT,
  `comments` varchar(255) CHARACTER SET utf8 COLLATE utf8_unicode_ci DEFAULT NULL,
  `start_time` datetime DEFAULT NULL,
  `blowerId` int(10) unsigned DEFAULT NULL,
  `constMeeting` tinyint(3) unsigned DEFAULT '0',
  `address` varchar(400) DEFAULT NULL,
  `city` varchar(255) DEFAULT NULL,
  `lng` varchar(255) DEFAULT NULL,
  `lat` varchar(255) DEFAULT NULL,
  PRIMARY KEY (`id`),
  FULLTEXT KEY `meeting_pub_address_ftsix` (`address`)
) ENGINE=InnoDB AUTO_INCREMENT=84 DEFAULT CHARSET=utf8;
/*!40101 SET character_set_client = @saved_cs_client */;

--
-- Dumping data for table `shofar_blower_pub`
--

LOCK TABLES `shofar_blower_pub` WRITE;
/*!40000 ALTER TABLE `shofar_blower_pub` DISABLE KEYS */;
INSERT INTO `shofar_blower_pub` VALUES (17,'הדירה עורפית הכי נוח ובטוח אם הצקיעה תהיה בגינה הציבורית שמאחורי הבניין הכניסה אליה מרחוב הכרמל צרו קשר להסבר',NULL,NULL,0,'העבודה 5, כפר סבא, ישראל','כפר סבא','34.9079291','32.17891869999999'),(18,'רח\' שכטמן',NULL,NULL,0,'קדימה 53, כניסה א\', ירושלים','ירושלים','35.1982985','31.8131101'),(19,'רחוב העצמאות ',NULL,NULL,0,'ראש העין, ישראל','ראש העין','34.952177','32.095838'),(20,'בנין פנימי בין 9-15 רחוב יהודה הנשיא',NULL,NULL,0,'רבי יהודה הנשיא 11, פתח תקווה, ישראל','פתח תקווה','34.9058316','32.0728139'),(21,'רחוב אלזה הוא רחוב קטן היוצא מרחוב דודיזון 14',NULL,NULL,0,'אלזה 1, ירושלים, ישראל','ירושלים','35.2032604','31.7688107'),(22,'עדיין לא בטוח שיתקיימו תפילות בגלל הקורונה','2020-09-20 07:30:12',53,1,'המעפילים 3, אור יהודה, ישראל','אור יהודה','34.85149270000001','32.0265935'),(24,'לא סגור על מקום וזמן עדין','2020-09-19 21:00:00',54,1,'טיילת התקווה, גני תקווה, ישראל','גני תקווה','34.87103140000001','32.06269949999999'),(25,'בית כנסת ','2020-09-20 06:00:40',55,1,'התומר, ירושלים, ישראל','ירושלים','35.1860557','31.7794214'),(27,'כל הבתים הגבוהים מעל מרכזון ט','2020-09-20 13:00:53',71,1,'רבנו תם 45, אשדוד, ישראל','אשדוד','34.6618876','31.7870056'),(28,'32א',NULL,NULL,0,'מרכז בעלי מלאכה, תל אביב יפו, ישראל','תל אביב יפו','34.7732882','32.0692584'),(30,'בית כנסת חבד','2020-09-20 08:30:37',83,1,'יהודה הלוי 30, רחובות, ישראל','רחובות','34.8135024','31.88588439999999'),(32,'גינה מנין חצרות','2020-09-20 07:00:00',93,1,'מוטה גור 12, גבעת שמואל, ישראל','גבעת שמואל','34.8532501','32.0750052'),(33,'',NULL,NULL,0,'הענבל 5, פתח תקווה, ישראל','פתח תקווה','34.9072378','32.0774768'),(34,'',NULL,NULL,0,'הפורצים 19, פתח תקווה, ישראל','פתח תקווה','34.8770998','32.0877446'),(35,'לובי כניסה','2020-09-20 11:00:32',105,1,'מוטה גור 9, גבעת שמואל, ישראל','גבעת שמואל','34.8526783','32.07543389999999'),(37,'',NULL,NULL,0,'טשרניחובסקי, ירושלים, ישראל','ירושלים','35.2059374','31.7649378'),(39,'הגינה הירוקה ','2020-09-20 14:00:17',106,1,'עמק בית שאן, מודיעין מכבים רעות, ישראל','מודיעין מכבים רעות','34.9957255','31.9135663'),(40,'',NULL,NULL,0,'שלמה מומו הלוי 5, ירושלים, ישראל','ירושלים','35.207384','31.8015633'),(41,'בית כנסת אחדות ישראל','2020-09-20 07:01:35',47,1,'שוהם, ישראל','שוהם','34.94884030000001','31.9957581'),(42,'',NULL,NULL,0,'פרימו לוי, ירושלים','ירושלים','35.22707889999999','31.7512134'),(43,'לנקן אליהו',NULL,NULL,0,'ארנונה, ירושלים, ישראל','ירושלים','35.22023','31.747092'),(44,'',NULL,NULL,0,'מקור חיים 9, ירושלים, ישראל','ירושלים','35.2143295','31.7566752'),(45,'','2020-09-19 23:00:00',134,1,'אחד העם, ירושלים, ישראל','ירושלים','35.21818760000001','31.772467'),(48,'',NULL,NULL,0,'מבשרת ציון, ישראל','מבשרת ציון','35.157891','31.804052'),(49,'',NULL,NULL,0,'יהודה הלוי 40, נתניה, ישראל','נתניה','34.8565853','32.3199403'),(50,'בית כנסת ','2020-09-19 23:00:00',150,1,'דרך מנחם בגין 83, פתח תקווה, ישראל','פתח תקווה','34.9080656','32.07242050000001'),(51,'גינה ציבורית','2020-09-20 08:30:09',151,1,'ירושלים, ישראל','ירושלים','35.2093017','31.7545425'),(52,'מקום ציבורי','2020-09-20 09:15:33',151,1,'כיכר הבנים, ירושלים','ירושלים','35.205105','31.758464'),(53,'',NULL,NULL,0,'נחל צין 4, מודיעין מכבים רעות, ישראל','מודיעין מכבים רעות','35.016096','31.8953937'),(54,'בית כנסת','2020-09-20 07:00:23',178,1,'הגר\"א 3, נתניה, ישראל','נתניה','34.85581949999999','32.310627'),(55,'פארק ציבורי','2020-09-20 14:00:48',179,1,'מגדל הלבנון, מודיעין מכבים רעות, ישראל','מודיעין מכבים רעות','35.0092883','31.8951967'),(56,'פארק ציבורי','2020-09-20 14:00:38',179,1,'נהר הירדן 95, מודיעין מכבים רעות, ישראל','מודיעין מכבים רעות','35.0056561','31.8958659'),(57,'בית כנסת','2020-09-20 07:04:08',182,1,'מנוחה, ישראל','מנוחה','34.777273','31.65615900000001'),(58,'גינה ציבורית מול עמק האלה 45','2020-09-20 14:00:22',32,1,'עמק האלה, מודיעין מכבים רעות, ישראל','מודיעין מכבים רעות','34.9917112','31.9197298'),(59,'','2020-09-20 06:00:49',188,1,'אביר יעקב 27, נהריה, ישראל','נהריה','35.1046616','33.0089144'),(60,'ליד בית מס 50 ','2020-09-20 06:00:20',156,1,'חזקיהו המלך, ירושלים, ישראל','ירושלים','35.210562','31.761663'),(61,'',NULL,NULL,0,'נחום ליפשיץ 15, ירושלים, ישראל','ירושלים','35.21653','31.7555841'),(62,'בניין מספר 3',NULL,NULL,0,'נחמיה תמרי, חולון, ישראל','חולון','34.7847137','32.0141116'),(63,'בית כנסת מרכזי','2020-09-20 07:01:53',200,1,'בית שמש, ישראל','בית שמש','34.988099','31.747041'),(64,'בקומה 2',NULL,NULL,0,'השומר 16, רמת גן, ישראל','רמת גן','34.8221228','32.0812299'),(67,'בית הכנסת נחלת צבי','2020-09-20 10:30:36',208,1,'אליהו מרידור 42, ירושלים','ירושלים','35.2484592','31.8157432'),(68,'משקיף על מגרש החניה של עד בן צבי',NULL,NULL,0,'אבן עזרא 13, ירושלים, ישראל','ירושלים','35.2140236','31.7755259'),(69,'','2020-09-19 23:00:00',221,1,'פארק המעיינות, כביש 669 בכניסה לגן השלושה., ישראל','כביש 669 בכניסה לגן השלושה.','35.4487037','32.5035404'),(70,'',NULL,NULL,0,'הביל\"ויים 3, רמת גן, ישראל','רמת גן','34.8216123','32.0608355'),(71,'בניין  א\' ליד הכביש',NULL,NULL,0,'מנוחה ונחלה 35, רחובות, ישראל','רחובות','34.8163306','31.8978546'),(72,'',NULL,NULL,0,'אליהו לנקין 17, ירושלים','ירושלים','35.2266914','31.7504304'),(73,'בית כנסת','2020-09-20 07:00:25',233,1,'התחייה, רחובות, ישראל','רחובות','34.8194643','31.8907907'),(74,'בלובי של הבניין ברחוב בן גוריון נשמח שתתלו שלט מתי התקיעה ',NULL,NULL,0,'דוד בן גוריון 11, בני ברק, ישראל','בני ברק','34.8223512','32.0940263'),(75,'',NULL,NULL,0,'נחל שניר 33, מודיעין מכבים רעות, ישראל','מודיעין מכבים רעות','35.0145758','31.894997'),(76,'','2020-09-20 07:01:10',242,1,'וייצמן 45, פתח תקווה, ישראל','פתח תקווה','34.8733145','32.0756952'),(77,'near HaAshkan',NULL,NULL,0,'אנצ\'ו בונהונטורה, ירושלים','ירושלים','35.2268069','31.7530585'),(78,'חצרות','2020-09-20 06:02:31',42,1,'השיטה, בית שמש, ישראל','בית שמש','34.9785441','31.7446185'),(79,'יכול להגיע למקום סמוך בשעה שתיקבע אין צורך בתקיעה פרטית',NULL,NULL,0,'הכלנית 13, רעננה, ישראל','רעננה','34.88524999999999','32.1903811'),(80,'','2020-09-20 15:00:40',218,1,'חיפה, ישראל','חיפה','34.97382899999999','32.8024402'),(81,'בית פרטי עם חצר','2020-09-20 07:00:08',251,1,'אהרון בן חמו 6, לוד, ישראל','לוד','34.8816441','31.9406344'),(82,'מול בית ספר גן ונוף',NULL,NULL,0,'אחד העם 79, פתח תקווה, ישראל','פתח תקווה','34.8927181','32.0847426');
/*!40000 ALTER TABLE `shofar_blower_pub` ENABLE KEYS */;
UNLOCK TABLES;

--
-- Table structure for table `users_archive`
--

DROP TABLE IF EXISTS `users_archive`;
/*!40101 SET @saved_cs_client     = @@character_set_client */;
/*!40101 SET character_set_client = utf8 */;
CREATE TABLE `users_archive` (
  `id` int(10) unsigned NOT NULL AUTO_INCREMENT,
  `userId` int(11) NOT NULL,
  `name` varchar(255) CHARACTER SET utf8 COLLATE utf8_unicode_ci DEFAULT NULL,
  `username` varchar(512) DEFAULT NULL,
  `created` datetime DEFAULT NULL,
  PRIMARY KEY (`id`)
) ENGINE=InnoDB AUTO_INCREMENT=29 DEFAULT CHARSET=utf8;
/*!40101 SET character_set_client = @saved_cs_client */;

--
-- Dumping data for table `users_archive`
--

LOCK TABLES `users_archive` WRITE;
/*!40000 ALTER TABLE `users_archive` DISABLE KEYS */;
INSERT INTO `users_archive` VALUES (4,28,'שרה רבקה כהן','0545870151','2020-08-19 14:16:16'),(5,62,'מבודד -משתמש טסט','0000000000','2020-08-19 15:12:27'),(6,65,'אריאל ארד','0547803552','2020-08-19 18:45:06'),(7,85,'הדס קרנצלר','0503306033','2020-08-23 04:53:46'),(8,90,'יפה פרקל','0507310359','2020-08-23 13:59:19'),(9,88,'דניאל ','0524578400','2020-08-23 14:37:05'),(10,87,'מגבק','0547443860','2020-08-23 15:21:17'),(11,91,'שני תוקע','0546969090','2020-08-23 15:32:58'),(12,96,'בעל','0546969090','2020-08-23 15:34:51'),(13,107,'ג מ','0547715385','2020-08-23 19:08:43'),(14,109,'מירב גאון','0542563797','2020-08-23 19:27:34'),(15,110,'מבודד','0546969090','2020-08-24 06:53:18'),(16,118,'ארלין אסתר שטרן','0543322941','2020-08-24 10:52:19'),(17,114,'אפרת שפירא','0548003339','2020-08-24 12:21:08'),(18,137,'מיכל','0536225383','2020-08-24 16:06:56'),(19,172,'רוני כהן','0525109988','2020-08-24 19:31:00'),(20,196,'דבי','0544271631','2020-08-25 05:58:59'),(21,115,'תוקע','0546969090','2020-08-25 08:48:43'),(22,205,'jfkds','0546969090','2020-08-25 09:16:19'),(23,213,'רוני כהן','0525109988','2020-08-25 12:10:19'),(24,223,'טט','0544898520','2020-08-25 21:17:32'),(25,246,'שני','0546969090','2020-08-28 11:14:39'),(26,138,'מיכל','0536225383','2020-08-30 20:32:46'),(27,258,'מיכל אופיר','0536225383','2020-09-01 06:09:56'),(28,267,'נטע טי','0523724730','2020-09-01 08:06:47');
/*!40000 ALTER TABLE `users_archive` ENABLE KEYS */;
UNLOCK TABLES;
/*!40103 SET TIME_ZONE=@OLD_TIME_ZONE */;

/*!40101 SET SQL_MODE=@OLD_SQL_MODE */;
/*!40014 SET FOREIGN_KEY_CHECKS=@OLD_FOREIGN_KEY_CHECKS */;
/*!40014 SET UNIQUE_CHECKS=@OLD_UNIQUE_CHECKS */;
/*!40101 SET CHARACTER_SET_CLIENT=@OLD_CHARACTER_SET_CLIENT */;
/*!40101 SET CHARACTER_SET_RESULTS=@OLD_CHARACTER_SET_RESULTS */;
/*!40101 SET COLLATION_CONNECTION=@OLD_COLLATION_CONNECTION */;
/*!40111 SET SQL_NOTES=@OLD_SQL_NOTES */;

-- Dump completed on 2020-09-01 15:19:01
