-- MySQL dump 10.13  Distrib 5.7.31, for Linux (x86_64)
--
-- Host: localhost    Database: roshHashana
-- ------------------------------------------------------
-- Server version	5.7.31-0ubuntu0.18.04.1-log

/*!40101 SET @OLD_CHARACTER_SET_CLIENT=@@CHARACTER_SET_CLIENT */;
/*!40101 SET @OLD_CHARACTER_SET_RESULTS=@@CHARACTER_SET_RESULTS */;
/*!40101 SET @OLD_COLLATION_CONNECTION=@@COLLATION_CONNECTION */;
/*!40101 SET NAMES utf8 */;
/*!40103 SET @OLD_TIME_ZONE=@@TIME_ZONE */;
/*!40103 SET TIME_ZONE='+00:00' */;
/*!40014 SET @OLD_UNIQUE_CHECKS=@@UNIQUE_CHECKS, UNIQUE_CHECKS=0 */;
/*!40014 SET @OLD_FOREIGN_KEY_CHECKS=@@FOREIGN_KEY_CHECKS, FOREIGN_KEY_CHECKS=0 */;
/*!40101 SET @OLD_SQL_MODE=@@SQL_MODE, SQL_MODE='NO_AUTO_VALUE_ON_ZERO' */;
/*!40111 SET @OLD_SQL_NOTES=@@SQL_NOTES, SQL_NOTES=0 */;

--
-- Table structure for table `ACL`
--

DROP TABLE IF EXISTS `ACL`;
/*!40101 SET @saved_cs_client     = @@character_set_client */;
/*!40101 SET character_set_client = utf8 */;
CREATE TABLE `ACL` (
  `id` int(11) NOT NULL AUTO_INCREMENT,
  `model` varchar(512) DEFAULT NULL,
  `property` varchar(512) DEFAULT NULL,
  `accessType` varchar(512) DEFAULT NULL,
  `permission` varchar(512) DEFAULT NULL,
  `principalType` varchar(512) DEFAULT NULL,
  `principalId` varchar(512) DEFAULT NULL,
  PRIMARY KEY (`id`)
) ENGINE=InnoDB DEFAULT CHARSET=latin1;
/*!40101 SET character_set_client = @saved_cs_client */;

--
-- Dumping data for table `ACL`
--

LOCK TABLES `ACL` WRITE;
/*!40000 ALTER TABLE `ACL` DISABLE KEYS */;
/*!40000 ALTER TABLE `ACL` ENABLE KEYS */;
UNLOCK TABLES;

--
-- Table structure for table `AccessToken`
--

DROP TABLE IF EXISTS `AccessToken`;
/*!40101 SET @saved_cs_client     = @@character_set_client */;
/*!40101 SET character_set_client = utf8 */;
CREATE TABLE `AccessToken` (
  `id` varchar(255) NOT NULL,
  `ttl` int(11) DEFAULT NULL,
  `created` datetime DEFAULT NULL,
  `userId` int(11) DEFAULT NULL,
  `scopes` text,
  PRIMARY KEY (`id`)
) ENGINE=InnoDB DEFAULT CHARSET=latin1;
/*!40101 SET character_set_client = @saved_cs_client */;

--
-- Dumping data for table `AccessToken`
--

LOCK TABLES `AccessToken` WRITE;
/*!40000 ALTER TABLE `AccessToken` DISABLE KEYS */;
INSERT INTO `AccessToken` VALUES ('03fGnszg8Tlq61tVkEPHAJAH5BB3PwISmc0skxxhK93Yaj82CIVBUqCs0g5nCsmT',5184000,'2020-08-24 13:54:44',130,NULL),('03YNXobqZCAy8Ma51TEWs0koIIL3v4DNtfEg3WWqqi05rUFDTSda5UYBg4INdfL0',5184000,'2020-08-24 17:34:43',157,NULL),('077M7pOsXv0ENzLNskT3W8qgYXHY9UKD2ykgdzs14NCvXSIj8pejVm04evClAMoA',5184000,'2020-09-16 20:02:38',718,NULL),('08newG0zKdvIeec55C20yi3kGxDXp8ezMDsnTgZ4EzDCeY8MTDZrNY5cQncAUwQd',5184000,'2020-09-13 15:43:50',292,NULL),('0ApxY9z0AFeoECXP0sOZrWPYqWNWEvJE1bV7UnUc8ao6Gf6zBzaGQkDZFGBBAEUr',5184000,'2020-09-05 22:05:02',328,NULL),('0grIFGzECLtinSua3BAndoDnTWSGjNVfiikpZxFVduEQAdNI8ruPzT4fOoMX3SeQ',5184000,'2020-09-16 11:35:23',651,NULL),('0HFaqYBzxCezTtHvR1K9sLq8j584g2m8OSNsz7gFFNskkTAOzXBmFgJ2CJMtVJ2r',5184000,'2020-09-16 13:50:30',478,NULL),('0jtQKC07NvMOXGJCqjcbr8uPt3RppBXLKGHAdyppZa6GFWrxZ0t0oCseMvAgFukl',5184000,'2020-09-15 18:56:10',569,NULL),('0qoirUykA1u5vntiIy08FLSC5eMi7K0qdbrGEhL4HMPxZ81g6JgJdnooNr7rQJBG',5184000,'2020-09-16 08:08:01',395,NULL),('0Raf4ZF0Pky0TOnKzoYXSG6mMQCc7RVFZ9NZonb5oTl1FODnSLTFUxPqUBmcrLrd',5184000,'2020-08-24 16:37:49',144,NULL),('12jR6uGtwsdJ04QJdsPfpK2V4cJmyKJFXjD2C5aXeFyrYJCW7RqaMIpxU7zbPpws',5184000,'2020-09-16 09:49:11',629,NULL),('13BIyV7gIuxMDCDaqgW1yoso0AD7kDpCZezvrbl0jQcCRSEfID3CN6d1iTYh0UKp',5184000,'2020-09-14 17:56:43',504,NULL),('1ch7nqKFHhhD8LpH03ts7DKPHIdT1W95PHWNsh6nJG6KaKylq0IPSmvL7KBG0yqN',5184000,'2020-09-17 06:22:39',740,NULL),('1cuVHYJLMbpsYDnC26m8FOGovdjGI870U0vZbbKhIYgJVbN0fL03csUGMcHqgPlu',5184000,'2020-08-18 21:19:03',54,NULL),('1l3PCvc0tIJZ8DI2HDxDNHehGSlDdgOT3DoIUkx313KRHEL8vSujo658DEZQ35lK',5184000,'2020-09-15 12:20:40',549,NULL),('1Ovi9XkgtYVxwtNXA5pxZOOuxEr8RlKeHgL4cYYGkwD1ttiQcgBNftVhsFLhc5hK',5184000,'2020-08-24 11:18:11',121,NULL),('1qN35IszREKlMGWogGlAsAwKaqdZ5sJ2sMpmGnBAhAgVA4GNZaKihF8b1Gc8hHjD',5184000,'2020-08-24 13:43:03',129,NULL),('1rGlU6YCzVLzw8Dkw2hHBJWEZQjDBigxuFVox5zIP0UuBICiMu9g1k8v6gzpAJQc',5184000,'2020-08-24 20:04:22',178,NULL),('1tOgiHzAYk0BjO5SF9pv6TOdXqm6o9qvBCSl1aysxFR61FbnZeTQTrc4UOx2Ks3Z',5184000,'2020-08-23 15:51:40',99,NULL),('1TZLruML6h43Q08wV0TB0OiUhNv1x4xVvAKPOwDugewH6SscXWc4IoVpUyFf75wf',18000,'2020-09-13 11:24:30',374,NULL),('20oc6traRvasFDixFl9hHQ7oUtYVzS1DA4WT7EqU1qduMWuWJbtycXyS1T5R5sa0',5184000,'2020-09-13 11:05:52',38,NULL),('2347W3c1Ci1VhIiHQACCNhyOdiBTtcjPDhoyIllkaqvqsFf68TzU3R7ahaeUg8kx',5184000,'2020-08-26 05:18:07',227,NULL),('2Cj9II7UdKrihnAzxkPa5fEHquctE40kXxHxd4tjyNBoquqwRnslnjVmLRYTpEUP',5184000,'2020-09-14 17:37:15',501,NULL),('2CPAwIBjZk8X9xc6N0hJKPqhAwsYZKM0aV8dHncbM1cYiLIxfU7MSVaNkf260mWk',5184000,'2020-08-31 12:01:04',41,NULL),('2dEGqsJc3UgGbQC7Ce8tlizPFtiIbjPEBySGfCrFz64EekhAWj94qBsObH77pH70',5184000,'2020-09-15 07:15:03',508,NULL),('2DiV0Zo1e4jLqkM4a7Iep5vTZ5CXTsa6AQWoEKr0tMKwc78I8MIZRe0wS2rjGyjr',5184000,'2020-08-18 12:59:08',32,NULL),('2GnRdjNNrSiWlCvHiKDAEtA5p4sVifjggq6LKfIyU14w8GDFOOUSytrWxcHYI1rV',5184000,'2020-09-16 21:02:01',721,NULL),('2kkGQbibiavcOhdgAB1JsveAjv4uDYjjSDiWN8ZgYfErJUDnu64KVVbEMgIZLbVf',18000,'2020-09-17 18:27:23',378,NULL),('2KqliAlCax1UmxuI7TQ3u3WHKQJiQykHpqq45z263vV0Zw3fkTJcmbpdfVH4eML0',5184000,'2020-08-18 05:22:33',25,NULL),('2PpGAHT8agMdVIWAzFKATrgeWfROcNSySi3iNc7zMv3d8lBpsklGM7vVR7NMGJdg',5184000,'2020-08-20 14:52:36',69,NULL),('2QhwEIVI1GPzE5ebGGuBe22DHX4G3ClvlQKosgkkBPHlAAn22S6uprSUrKpx1Cl8',5184000,'2020-09-17 06:26:24',742,NULL),('2wbnPGi3qcSbmp6HCvPjM7yXay6IJBrJ1wA9yJ37ZGIFZ3Vi5TOlx3DJGlwi3Lar',5184000,'2020-09-14 10:24:24',470,NULL),('34s3bAa71zHuT0UfvJAsDNejQWFE41hzAPBInSC2vbO1P4chS1y9NVVIQgFd1V2z',5184000,'2020-09-17 06:04:14',738,NULL),('36aWkz3PFosaR8KgPEuKICZEhe1hBA95X1bt0AnuoNlCAIu6dWRXAa3gMD6CC0u5',5184000,'2020-08-24 17:02:41',148,NULL),('3arInAaWZyUSU1Su5VfqBO1G6cHV0JYKzd7ceJ3QTcaQtttEgnWEXADDveTAYHjp',5184000,'2020-09-16 16:23:48',689,NULL),('3dOw7uPI9RSDYJJYIrfScTCMeL6cl1Q6CDWU97GaJfg4CWtx4XuYrn2TuaYIrI9q',5184000,'2020-08-24 21:27:44',32,NULL),('3FEFMLmGOMsy7rG7dbBP7HoOwjGadcBDIQU0nFQdLryFSqdQWVSpD7su9bsHZet9',5184000,'2020-09-16 06:58:59',595,NULL),('3hC07CWPSEYNj1gAuc5vNM9uQ5CEKAOKzBhlEu7X50eSdp2dsC6uB95GqxnvHY4k',18000,'2020-09-18 13:39:37',378,NULL),('3ICCQ19dZD6dGbQ0tYTxWc2oOdHO2EmDUnFR9CB6gYQqmuMOparBiYAU7uMDtNTL',5184000,'2020-09-13 19:12:14',463,NULL),('3pcRGuDSYjULWcL5v113EVOMZ10OylE2Qe6DR9IoP6Yt2u5NcqlWLoQx0eOsJJnB',18000,'2020-09-17 05:56:35',386,NULL),('3riuqEWCho5LnzWNONNXZj0x0QXjBn3rKywrZUo5F4DS5EIPT6FtMcla07MmJ7hG',5184000,'2020-09-14 17:38:27',502,NULL),('3RSV7tRrj8F5nGtImZU9zpFaUnC87SMKONraMMXyEcL2YjDYUqUEuFPTLNIQTOr9',5184000,'2020-09-17 12:02:56',797,NULL),('3SAE4NnNIS1BhqIFbGL3hlkCvMYO35wEsHvgWnr3gs0MePECvDSzf0zoiBxAcECp',5184000,'2020-09-13 06:03:40',421,NULL),('3STsPOF11j3bBtq2SALqRAj5XdmqgYwEeY5kRV6DDPupD1rrSMxOvvq76k3PR5Hq',5184000,'2020-09-10 07:33:52',371,NULL),('3u2I1SIxJdpf83YAZbanjeuvEStbyPZ2H4TxKWa5Z0EovX3L9VIvRa6ufoa3DRfa',5184000,'2020-09-13 10:46:51',367,NULL),('3XcfeYjHqMWOY9CrtS579YX6ny8hZENPaaK3a4jbmHiF7TPIwghIEjIAxqGsKamN',5184000,'2020-08-24 04:34:12',112,NULL),('4G0mQcpsbPzQsBjZ6f6vHdIrXEZrpEuoNHlGFLSlZnfa0eKRVRlZHc7oCx51adrn',5184000,'2020-09-13 17:24:40',255,NULL),('4HJZmgAaaoJoBHIwKMQouBJhXAw5zR9Zrf9liCMM7UNGC8edYIoyCTIoaNK0eDoA',5184000,'2020-09-15 12:22:10',550,NULL),('4Inkl8Z3AbySH9oZXebmxKBqsAyfkloN3gGYCGuQSDnCEEjChZ1KL93o82XekWUu',5184000,'2020-08-25 05:37:47',194,NULL),('4m9mp1HiQAyT5WY3bO4Sbn0Xa84antNdXc5lIHC5SJaGYuyOj9OrC5eBQFF6bFyq',18000,'2020-09-17 12:06:46',429,NULL),('4nfhhYhq0qG8DozY3vVn1d72Zno5rE6PAI8EQjNlEdiBNogwC4ayvhYqerqEOuBN',5184000,'2020-08-24 16:29:35',131,NULL),('4TM4KvVDaDVsQSHSwvRqHv8pAAJkhwHmn6Nq5hlsAHe5J6NunWZ7SLQFFumj7OhD',5184000,'2020-09-16 05:38:58',588,NULL),('4USt6TWzGoieeY0XclSCwLC5ZKoXLwPoaJe6cl4zpk3tKB0gee3B9yJdzzNXi3gt',5184000,'2020-09-13 15:56:54',403,NULL),('4ziGDuhTgdbcVGG9aZYhsFuKhtbjTYFn0T4MDERy5zCBwpqTDxx3wLbahiTqXrw7',5184000,'2020-08-25 09:14:10',207,NULL),('51XEk7rM32jIywj9XYNnbeQApJX1PCohvHoDbSIL1Y2LMHIIIU7iHz6YboaUAAGE',5184000,'2020-08-23 16:05:30',102,NULL),('5bl2HSNq4ir6oj8rxHfXVk1tBHYcJAQFPr5YXsGfFX4JhYzwowKp0GzsFDRlZn55',5184000,'2020-08-28 11:14:06',248,NULL),('5c1Ht7UwO8pAuTyKYCGP4AQI0G5D47MaHWITLPqf3yiWSbaWOoUP1CgAsV3LRrFI',5184000,'2020-08-21 05:24:05',70,NULL),('5Cv9GnAqRRET02cqter1nKxoR6tauXq6Mhi2vwE6aZtaJNWLnNQpbeRMevKHEBAr',5184000,'2020-09-05 20:59:29',327,NULL),('5GUGw5XCYD5QswvAoOwP4YuRiEwZ0ys2NVkEEW8pQVqUPf2e8CHi7o20HJZ3xOzg',5184000,'2020-08-24 16:31:10',141,NULL),('5HXvljJyuvKl4kZmxiX4pGnmunCLQno4Y7l37MTfHcanuqfs5DtRjDF1mykF9WPS',5184000,'2020-09-11 08:57:09',405,NULL),('5hztLRyWNjXTJDFHGb34F9gholIIknm5TxPa3wqztHVVMhBdPf3BcabjF00IttLK',5184000,'2020-09-16 17:49:24',703,NULL),('5k4yvOgDhzB0dLEupZaFt8l9v9tDdc6P2e8PsKcsZjyvA7mMHglK2eQUC5nHWS55',18000,'2020-09-10 10:59:56',374,NULL),('5KK5pjvyxupJZHYA8TzN0HWp0PmbzBaZKggB8Fw1ahLOtZLZctjm5KcLgFMDYPNH',5184000,'2020-08-24 14:55:12',132,NULL),('5mMdwQtQCqOcYY9OeA5gndT6T8IwoEmL9mcvkGdnmro8bVdCLK5B2HzcZMfavUTu',5184000,'2020-09-17 12:23:57',795,NULL),('5qLrofYDwgsINuBSgWh7CxVPHkqZV299SFZTel9dhkpvSS69HC4ZzWlK2bguywZX',5184000,'2020-08-24 20:42:34',182,NULL),('5WRXHWo5VHoMbH0zAzjjuhibU5QW6UfsjUsRIkK2gXK9e5J0maCF3PwpgipA93K6',5184000,'2020-09-16 18:37:21',711,NULL),('5XzlW310VrDXFHJ660HQKshi6QVjChns9UfZ3sm3UVFCAvUluS0EEKGHA8UqXIUU',5184000,'2020-08-25 01:47:35',188,NULL),('5YuuIQkeOFH62qj6iev2Ad0hN6V0wg9ewPHbQnbtOArktiBCCNOcKOSUb1UWP0lF',5184000,'2020-08-18 12:52:09',32,NULL),('5ZujYa4WV3MgM8NU9hcrDFQhQgX4YVUut6NexI8W9GC5GHEr626vQ07z0qLb0hyQ',18000,'2020-09-15 06:21:29',374,NULL),('61cjoTgL94wecj08bDEMwfmh8vRTmP0XJx6dT6AextHd5KDJTORXRvxsiozoYid9',5184000,'2020-09-17 06:40:50',714,NULL),('67Ol1pDPVyU62uO3t9MfHVAX0EY0MPeKNMED42ilo6fONfmjA24Pc6EdUaCaQEwh',5184000,'2020-09-17 10:48:56',789,NULL),('69WqYM3PEfMhnB1yTH3T6JqrGBmNotMMMTZEvhYpuSFShEwmEEdDgej7RtM75lRb',5184000,'2020-09-15 08:05:52',530,NULL),('6EfQhf3eYZtAqh1d9yWsgnuqUoZcQuaf1pI4cN3rGtvZvzRkTkZCh3i0DQChqFKj',5184000,'2020-09-15 21:08:49',578,NULL),('6HSOO7g3V6WzrENZBdC8LcYrJouCn1MA1exEtn6EaIvpuGlOb6oFQGBsu1OOMm6h',5184000,'2020-09-15 17:29:48',554,NULL),('76wO1jWis36erqUOPeXFYzA31AIlMPkh4oYcZ0OZ49vhjsvwC1UAZERfZIZ2bQfb',5184000,'2020-09-10 10:30:21',377,NULL),('7Bb4ITYqGbAmCNScGX7ip1kvhz7seFtQlJTR2tnFnlUXMVYyUi6kPeMOzk1s7e0a',5184000,'2020-09-11 14:27:49',412,NULL),('7D3RGtxFIpVKWxv8oUAr5eAy21SOmnBLFdFevBA28jcB8w2t1xQEJRMv4YjrWG9J',18000,'2020-09-17 12:00:03',386,NULL),('7HgXKNOudxFqZx8L8Wu9erdi4g9YkJWpCEUnrCiV5OEGSqIqicnyc3zj1fE1DO7Q',5184000,'2020-08-22 20:27:08',79,NULL),('7kSx6iK7stlmEnGW39qfoW3Hg9g6boiCCUcbcp2OCma72kkpzGZLBQkib4SjJ5PX',5184000,'2020-09-16 09:47:49',629,NULL),('7McUfy7DYwVEOwsbC4LkohGp1Qu8snpcm20JEl81co3jxJKeNBLDMRJwS47fMbd8',5184000,'2020-09-17 11:16:37',319,NULL),('7mzRWT2S4xWdCCDMgd9bdVohHncn5l5OzAXd9HryRc27Dk2qsisDO7Cmb7m2xHGr',18000,'2020-09-16 08:58:41',374,NULL),('7NJ78abmx4bWtG5oPlEBJX4BhMFso5fPQ1xs2FRSKb49F8GFi5esMSpfnBffLNFa',18000,'2020-09-14 12:20:27',429,NULL),('7O3W8EQEgICC0DZ3ZeG4s5U33UflE79fEl5bqb7lmz0DXaFJXEFe8ePvrIf6CzI8',5184000,'2020-08-26 16:09:41',236,NULL),('7oCie4nv1DtYA7CiGgQYRgvkNYXrmtCHauVbq4Isf3dUW0AUbDsS29kkSUrQQPWe',5184000,'2020-09-12 17:57:50',415,NULL),('7pabyAbsYxkg51kS00mMAgo7py2MVl30uGqGgVp52db2eYW2DDbOYpnZiHEBex9y',18000,'2020-09-17 11:51:01',374,NULL),('7PfsjnnXrHv2HuDejyBiy9BXa1b3lavpYwWccPx6g84JSWR3Bj0uLZrijVlRywXY',5184000,'2020-09-16 13:15:59',240,NULL),('7VJFbHconuOpNrKTriYk1o7AatoMnQQrHVtiXLzoA7wCAhOegImQN4oI5NmGBNe1',5184000,'2020-09-16 10:48:56',644,NULL),('7wrnm7HvjG5R32ZG5wCziiVuKbVMqQljuMySveWCBr6jRkzodnA6hvdxqyWawURo',5184000,'2020-09-17 08:31:03',763,NULL),('81HJDKi9WYukUnj5stY11lWt9MHuMkUYAlSCYeahgaBgq265tBhHHyrld7HzyTmF',5184000,'2020-08-27 16:27:19',242,NULL),('83uV0LodQe3l6q0MRltgfZmV1yx0ZbwWL0Nr6P6OUWm9yHV5fLJvxH9HFJAx2IaP',5184000,'2020-09-03 12:48:43',285,NULL),('8aNfm2MfPGgojg4G4qYmBu1Pvg13MF8qFf33bRDqE6jusjkvECAgwj0yrOW0zCWJ',5184000,'2020-09-17 12:04:59',798,NULL),('8GFMDSZac0uO0hZf7u9HZTd7xjURUTBmEXa0eFqFMwc1vYIm4QkPgSow5z6Gqlas',5184000,'2020-09-13 15:51:36',280,NULL),('8jXZVszm9Q1t9SVgZNhXx0flVDsGzKyUfIvbE7XGCb1IORNpERmgMRaFlVBCkLXr',5184000,'2020-09-16 07:51:32',604,NULL),('8LO0nl44KrY0OaL83sDdiwfxo7WBwFbSutArvFDAZAPVs7Zt0KiPtBEIteRA0Kx7',5184000,'2020-09-16 08:06:44',610,NULL),('8lQfFqEJtbETBAHreLR7Yb78L7EtHGPOUfqKzdTCDK1zMiRzjpbKZ6BW3Pykx0Jl',5184000,'2020-08-29 21:21:25',251,NULL),('8mOhmROqdcZed2fBGwmtuWqDB9bKqePieuulBStLqOoTKkLbIM7IzD5CzIlCbx7K',5184000,'2020-09-17 08:17:09',758,NULL),('8mOwOYStHRlJzQu2EreqH8kyVkfAxCRAXT18CyU8ezfmsSV3fQ7EYCu2h5rJtGym',5184000,'2020-09-13 13:38:05',32,NULL),('8sZYtyWYloP1zmvPLPeyRV8AfediBsz3t2RLWVRN5OCSZdZv3aKFwGSYZVU62PK2',18000,'2020-09-14 15:52:50',429,NULL),('8XkiDqiIezZEvarAfhC4UGffRx6Oj5eGJOGFUV8gXHobSTQ8sJqTaAzTEFdMu86m',5184000,'2020-09-07 20:28:08',354,NULL),('8yw1jpSWns7enlGUC5XCscvZwJQnDoZv0xpXoKrnWTsIQS9GaF327XGGjgLeNC6S',5184000,'2020-09-13 17:28:56',392,NULL),('94oXSxEr6E4zUuCR4LsBf7qbQDHuQbQ3NRYD7zYONKZ6j0YBQ2vxZeGFMoeMWAYX',5184000,'2020-09-16 08:09:23',609,NULL),('98RdJWx3UsET7Htk7kTUQkwsKpfm8zes3vdIOB06J5vPZRJocObcHdm89JCvLhPd',5184000,'2020-09-17 15:51:07',298,NULL),('9cORC5GGtGe09E3sXGmjmqIz7w5IJaenWZARuuA4DHHbCb4RULpaP8QgflFjSnSE',18000,'2020-09-15 15:44:57',429,NULL),('9GZwYrjBvn0TVuLuzdsO7Ty68BUywdTYDcseMJ97t7IuNoiMSw472EgGR8RlPu8g',5184000,'2020-09-13 10:16:01',434,NULL),('9hGuly08jGABBv4DCaeofn0j0qPJYFGAuIZB9y2BO3QOhmmKmFzSkH1jnCgFEJJf',5184000,'2020-08-24 15:36:01',134,NULL),('9kAMhwhDPdGxkssOvWaYKKdLs5cIflLrnFdaxpM9iyX1r1IOtmEv9vemxrrf0U8c',5184000,'2020-09-13 22:22:58',25,NULL),('9P8MCwriBdVzFpLJF1efqW9aZvQXUM4QFeTr6ddSULp5LfivuHDL1YRxozCM4huE',5184000,'2020-08-26 10:48:43',232,NULL),('9zkIQbtbWwRt8eYMVSpcjrnUu385Acdx7NpmbvsXW7mEFyhbzuQMvFfeseeqkQHz',5184000,'2020-09-16 16:43:21',693,NULL),('a26vYBFsmVk3EBAGp2TnLK8Sp9lJnDnGjz4xoHhNJMGI5AhQJ6fJZAOSBzb5qWdH',5184000,'2020-09-14 14:58:08',479,NULL),('a2Fd0iwZZ0FbQ9zkGivIYxeaRKKF77It9WNKZkG3b76pavkXdn9KV9Gmn1ZxBdJj',5184000,'2020-09-14 17:20:04',487,NULL),('A52dUYVAJspgTqPgGCgzcLh3VUlGwZoDZTif6huEgj2tAbfTMACkQHAziKOgdGA4',5184000,'2020-09-16 07:46:13',327,NULL),('A7D6axhG9fXzrocxdszD8vRrCZUXtGrkI6pHS0myy7EtW0Mp25Xo4MSsODKqJRht',5184000,'2020-09-18 08:33:12',814,NULL),('a7VS4u2lERQOjR4DwxMGglVrQHDFv0MZ2DnDeZUAMYGZgYVZCcZsofdKDnv6ggqF',5184000,'2020-09-13 14:19:22',447,NULL),('A98Ri6w6LvATDBTr12FNyCGv9qF2gvNh1Vu9LZTUd3BE5O59gbIfFhvGZEjH5ak2',5184000,'2020-09-10 09:27:32',376,NULL),('A9rHXOnuQdAKIoOBspPVw1ZJcOrtdKWRvFFuh5LvOqT0nc7ntDttK6HjGUvnwuJa',5184000,'2020-08-22 21:29:37',81,NULL),('abFDJmWoFje0IdOEY1DfOO5L8sjZ9GISv4q63I805tnbxOyJYavnOrpI4uoan8aJ',5184000,'2020-09-16 16:37:00',692,NULL),('aBnl2WOaRzWCmXvfdmdpZHZe5eWklOVbDD0cVn5ymciNwje0cbQqjbGJblsEgH7s',5184000,'2020-08-19 04:24:15',57,NULL),('aBv37I6ysFs3bD5q64rgzR9BY0BDvlXn7W9HtGG1QmVSwTDBhqNFTDC9WvfKsBGu',5184000,'2020-09-15 03:40:45',522,NULL),('abVlHOLAr3HwFaFa1Ssw0jB8ZteBH7mS04kOz2Xo311tHcJjx3phymcQXDcMJ9rL',5184000,'2020-08-23 16:20:13',105,NULL),('AEqCPP11Hw2zP0TGfM4oZmIp26BP1HzBRJ66Lj36tyRQsvwEvDnjmfEHFerm6Wip',5184000,'2020-09-15 11:19:34',543,NULL),('aEQXKQPaXW6y0lqJCTlFH1CP2cD0Q1XftAt7j1xXcm7cM3jySnP2pFchKVoKMGnF',5184000,'2020-09-16 09:03:00',621,NULL),('aflvu0TYxAWkc7MU3CMxRv3KCRleVV01nnJgp9niNEpFwYTuRo9hE9oLsKlIxAEv',5184000,'2020-09-16 15:42:52',684,NULL),('AhpRnTOyvDLtna5Gzqz9gJJVcyYvClI2lnIf3rcKdUnEKYe5viBG2PHQQuPsBgHY',5184000,'2020-08-23 16:14:09',104,NULL),('aK1gOmvPwqFk1Gigv1psDMfmT0UBaE1mukTogxAqRQSmsE7txrBpZXR2azPUVKCX',5184000,'2020-08-30 08:50:26',253,NULL),('AkQN5IXugAqHSHdGEk0EYvwdJWq2hfpZ0oI4ewVjnYEYAe67sbM1UXll22sxBlGZ',5184000,'2020-09-15 21:31:32',580,NULL),('aLUaFbbuRgB0x5aDThooM60az29KsUv4hVu48BCDWomXj7ECrzWM8zW30v0ApUQ9',5184000,'2020-09-17 16:05:11',704,NULL),('ALwZ51xWkFsmcESgQHBZ7LPuxx5ku1GQgjZsXqNV1AxoUip6xJa0EM4x34qHUjc9',5184000,'2020-08-24 15:25:31',133,NULL),('ap3ss2PT4HC0FUO9VuWMivX24wMqtMMt5L52lZ7SpKMwbYaGjY5WUI7cxyyjF9mq',5184000,'2020-09-13 14:37:29',451,NULL),('arBHH4s7dcp5vgLfcmK2spfCPt870lItU4BGxy2EOvXiwiJHm7MeMoTxqULPWBIX',5184000,'2020-08-25 07:28:49',201,NULL),('ARogqB8Btf4Unmo8SpErP8DoOOaHaanCzCDS1NMVAr3u5CJvezBVoejBAs5igz2d',5184000,'2020-09-14 03:02:02',462,NULL),('auyGoZYUSpa5JOdUnGtkFFHGTZeAOjKzHq9RBglPyrUjFvKnmvhOKzRkvHrsscsx',5184000,'2020-08-24 16:51:59',146,NULL),('AvovPEDtzFc4OcczdX1j1pyzxl6aYMITFwxfhun74m2YIo5tTedXkLNnryZIXoc4',5184000,'2020-09-04 07:42:00',305,NULL),('aWvoJMcokFKES6f8YLc86jz7ba1UjJymEGegDYLcRTAlY9Yx4AiotC5QufwXUP5k',5184000,'2020-09-16 10:43:17',642,NULL),('aX98Y3eiFASWcX4azaZ47nnZi9oh870MD5mtrvdoK5mQ5Gu3BE7gOh9hk44mVgpm',5184000,'2020-09-14 20:25:09',518,NULL),('b7hFudo257qWTzzpaxREGUM7TBVzhpxiHrlBYFbjcRcy5Zo9C0RTnZik2dFeeAtw',5184000,'2020-09-18 05:53:22',281,NULL),('b8JqBUrpHcrHbJ1SADoH88jz9f17dilARC2t1MyrtSaRErZCCZYYeEUlzTJ1ZcPm',5184000,'2020-09-15 10:08:09',33,NULL),('bAyGG9FdMzFtMCgE2tJjMXaV22JDlMia2niyQaYEblhG1SSF3LRGpse0Qg6hHisH',5184000,'2020-09-04 06:35:59',301,NULL),('BeJGkoFCicEMoNJpUWI01eYmCFFNgYdTgUMHRAoio4DoinBaDl8l4J2u32NxVpzT',5184000,'2020-09-12 18:27:57',416,NULL),('bg8aLMBr5bB5oI5dMk4xwyCcnTb9cIqLgPssTmPwe0pvuRXE5BwiKatNNezUHqRM',5184000,'2020-09-16 07:11:37',250,NULL),('BLgDgXIRFIcfAlMC1CEUYHplJ8dZUNfLYnF9QHjWHHGThSRi5Y2xL4axFdtRpFxM',5184000,'2020-09-14 06:22:30',463,NULL),('BnJZbD51VAx9LQRqDaGe8kYVGgdbfwoysU5vWguh2GcmPMMHi7nj9pEq0mLpGPmf',18000,'2020-09-18 09:23:26',429,NULL),('BUEvP694lMrk7tAt9jr0MVSrTxtwmg9AMUSrcp6VAOiqBH7yHMIXDxhqeUWl2aPp',5184000,'2020-09-15 12:25:30',551,NULL),('bvVqhiN10IkhxJ0liPa504bqKDbnY3aya8YmpxyRcXHFshEl6MZruJgEVO7hY72N',5184000,'2020-09-11 06:36:10',402,NULL),('bvZUgA8DtuZrNj2aSqb0TcyoFHzhAhYsOrkA24kyVmkllUBw4rioRgwh7cs294Nk',18000,'2020-09-15 10:19:14',386,NULL),('bwt06ardsMuhwnhAd3W35uQRMzIKpUbkOO2sLyKexAwGMZFnj68NS2K1InEQKxds',5184000,'2020-09-13 09:08:58',432,NULL),('BWTZCEPJwSHvG2bmklMxnk4Bcx0TY9WUKErM10aurYu7RcXiiJGoJ05ZHFZNACxY',5184000,'2020-09-17 08:50:20',769,NULL),('c0SgKGHNFlwbLDpvLtDcbvORXB0MHoked8yFAnx3EmLwcFhhDHD5MVfUS04xHeVL',5184000,'2020-09-16 12:03:19',655,NULL),('c7SDyYV2PAw7yPMFEalEMUWGsiOoOYXj5Saio13S56aleSpnTGHvwEyxDsoKEef5',5184000,'2020-09-10 11:07:11',381,NULL),('C8GvNCFXzmwFmPsx3o4w0KUjGeh3azjt24CiUGPSPLUyck3p8tk7OgQ1nLUhrfUC',5184000,'2020-09-16 17:58:09',706,NULL),('C8ZzCKKiECVvo3mF6s6CevCCc8iXP04zEsPvci1vn8bWVzd2ItnGdWgT8SOgT9G2',5184000,'2020-08-18 12:51:05',32,NULL),('CAqQga6IPheaN0e5qODGQYduAiBgcTqQ8r0n4K7esn9F0l6xqSXckpMWqD8zEczo',5184000,'2020-09-15 01:06:50',521,NULL),('cCEunAllbR3XDvjqY12xDmMDhSNdpGxDCX1gzSYOO4n827FfruWAe041Q0KZwyFx',5184000,'2020-09-13 16:56:58',457,NULL),('cE7jOqLv9HSxgQE40uZlK8hSDGqIarVznxd3If8TRe0hOc4jUkflrPvgCIEDC4m6',18000,'2020-09-17 06:52:56',374,NULL),('cEekJNDwUenToKCQEfQ8b1glsWwvK69II7AQPFGs9PnrC7sZjsJv3B2L66MVR1wK',5184000,'2020-09-17 06:26:22',741,NULL),('CemCFutGFiAAEr4B541jmkGMVYTb07bWztYm7plIKLgnssnVK5fBsQA9YKOPGMXt',5184000,'2020-09-03 04:36:36',277,NULL),('CfO9IYwOAeBNCZUw5QLBs2NsPDwgF7yon7kpSpfXoSZQdgtucgws8FWeP2r3CZYG',5184000,'2020-09-16 11:48:32',654,NULL),('CgKdY0P8Cy9oZtGh96tJOEWoPRH4LieXDOJc0F3MuiFbKF2EjW9JSRlJHzbOWHIZ',5184000,'2020-08-30 09:23:36',254,NULL),('cGs2LeStMKAddHjrred2Z0wiWwY4dNRBlsAnc83AiwtJCQ07ZLEFDKH690XaqPA1',5184000,'2020-08-25 04:53:24',192,NULL),('ChCoTNDrIKwjH3sCce6mhL2kzPi8DUz0HnDPu1TwVVOtAsqrATeB4A21enruARXe',5184000,'2020-09-17 18:08:38',377,NULL),('CHEVv354hx3JY7ZDdQVAVIxK1S5IVGBbSEQeWR1xjrl5yHH0ABtex08zqiNO90wu',5184000,'2020-09-15 06:56:52',275,NULL),('CKt5rQX1aJuJmdqsYmBeEcrhSEAKIgcBQKVDpk5xtIku5MmbIReXt0iv9Tzh1GSs',5184000,'2020-08-27 09:54:23',239,NULL),('CNRjrlbutipLcoZeCYM0SYKwnBVLzeak0ZBHBld0AlLAuiCuWOKG3fnpuqSrYYuM',5184000,'2020-09-08 17:26:23',357,NULL),('cnXao6vTiaR685c3aABgEaScMdQyMUmHH7JclRZcm8OK4tADnDsN8WFHMSc5sCCT',5184000,'2020-08-28 08:06:07',244,NULL),('cR86UeAzjefWONq1hEHN8yfNzFt2eedOuq87HQi3rX5XDldUisCdttleSTgwQmqj',18000,'2020-09-17 08:08:35',374,NULL),('cRzOwa4AJ6TwVUPD55e5NMSocmK2vPXiZuHFGI8WKlqEybbnXygDo20wuwPaTSNE',5184000,'2020-09-13 22:23:46',464,NULL),('CSuKX0mh9DBVJjb0ZIK2jB1NT1DHVom1rqFl02k4KoakNEH4MXjaG3MKL1Fv0ZHI',5184000,'2020-08-18 12:52:46',32,NULL),('Cu0jVo3BL8Lk7U7ZCCH3VLLtCtiDve8TRsDzM0mEtLSbiENRFzirYkzNAaKgg8sd',5184000,'2020-08-24 11:02:13',120,NULL),('cudFIxOg7qn6xKSAcevOzyqhHAWRn4NMmlQUMm3aARqODN2DXqwmHCBPiqCe7U7G',5184000,'2020-08-18 09:37:14',31,NULL),('CVJetIOSBAjPy9CkQeFXUbV2btA7jKEzhe8gusAsPN1mZxXzgGhDbysVXwVCYPxc',5184000,'2020-09-17 09:22:09',773,NULL),('cvWC0mJFWgUthH0LkrupylyG5ZZUkSa78bUCOFIAVuoU2b4gUVEiyI18cvS0owXy',5184000,'2020-09-16 11:22:16',648,NULL),('Cwh6Y62CCY694nCjpOyrOsyfKCYTIXZcey4EHbLHD287GaQVjWJBuKe5Y4MK4ul8',5184000,'2020-09-16 21:13:31',723,NULL),('CwlBMN91SK5yCTF8TauPE38GH7h8GLPm0cATAUA3DkOZ0fzXQ4tlpLFgsVRsObm4',5184000,'2020-09-16 08:08:01',450,NULL),('cWNqhPQLhxCE1YfnVMfeDoCnD7bd7mVpj64lW5BPiLlUo2DDlgBmnKXuBnW8nSse',5184000,'2020-09-16 11:45:28',653,NULL),('cxzJRObtuXeNjB5sQchaIr9OtRDB9hgbYEa6p4jU4lCZYFTfkkv5BgiueNThM28E',5184000,'2020-09-16 20:11:20',719,NULL),('cZhAyZErDUiNChmPF2FgmwzsvtPWGonOtcyRsrj28YO93PPkDVEGDlLMU7VaxCEb',5184000,'2020-08-18 05:12:29',24,NULL),('d0Z4YFsTilQcF45B0ECPH0tnJXtzCKoYLetFAGiEHRDeotBj7S4IVSBY9LiBuNKy',5184000,'2020-09-18 07:50:29',763,NULL),('d3YyWA8ZKoH4Oryk5BbsAO3qEbYmllS7s89VC65otMh0d2Wt8p2M7vvxyJGOOi2X',5184000,'2020-08-18 20:39:48',50,NULL),('D4Ft4bQ05jrSF33OWtq3S5sKfOskff5iAG3e99nFlMSpywtfrk8VSbemX6gTVyHw',18000,'2020-09-14 08:14:05',429,NULL),('D77HjyG7b1blXiQ1qxC27WSKKOaiFHDnnZtKasbxdyy2z2RHFU2TKni77fnMC63C',5184000,'2020-09-16 06:49:19',563,NULL),('dbMrqeKbq0WJoM18CU3cGBBXH0N2RzBLsUXPRRd5VCRAbameCF4B1KpHkUjLXOj1',5184000,'2020-09-15 06:03:39',424,NULL),('DbVU3yhCTzEqoWo6XcAvDHiF94VAMCDkUBxwhbel5aD7zmG28UV6zPN1N7yRiUuT',5184000,'2020-08-25 13:21:55',215,NULL),('DEmdcekfuTEBpEtbnSLxIm1JcL7lHrWd6xJCuBLyxisKsz06T7HfmGGnashpmaCu',5184000,'2020-09-05 18:33:17',317,NULL),('dfAeseBE35wWUZOK7zpegYV6p7iY9r4D6tSStJQnOZXsqGpBF6QUVk1gIxbvQn7F',5184000,'2020-09-03 09:40:00',279,NULL),('dG1IL8OQnnVV0NYUqjAzdKRrNJIEMn1EM5fdO3TMf0HnYBRwA6x4fGfz9pwnhMIV',18000,'2020-09-17 11:22:51',378,NULL),('dgTuGzStzgsNzgvkkjquAMWJFpxjHw4tXhwIWXf8BHkLPEn64C9IUT6vBamUx8vv',5184000,'2020-08-25 18:03:12',219,NULL),('Dhb2IrC4x9pHvnCgRVNZ7GntqOD22RtxcVV3k09DzkhOH31reOYScrm8HItkuXlD',5184000,'2020-09-17 16:49:32',449,NULL),('DHnONtgCmXzYrBcGzWni5FINtQ4tdTW4DEML5ja8nq8JT4AkjaLWis1KFC1NikAU',5184000,'2020-08-24 21:05:02',185,NULL),('dHxFSITkN9bJxWGHru3XS9Qv5vc3BcFoBYz5yOwL11fVCV2ECN15QqzDheBAsFBo',5184000,'2020-08-24 17:20:03',152,NULL),('djZzg8YTFRhm1lO6HRFARfHUdgKddgPzDWlUZqpZO6A34lAIJ24lZofTxNiGVlNl',5184000,'2020-08-24 21:34:02',187,NULL),('dKUteGMaRVHjHxgYIexhYLyODC18IUs8xklFUXgOEFNS95AESLn0bAl6baePCViL',5184000,'2020-09-17 08:32:33',583,NULL),('dMawwFMMk6I16xZyMvH48TcOnmT7wAlH5oR4eexEaC6KXN6f6YVY4HmQek7PxPAR',5184000,'2020-08-28 11:32:25',154,NULL),('DQYjhEMfcA7fSVNMBBgLuQlb8SSMZOo6urtmGGMs0CgP0mMjFUyto08DztrWsu8u',5184000,'2020-09-15 19:09:23',570,NULL),('DR5eCYOzkYBEgwYunDPOizXbWhvHF4ZYDrGxynth6aVmKV0Ux5gMSv3UWdeP0jP6',5184000,'2020-08-18 19:31:52',45,NULL),('DRyjmx0qhxgeXEkQwmu0WzAuHNeyskqE1TVJQDpDNt2bfI5xLU0wZmriPJrEPG7F',18000,'2020-09-13 07:51:29',374,NULL),('DSYf71Bo471YHMbbi8zm05dvLZ2wHFaCBH5xGfD0a0USwF965ePAODBEy9YsoHMa',18000,'2020-09-10 10:49:20',378,NULL),('DTrxaX7CueOlTnuXbfPoF4gLIWUFSdWZPIaVPlvHLpgPscToP1r18DMDLhnKvYto',5184000,'2020-08-27 19:12:20',243,NULL),('DtS37OX8rKaC8UsDbJtIPnt2GgIshIjcuAdnyAmcIHbZnTE8S0IzEfevqKYHgpae',5184000,'2020-09-17 13:52:22',365,NULL),('dwrkxn76UpN2Ae0PZYGNQBYPNsBkbBY6tTPBqcmSXc4AzqbLuOIHFHmeomXvOGcj',5184000,'2020-09-16 12:22:22',583,NULL),('DwYHhrFpzqma2NnXwXZmFDAplTUG9DVUuWcbr5KQoYkfHDHvc6pGgPBeOJaGorvD',5184000,'2020-08-24 16:54:14',147,NULL),('DWz0uyjPYNIAUQDVvIQszgHwC3KGJrjZyyOOFYyomgcMwdxpdA8cg5pvqpHmhojf',5184000,'2020-09-13 07:33:50',426,NULL),('EagfkNB7pGPMcE6oWA5l5K9smXTLMRfhFJq3x4v1nyH8SNI5vlxOHbGgiBkAoDL0',5184000,'2020-09-16 19:43:08',716,NULL),('eCKSawlIGluP4FISlSCCWwyxKjjlGj3zCzKjJpq2V8mH6QX4BKJAajYjlM8rIULE',5184000,'2020-09-14 19:33:15',513,NULL),('ECWAFuSdWXiRkO1N1TrPxv3A9uFyD7nejWrYAEuLjEs4hFF73ECIT3C73FL2xT3H',5184000,'2020-09-04 06:26:13',300,NULL),('EeAc9mUorivwFZDgsgDTypm7EEJIbfbHnR3FJqCvHbikQ8IUl8TFW1flUbGVWcx8',5184000,'2020-09-05 21:51:25',323,NULL),('EEQv4W46R9Qu2Ffjv0uW1rtQuoQxg37r7HlyIed1JE4SoS8zsH6xKkrFffGSsXJB',18000,'2020-09-10 12:40:17',386,NULL),('EKQtZLdoYH60k9yZOFEQTVJ3Dpb1BsqhEs3Ciz39NmJSCYZpOZJHcYzkDZTkoptn',18000,'2020-09-17 18:04:41',791,NULL),('EnGztPm0SJUEMuSxGt7rZPg0RWkn0OHkWA1CxZyvzY99B98faFFDIRHYNmJ7CEkW',5184000,'2020-09-16 09:25:06',629,NULL),('eoYUBJA6vnQ8eKeONVk0EOgcN0ZwjHbdzhWMMmqCA5vwSRNp4douMKPk6WKTOk47',5184000,'2020-09-17 15:20:12',475,NULL),('EQpaFIOxhzBRP7UCEDbecdWg3USosg3DXt4TlzXxY3UuYXmoTdDd8mrWO0618zXq',5184000,'2020-09-17 10:20:34',787,NULL),('eRQJEf3wxDCyXXYb7DmKyzH1Wzl1pufr4kMFvJy8ADFdDfEbSqmmG8A4OyLC7OCz',18000,'2020-09-21 08:37:18',386,NULL),('ERTfY7ZzyVsW7015T4u9Zt2jDcBBUCzOIYQoCNcRWSjeJuIvH6nJuTBY2gFBpOIW',18000,'2020-09-17 09:34:44',374,NULL),('eryUTAMVvNb0V7M876Bi3c6Xy85WEgdkB5VF0NGOo3b1Uw9kgDdjqZuB8AZXrmvc',18000,'2020-09-13 12:39:53',386,NULL),('euBSlCbnisv5aftEzj8xQyADAXkKK20i8xc8ODQCgc4nFQuLjHVgRST8UniecF65',5184000,'2020-08-25 12:00:40',212,NULL),('EWefG3CSIzATNJlW1bB1ZWJCXtZyfAJBpE6GfHdOPAjQgVpOXCjzXb74a2JAr9cK',18000,'2020-09-13 13:36:57',429,NULL),('eY5U67omjMkOjHfmZtZhnl3JZGL3GnlGEjRoujlXCG7izS2By0NE9hGjjASllvms',18000,'2020-09-10 12:43:00',374,NULL),('Ey72A0Z1fcJp4niv1DbtKBrluGNM6hiajg76BOcKm0Up0IiAIavhtsERdXguFLG2',5184000,'2020-09-03 19:05:53',296,NULL),('EyY1qDKCOCxRVGmpPa9h1l9CGbCwVz9Zf1bSbd67XBdHvafTUb0UD9nqc0aVqYep',5184000,'2020-09-13 17:38:40',48,NULL),('f4rmLCYqDvsWG3SIXZZFkpuM0ZWT3M5otUa8Oh5GNtmIgsgZVwF40UGSDV5ZASgo',5184000,'2020-09-14 17:08:15',318,NULL),('f5t2YQz03dk6xDWC35CxSUFKPQb4APA2uuG0bQm3amiMrMwz69xlcXBvktJ4b5vB',5184000,'2020-09-17 18:00:20',651,NULL),('fB4rHab27n3jdu0lmKOmj3iOHW24BdYLOObxkWaiARfFy67IV7xPT5v1ToeoSypy',5184000,'2020-09-17 12:56:03',200,NULL),('fbeewylipzbuEntnIBt0RyKG9NlnF9AMfjMBKJnXmFe57hxEXiK1b3PH9zC4EEVy',5184000,'2020-08-18 19:18:30',41,NULL),('FFPEkbfhq588PStCrDpFGVlAnZUJCMMFOKsbNAO7qh0LSegdrzi96jeu2FuLLPnf',5184000,'2020-09-16 13:13:09',498,NULL),('FFy9ADwUBKuNyjAlmZrshWqEJ1mw8fO8OuoW2jtUVDYieMC2EYTMjGCrqVzzWmrS',5184000,'2020-08-24 21:32:43',32,NULL),('fg52ckxdfakG2FJ2y3wYEsCFuRZfqDz1GwrNVv611Ew6FyPyDQhLapyQkjJQYFy1',5184000,'2020-09-15 11:06:29',541,NULL),('fG94AhVzpa1JQ27cuXltoiaOOkmNFB6I3FFbrMcc7ZS2LYsYJX3LFzk709JUPUae',5184000,'2020-09-15 19:24:00',572,NULL),('fGAueMOS3O1zXuM83WEshoSyOCYNZEpwA6VqssBORGlb0VsHk0uwEeeFcyrHIrlC',18000,'2020-09-13 06:42:42',386,NULL),('FgU6ErMRvCdz7dGllqiKEz1jnnR497tI8ehABRJoXzvimQYRRSz61u0xBMYEELB3',5184000,'2020-09-06 04:57:50',315,NULL),('fGZntm22zeHwCkdRE2bkTjusJecorurjTYlB2BRDkDSQkoYQe1xLGfVif2buj62G',18000,'2020-09-16 13:53:28',374,NULL),('Fh87AXXArlU4ixgBQJtNDTrohF2HLT2HL6LP3Ip8szani4SlyINU6kbZfK2l5vFQ',5184000,'2020-08-24 20:17:41',180,NULL),('FIRT1JqCm2wGawv5bT86Lu0YNsgIczYzdPwQKC1U2AcN6CTuVQY2brpRICK8ItJD',18000,'2020-09-14 07:48:17',378,NULL),('FMm2yAbbDRYpMGv4xoUVWGT2Wn8PrKyNyEatEaIivyYGEuV7UeZ0bvAB1rZTSV2P',5184000,'2020-09-15 13:55:08',556,NULL),('fMQU9mo8nPdyXrOl86Axh6dgtaIDh94olzrGZn4JlFv2fT4EVx2WzUXycRydndp4',5184000,'2020-09-10 17:25:09',394,NULL),('FoJ44YxiKZIlHNsymdW7jUkbOK1tjbNsOc0fP6DNoqEsAW1VijcQyDkK8WSHWDAw',5184000,'2020-08-23 13:27:19',83,NULL),('Fpr4LLPYh6I7WMGmXRsyDOTse7kBbDQRlumB1D5Z6e3t08paUAUAkBiQPSRw0NCg',5184000,'2020-09-17 12:29:22',738,NULL),('fVrdoYv4bHb0Uz7gDemuDUG036FDDBsR5cOJTDH35N3CRTLvfRjbzTAHaLyHHz7H',18000,'2020-09-16 11:09:16',378,NULL),('fYEMSjcL4RBCSqwx4y9yDQ5P7dFRPwEv8pBonHH5BTLETtjn6E3bJea3oGNOwZPf',5184000,'2020-09-14 10:03:09',469,NULL),('FYFEJh5C7zPA08fpDz6AAuT7nlU5HUt2r31ybRMvUEXvkW5xLEzmNx2klsldCLXQ',5184000,'2020-09-07 14:41:00',353,NULL),('g1uB2ji3KMiptHanQlQTZJBxkTXEBUGLO4k4khzHqSRqF9OL0VJBhyE66pLcbS6V',18000,'2020-09-13 06:52:35',374,NULL),('gA5ekGzzrBUQ9HV4CE7c85IDdUC3usNYoKn5YOIzLz4gl5SBHSiUcp6CT2WmSyRI',5184000,'2020-09-13 16:23:34',316,NULL),('GAgBnMCD60eFKNA66GVQyMJs1sBgJfLNPZtoLO8NY91nc20HSfffNMUMzijKOFzz',5184000,'2020-09-16 09:04:10',624,NULL),('gBeOihgE8CcXh7ADPVpp9UhmiwWHr6BlhYnicBw6tWhiwkNcgHnTiZ6EOxu5lx7z',5184000,'2020-09-04 08:12:18',307,NULL),('gc0jQwQdRjcKRdufnZqf76V2GychALioNk09ydw0Bowj87tKYukiRNp1g9uoRBhi',5184000,'2020-09-16 07:03:25',596,NULL),('GDUslrB4YogHw8mMoDAduRycjIpy3NjzCwF1UQzNuDIQciLPE6cb6fZf5lHMbVL9',5184000,'2020-08-24 20:05:13',178,NULL),('gDwjXi2kYpLGwu9BcY67lg2FWa399QGhSIh8XFV8qyJLL8wlKNCKXxNUT1mfh2Wl',5184000,'2020-09-14 02:58:33',200,NULL),('gEMVLKh5eZ96q6eb8B8Qy2ZCEoZkeFuowwcDc2jNuYWpMZRFimc11u5Y3YjK6yxK',5184000,'2020-09-10 13:56:30',392,NULL),('GLeFFiNH7qJTTq7ieIdv5TECWFDdLgcZfTQCLbr9alRA2leyGxROonXIjNLQMNrj',5184000,'2020-09-16 17:49:39',705,NULL),('Gqg6HxGOzf7I1tA585HZy2i5N3W3O3f7d0L88ehaaTTSk1bPxsw3A67TeOCHY9MS',5184000,'2020-09-16 15:56:13',686,NULL),('gtuu248kBKrInAxnDxXkyf0NjZGecJjL5FRQ2j8Mc0dGuaPqJfqgcpmbILhBPVub',5184000,'2020-09-16 04:10:04',585,NULL),('gvrOPxsFw6apUf6WscbSndI42JsqoxwzWhAGcVnZOPBgalp0jHZ0axs0wxTl3kyF',5184000,'2020-09-16 09:26:50',630,NULL),('Gxoqo0wfE21dYBx00qCKFHELh7FGWkXnOnhKqlDlbKWoh0sGzgni44EmFAPir41v',5184000,'2020-09-15 21:21:53',579,NULL),('gY0JLxEsM6CBr8I2ODXwuzYowrJaDMyuvgyXoxGivSfwIT8IgYog76Rr75pm4FSB',5184000,'2020-09-15 11:24:42',545,NULL),('GZuWQADd3HdmE1SKRf32Dt8XDw4gixWnjAuzy3iu3qyshHM2MLL1zWSv81Z1Ip5i',18000,'2020-09-13 09:05:29',378,NULL),('H098DNcegsFeaCU4xABic1PtinMZ9CAhot9bvRjs9rJZp5HSlA3f3mEyaoJm8ILm',5184000,'2020-09-13 16:54:22',192,NULL),('h1LHyDynuYEFPBstKwaQ0DMZz7mXhB1FMcamroyL6bADjhffURTUEmYosgMoMT7y',5184000,'2020-09-03 18:43:21',293,NULL),('H2LkndkmGbKlgVsLyhSWIkd27xHjkikkIOGZ3SLnztVGTtQVpXTT0xzorKTZ8Hir',5184000,'2020-08-24 18:46:31',167,NULL),('h51Mx2il5Qm3xuHb4hMk5NZWe8X0UiCmTFmYESeFf2iFdvheZnHqxD6FH6Gg1KtC',5184000,'2020-09-16 07:31:46',498,NULL),('hae5jiDxtsTrUvztMZH4vBiZFiynnOFHVDJrgCrZjeXECPFcnmRucCs2NZ0XJACC',5184000,'2020-08-31 13:56:43',260,NULL),('hBpqGmkxMM9DIvJ1nNJqYx3I0UCUh4NbGbypyQm5w4AGOU3iqUHGbh23E9XjzUOV',5184000,'2020-09-13 07:11:19',424,NULL),('HbPvP17ypqqh48knvHmJkWZxAzjLLdOjgLfjixBFOetqw8HwBg4gOXF2xW7LqBZ7',5184000,'2020-08-24 19:42:58',174,NULL),('HfarGqwznYBqlAuV08KXT44WL73mTo19t1D7Nqjve0J1Keiilhs3YlJGk29F3IlG',18000,'2020-09-10 13:14:46',374,NULL),('hfIDVNZtlIMc3rd7ygrLjlGVXRga5xbWZInXZicjVPtZFEKG1JPPC6PPQU7Oycjm',5184000,'2020-08-26 08:10:22',229,NULL),('HJTLRMJpdPNStrNlXseKEVhysQIq1p4fi095amVWn34lFBE3RGTwYhgRa5v1adAE',5184000,'2020-09-16 21:23:50',724,NULL),('hPJIGXtdcu8RHoDCccmIOa45bXGkHLbRRlYp8iiQhBjpD0yeDFixPVYagQrwv60k',5184000,'2020-09-14 08:14:39',308,NULL),('HrT8NpWVANmR4mZTWqSmzkECjb1684RHfwxSsOi7TiUZeMCldwVLboWHEQ9LStI0',5184000,'2020-09-15 12:03:34',548,NULL),('hwKfd6uCv6anqYvKMO4uMDIiJTpvf9adeKkWhAiN7ciYRvRewfbMRO0ttLvWW4mG',5184000,'2020-09-02 09:42:35',272,NULL),('HY7RnzKuXEHTNOBdyrB0aTVssUCraGzmYTa16Htn8E6IucDiFGj0Da8q39hAaZIM',5184000,'2020-09-16 12:22:22',659,NULL),('i0FGf5BspK6ZF7tWYlyf96clyfvaL3ejhECwUOp4zhiWl6HW6ayiixQNsWhyH5li',5184000,'2020-09-04 13:46:14',314,NULL),('I1fScUWhnFrrGEOdeqAhFFtK3KlHiS6qFhnLGtACNMccdrRsCn9TB7gSrvx7nvsB',5184000,'2020-09-14 17:24:41',497,NULL),('I2oOJ9rJEwjd2UxilXG5nxY2MVppWuLmpd5cCIIdZVlXX6hQWWeyjCoB8TB8UwOC',5184000,'2020-09-14 18:31:25',510,NULL),('i9uxJ9SDzCkJXilHOBEqI9YFhgzyiH7MA398jZ5poquZffxzhIkgc2C8pCnH6KLI',5184000,'2020-09-16 12:39:44',664,NULL),('i9YuMHgioaFOAGdKGmKX1e14bDKfSL7j5jwWm1jpb1LoIaPq8gChzp9dnESXbsRT',5184000,'2020-09-13 18:38:45',461,NULL),('ICgrHw33kSDebZQw9J1cWRI0KAb6MRkkVoGmXpn7JYW3x5nN8C0CqKeGuzRhatQd',5184000,'2020-09-11 08:19:50',404,NULL),('iCrw9v0XYlg7VS8iJ8C3TZ4r5k0GWA0Nb1ALSD2kcRuaWZMIboVvfpCqwZlldoOT',5184000,'2020-09-14 06:37:10',463,NULL),('idF9NBvwETTkCK0CMheQaXHChwbilNuFyxeJ8bioo7HGcYKO6ckAlJzQA7K3SUvs',5184000,'2020-08-25 03:32:40',190,NULL),('IdqVnMlE6iu7aBzvSd1c2VNpjyWsudq811u3KZoR0P7KDXgQCxOS7Tz7X0BcGyaL',5184000,'2020-09-16 12:05:54',656,NULL),('ie7RxzCw2gxPsdYJLMi9SFP4i7ACAjV30oBTRxSjkvT9sDkpwMVzHl0vqikPvLd7',5184000,'2020-09-14 17:21:57',490,NULL),('Ih7AUOrzGxyR9qpnKKLO8Ae7sVZyciG710rBn81hXpE9dDYrWyYcRXXP3wlAyfsz',5184000,'2020-09-10 14:20:00',384,NULL),('IJpkRJLbIwBC7shTcyziBW3ntDVxZz30BfBgcsHj0nAsBPDTULNj2FNaCLKkWhkr',5184000,'2020-09-09 13:06:20',364,NULL),('ImAIV7Byl8KTMEFTEix9gsOJXJpOyP34PwV4RzpeM2X97el9pIlIxMrU3bHZmLID',5184000,'2020-09-05 18:06:37',316,NULL),('IMghWQeR4DdEoHaKewGyv0qYNZ8UmCaRyRkHH3M2nrYNtTUlLKlntOMNNKFAqc4l',5184000,'2020-09-11 06:31:33',210,NULL),('In3uKWzAgF0SFjAaVVovDKkLa1aykc65B6OevSki2nfadPNApbqoZCLuEaDbxvlm',5184000,'2020-09-17 15:37:25',811,NULL),('iNggCMmqaXrjHWQYWeOulDP33htNy3O8gMsdI3huJK3GibcSlKoCJ0OEEYnVphrv',5184000,'2020-09-09 10:06:26',362,NULL),('iSa6mlFm0NRs9kFkhMA5SwadHDgnoMVPG1fNJ1EEYZd1fkV2JkVHbalAF1ejZ9vh',5184000,'2020-08-24 16:16:06',140,NULL),('ITxtT9b46OY6NRqv6DbsrFjnyTQSgOtjp4dIXJ6DG8xZWR09GSvKpe3EOdoC7MUi',5184000,'2020-09-06 18:36:17',344,NULL),('iU9UhYBlMvxec8z5l4fCnChMCizJI34a7fklLgTozQ0B3UUyWIi9h5CxE8cEoQkw',5184000,'2020-09-15 18:21:34',563,NULL),('IvVzHUR0o7FICorrsrGaBgXzP1dGFhzt03AAQpEOcGGVtdFWzaOOBaRq5LpofxY7',5184000,'2020-09-15 08:50:37',496,NULL),('iVzwXDMHH9SiFmwA7mNw1REG9CAqAhQMj10tgaiX6b1llyiYTsDSSIAEFxApNshf',5184000,'2020-09-03 19:24:05',297,NULL),('IWE19gm124poQnC8VbJaqxedpODXqIJNcKRMZri4OimI5EkPP6V047GKzoYudBIg',18000,'2020-09-18 09:40:28',429,NULL),('IWhCJqchZTjo2JNDimG6StV2Q3aLsA9vMWs8hLOKNXbNWKGZw7pfCBXQvIbwiGuF',5184000,'2020-09-13 09:37:59',433,NULL),('J4A0mU4lluvFln54IyT2X4hyvFP2Esy0Z2KQRPHeYTNqGrrVllEz5E2ficGCbB4W',5184000,'2020-08-18 19:29:49',44,NULL),('J55Tj0pAlj8nDGznrAKYO8jfRCXdECRQtLu8t9h8WCII2CYXDa5BbZYowILLBUpM',18000,'2020-09-13 08:15:08',429,NULL),('j9m44MAa1ab1dx4bn1MfBN6JMMrLCokdYJnJCvIeILfUSJo4RXeHQRU2HoIiSKGM',5184000,'2020-09-15 14:05:58',542,NULL),('jAeGMxflBQWr2gk0QeRf89i2IPa26aFYhHE2yMu7dv8Ay1t9FkjUgxjHneyn2zzs',5184000,'2020-09-03 19:27:45',298,NULL),('Jay6mItwdVM7ntv0sNSr8P46bVrIAUx6o4eXaRkiRA1LuC95kboRThfHn1dsisHf',5184000,'2020-09-13 15:31:01',86,NULL),('JbejVXuAhwAcWocHCUoNJpfVWG9IT9AB32YT3JNF8tFHZqM7WjOD16a5XSaY0jIw',5184000,'2020-09-18 06:41:32',520,NULL),('jEXFcOdTmSqUAXrVzb2vqIfSReKUKSqe3aIMghyE5kLJvuHEk4Z7UdfG8sXVSUs7',5184000,'2020-08-28 11:46:45',199,NULL),('jHYrMzjms800tycf2N14Nb8xHW9gF671DuUSklFN93cm1MZj7QHDdkZmnF7He7D4',5184000,'2020-08-24 11:19:13',121,NULL),('JjRb32Rl1L2clJ2XAqKYvYcWkByV1zKgpJ7t9fbPbNi7Hsy8Ej2jezWUpkkhiJpL',5184000,'2020-08-25 10:51:56',211,NULL),('JkCKxfTbD5ffK0kulg3dBUAYEjO0F7AGLfRpZfF1DSqvp2RNxHwqBZ6hr5w7UHZH',18000,'2020-09-16 22:33:08',429,NULL),('JLerc2dR56QvfzW5cpCo7hvIMHBCPrENyj5YhpEEzVBFVSU6li9TuyclsFEba7tv',5184000,'2020-08-28 11:16:58',46,NULL),('JNaTj3AMpQnnS5XgPypp8NBwvHQBCD8LNl1VblKuoeTPY1jbFkr1jVwg6htEjndf',5184000,'2020-09-17 18:23:56',546,NULL),('jNM8uk6JoQKpI1UkGuGxR8UEWHOmF0mzx6CxQyxGd5omDINKUiP0OUBapeJEWsIB',5184000,'2020-08-26 11:35:14',234,NULL),('JOyDTjARFQVlBi4HAlZ28RRviIGh4pEFMlTEKFNcftq3jqHkAGEvmhFOR9JfdtzJ',5184000,'2020-09-17 11:03:29',792,NULL),('JpCLXJVN60CVLvx2kKe4PHUYJxibvTUxJtF6olWPhGulQ9Yo6we3PEjnBHbKGu4C',5184000,'2020-09-17 14:14:03',264,NULL),('JpvqNBjBQkow56mXl4DeXUG0sND35NQFDHxd80NQbHJ7LXsgsafifPb1iMTxwo5F',18000,'2020-09-16 06:15:03',429,NULL),('jPznh1r8ydj0JXNr78MLahq8qvGwHclT8zKpClqw1EfYASacHW37nQD39uTFBmR9',5184000,'2020-09-11 05:59:00',401,NULL),('JT3wNlAm2FE0jrjRlVp69UDv97RfnV0MoUdttxDKb27FQ0DverXRllS9AnvWjand',5184000,'2020-09-16 15:24:49',383,NULL),('JT8j7k7YWYy7gqdbGkQ9Am4GwZkyrKqR2r5Lqo5eLEvwaJZnXJLufKm6v55mrW2R',5184000,'2020-09-16 11:10:21',645,NULL),('jtVshukv6aGB1VK2wxDr3WRRerO74OjkvjhMr9QDip4ZiH4TzhuX13XUAWdLdDCz',18000,'2020-09-17 10:57:13',790,NULL),('jviR7m1rUCF1yNJXI2ucB8BRFMKcOdarEtYg8PCF43qvl1MhHGumb0Rczo1DCHHa',5184000,'2020-09-17 08:31:23',762,NULL),('JzqS2Elmdx03ITCgdxC2wGbiFnWeoS3GihQzLDMd6gVC8W1obqPZuBnqECKFIMfW',5184000,'2020-08-24 16:30:17',141,NULL),('K0xZ0VpOFTc0RJOkASxn6j1kTCsd0aaoaJ3CZ5tSujIZWqiTwaTC3ipo1qVXOGNu',5184000,'2020-09-16 14:37:27',678,NULL),('K5FxYnJT9ArFwDCBoJcxo2BhPDmZlZEj9O5x0TdF4cbVvzdAVLaMLdVAkYQcEGBu',18000,'2020-09-15 14:11:45',378,NULL),('kaEqEXP6qQAeKd3eQGTqRvwGHMxcC5dZZPg1sbtIlDeUDCq8zYzt3t4G5gUKHvLv',5184000,'2020-09-16 07:48:27',83,NULL),('KBAPn3mJ1ORayhe6H2Sng8NfJWHKgeejmJ3oRIgFkLrSah385wJ90XsSyKZ1PxlE',18000,'2020-09-16 08:51:55',374,NULL),('kCqjmuQEkkdDrV3yZSzdB0s04ZWB4k8FgB55gt8YmsbeNaR6pKxqUG93FyuZP56R',5184000,'2020-09-14 17:22:08',492,NULL),('kdol1AI7cC2IDrgxQqbcSVTUWH1LSjqB0fJgZDLLqlvs5696Cy2yNjQYmTetW8sZ',5184000,'2020-09-14 18:27:30',190,NULL),('kdSCWgKWbnTmwEtZIgON5ElV9KUKk8FU9ZqdR1fgerooKc3sFdFJf7aIRcYqgbB4',5184000,'2020-09-17 08:53:00',771,NULL),('ke383dTB0KV6JMgsKw3DxVO5QlfrErI3YATxgFm4k1uVG1AtoUzNZAePDeWMmNKx',5184000,'2020-08-25 07:50:41',202,NULL),('kE9eb5H9acoTJzTBnMkkoQuuyZl8uZn6OqQ8W2odlJPRLvh3iDtTO0F0WPoPzzGJ',5184000,'2020-09-16 07:52:57',151,NULL),('khtHXg4ZJM43FaXfsvUknalwOVerjd5xPVDLf0BzbQd0CGUYQw0Q4h6OTEYqmPLX',5184000,'2020-09-17 12:15:44',802,NULL),('kkGVnlPk0H1dQzmytc91nl8XFJkDHLjo4QTcYElNVFKaKsNN0ekWOKJCshaeYf5r',5184000,'2020-09-16 12:07:58',658,NULL),('KncsVFILFPBazTGGS0xHxFeGjslfqpGDy0769d6i37Jc3I6wE2ViGRtlenQhkJL7',5184000,'2020-08-25 08:40:14',203,NULL),('KOPsQXcsP1W1qo8C8NnzPu8MCUy8FI7TTY3mTeyqpi13KfOmuGrtqigPAArYRHjS',5184000,'2020-09-13 15:19:50',453,NULL),('kp81urjVmG99uQLwpKfei5QHay9Nn9uAlWZh8mCXvqF8jzHmOyQE4Y7wPuN6D5HY',5184000,'2020-08-28 11:26:19',169,NULL),('krDwX9DrNAVryHCqtWCcPOB88GoLCU88GQ0TMg0XXuAfJyFGuhovsS3juQqqGp4I',18000,'2020-09-15 09:08:46',378,NULL),('KrIVEO7MfQamMD12Gomf70sKUWB768P7MzksuHoH5ERBzBUFULg8ErRfDIMy2ZxE',5184000,'2020-09-16 22:41:30',729,NULL),('KrLi5E9eiL7Rytiw9VytG9wagSi0FEt9djnSM1l4cG00ZSS4BzjfrXI4xCPKuI6a',5184000,'2020-08-18 19:46:01',45,NULL),('kROEX0STZO4chp7vRelp2dGwQO0tpIBPfkdzIxiRgIZOsMkAKMQm57xwcFG2ehRQ',5184000,'2020-09-17 12:15:10',799,NULL),('kSHhmcIDG4VHkYV2JVPB4GOlFmhIBYR9no9kQmlyY4hcEHZYbYg4VbKsYh7QPK15',18000,'2020-09-16 07:07:41',374,NULL),('Ksqou7GTnbroXF26AsSosUs1WpF2iPh6q6rocoh1DACrR2z0Zjz8pITD786Vlwnj',5184000,'2020-09-13 18:44:29',416,NULL),('kTdHf9CPpi9wO5TsUwjgfcK7HdKkz55PNMeOyoq7CnTXNaEhR9eKmHZK2WQrjbzl',5184000,'2020-09-16 06:53:28',593,NULL),('KuR5qA8bxJJICu08CZkceXuhcFphQeACByRpJHEJzWwZcpmvtpLPAkQsKmrObQXU',5184000,'2020-09-05 18:33:29',318,NULL),('kWCUHtXWRqykYUcsX1lb9xGdEtF8FUSB2ZamR42MvrLaB0MDqYI6cQXRKbh4hJyx',5184000,'2020-08-24 21:25:45',32,NULL),('kZZScOLS4FMPEV6COWhh0YOkZFVR7hTlBmn6uWB5CYbrIYoERSXB2ZDkouwCm3EL',5184000,'2020-09-17 05:35:15',734,NULL),('l5Eerr5R0MvwqMOOpU99Uj0iOgSfN8OddUuLbbZOcUigGJpklapvmEd9QwFOQzZb',5184000,'2020-09-16 08:46:59',614,NULL),('L5YfUi4qhs3ymNDDh5gpGmyFWBO6vD0TYMKIBVAakhm8uAr0L1llT2w8dVISLHu6',5184000,'2020-09-05 20:54:53',325,NULL),('La6DOV2C5zIPL4WTcxZ0Kb9IxJMVMwvQdpt59ArLVADDXcl2sUW1XBtH69itbfHj',5184000,'2020-08-23 16:12:51',103,NULL),('LADRO6RhgOT6BB6y0vmAfdM42mAGnVFv8BdTVu3ErvWjLkmuggEnXGfsYVs460aV',5184000,'2020-09-18 07:49:37',741,NULL),('laRYSA2lwKUQnMA4SrTMEfV048knD2BWWQj2OBxkg1RoEX042Kph6FCWvyJUzxmf',5184000,'2020-09-13 13:35:48',444,NULL),('lBI3zkOyrA2MWpyrlKLNEWlDxAXB3r6DZzsMuy0MFeBooJNgUcmPPPB8hccKeKPN',18000,'2020-09-15 11:42:44',374,NULL),('LclItUO5MZargiZAqHXzE4vNhCurGvKzOTVFoRId10YvW8dmq5p2yKH8eZ5FlN35',5184000,'2020-09-04 06:37:04',302,NULL),('Lcz4M6SvKFyUowXUJkTBPebWhONepUksV0hZCOFYXqbGfCcscC1qRNjeW7k19qaV',5184000,'2020-09-13 04:45:52',418,NULL),('LdRt7B167Diis7opgxTWOWAAY6e9MhMKTGGh6Da3AbxKGuZ7p6A3yw5KpFiy43aR',5184000,'2020-09-16 12:22:35',587,NULL),('LDVemF9LXOjSR48nlQD5FjNzxyzmZtJHvSYEtSixIXGmbSduAmMCUlqW6hCOGzL4',5184000,'2020-09-17 02:59:55',731,NULL),('LfFaxXJiNAx6UzC6OGgt9gTsNe7PNsMpixk0F1oMtzgJH1Knta0o6KZlSzj40PQu',5184000,'2020-09-05 22:30:50',329,NULL),('lGDZzO9Aa1soHrwJ6ULY1FeYzVZCBZHZEjiR5ZTZngNBmyRY59FJszBroTqAfoWM',5184000,'2020-09-06 11:13:09',337,NULL),('LmchQK6aGrjhdAk5Qp3FzYPOj7LguSAp53eVuGxIRhFlGnyMoalLOoHRBZyOpqr3',18000,'2020-09-14 09:10:41',386,NULL),('LMgHkTWJYIcYukaFE4hZEi4NhsGTl0Rs9YgzIydYeaMHS1qhj045TrXWxn6dNI6d',5184000,'2020-09-16 18:12:58',577,NULL),('lNuNl0oCr5ESeGrFvYmEkm7V9GoBem6vqGM0lFTl9fFaTE8a26UfPblfpCAMrYvS',5184000,'2020-09-13 13:31:09',443,NULL),('lP52tfm6O2UqYHaJAvPGSEPwG0eULVsobcgrDDdgMfAQQRdXmGkEqwQJXrZY3f2w',18000,'2020-09-15 12:15:13',429,NULL),('Lro9Y7dkXenU6vS75C8ZHYa5xpEalHxk75IpyOCITTCi7ijwNbFXZpaD0C3WSlL6',5184000,'2020-09-16 07:56:25',53,NULL),('lRRql0xCAvZq5NZAvH60wy2LppzRzDLcueEFU0uChxUa2enxjcwNzyG799PIGoiK',5184000,'2020-09-05 19:41:09',320,NULL),('LsAMCLr4e1KXRO9f2IK9ryHZjDpZwO6Gfo2za9Mw3j9P429nOgrgcEi4TaVN0AJc',5184000,'2020-09-03 13:02:34',286,NULL),('lv4RGzVnOq4JmNdZal2znSIXAPSedehYptz4v26RD7L1QQ82OeyJQy2Apj8cLURZ',18000,'2020-09-16 09:26:49',386,NULL),('LVeEFImZXkoSB0dAXzf8B5fl4Z8b8aY8RiMU7hkk9OXyXXHh08BZYSGt3SJPwmH8',5184000,'2020-08-24 13:34:10',125,NULL),('lVwZnq1YiikcfBMhrARNXRVw6XZLTiwHsrwzcCn9igjTQhIlZZVsplLqYHVPx4yU',5184000,'2020-09-14 20:18:08',327,NULL),('lWPx2p4YD4jPTjzvVfxx5wIEb3gK6zARzQ1q7XVHDMF5jnfQG4SeQA5V3Gy6Mg6M',5184000,'2020-09-15 05:51:05',524,NULL),('lz3GN3lec6qB2i9OsZW0bAbfLJoqJJTKFZcdIormeF5XcClv0SnRwbjzXUmIeNuf',5184000,'2020-09-15 08:21:51',526,NULL),('M04O4bbLXCpIjiCL4Kk5Jc0F6uEHoHyOgGjAFvHobqW3iw1O7ODMU1njOvNoCE8d',5184000,'2020-09-17 06:27:25',744,NULL),('M0sDXGdAi8NnDTNywA0ixJUEFvOFYnhE2pWRIwfXyA4QgI2MXxN48LqEcQByBlYE',5184000,'2020-09-15 15:52:39',557,NULL),('M1SiWZMZxgyUHkkwcZhfmN61WBr5nc2yXFJTa0LvxHgFg7uGCtDg4aNO5EQzovw6',5184000,'2020-09-10 13:43:52',390,NULL),('m4PushjPPhberaDEZcZc5hWqdQ1ywWJoifw8fTEjkc6JLYi2S79TJqx8RMwJcLqE',5184000,'2020-09-13 14:42:22',452,NULL),('M7QJ3171DQuN5Y3K36cAbcrPt9vkAyokb3yDWuPOFkllyNm7PMLLzbzFzCK7dD6C',5184000,'2020-09-15 19:49:21',574,NULL),('MAV2unNZrJcIn0pTpCZ5cpgusa7YZhJQtgmM6GWrfwZefQt3bcHhst3JgMpKiDHg',5184000,'2020-08-25 01:50:01',189,NULL),('MCkPEYsVBafZ5RvmWGAGI7sAeLhpffKFBF9VHsMi0CNJFegLO6NPR2KM4mIacRvi',5184000,'2020-09-15 18:24:42',564,NULL),('mEk21sFArjmOjoLUHxH8yaqiPqARxF6cZ3REtXeoYqeE4PYxQSDohGgCHVjbgCwH',5184000,'2020-09-17 09:43:41',106,NULL),('mENrDJXpKiawRiGEFCuu4onuD2Ike9z6olPb6qGaUsGGjuxQvWmBGEJQuIZPJYfZ',5184000,'2020-09-16 14:39:03',679,NULL),('mfIcjgghHZxI7DUh6kmX6MKe8YLYloTg9Mwp4e6qCUojGhsbKBUV3NgdOazoHmaV',18000,'2020-09-17 06:14:21',378,NULL),('MFnDk6FNwBMxgz7k1XTIjeAk4qlrHVDUqBZZ1E38KjvqexyigPCIC80FZ8maE5Kh',5184000,'2020-09-16 10:39:18',641,NULL),('MfUcoiIKwB3ypv013vwvxSzGZTjmsOTFw41zXAwcBjBjPqVIdANWdXCpVr1d9uGP',5184000,'2020-09-15 20:20:12',575,NULL),('MO59ApGA8PzX9Ist5MBu1GSHHY7dV4FlCQ1PvfADI3EH2ZaL15DG8iCB9CRUth02',5184000,'2020-09-14 17:23:12',496,NULL),('MRIW3TDnqn5RfOGsTMKtmGVfBb3mHiDBaMpYlWFuGzKkpmNSHR3hXZtf6ICwAl1r',18000,'2020-09-12 19:40:57',378,NULL),('msA8qNG2z7l5O2pfoiKp0B7MXxB7D85hkMsoLut4OFD3iVCSwOsdtjwgo4iSnNj1',5184000,'2020-09-16 08:57:17',620,NULL),('mtwmJ8576LWKui6BgucbIDtHHW4G7EdAJGVUdwqlp5hX1qr81PtRSZAqTVHFFeq7',5184000,'2020-08-24 20:07:53',179,NULL),('mUMjerJPUgjFHPjrdoS89KI3tYCudaXEgd1KF4bIfRUQgBTrGZBPtoyQJkNBVAHv',18000,'2020-09-13 08:12:13',374,NULL),('MYDjjIY5C9i0TtzvBoAugHGID4gRtq2hobgRSKTyidqj8s493on2TnFKX4ODznSF',5184000,'2020-09-08 11:34:36',355,NULL),('mZGFIEfqgDrSIM73b31b9KXUw4lXmcHuUTirGNKkFreEdenLU4tQ45SqlLv2V6Pm',5184000,'2020-09-16 17:03:23',695,NULL),('n3aw2iTAdIX9e1SeQxzHrCGdnXjaZSGldtGIjO1fQpI0pU7P1ZsjiijH0nEGI83w',5184000,'2020-08-26 05:14:53',225,NULL),('n3QCeBJWtgIhXbN4RUKYUTiNXGSOEx5PX2J3ps530jaeLOAd4LUlfMHWJKtswIZe',5184000,'2020-09-03 10:37:53',281,NULL),('n68oKt5p6JCiHY6Tp8Zivttsbi8m1aU4VzlendlQjMDWE6xU5HjBIxbXTouMGLgM',5184000,'2020-09-10 11:07:45',382,NULL),('N6ZcMUmEAEIZ7G5IWLzHKG8qsBQSG5FI1BclcZecq4TuWyXNL6CbKDQLp2TalQ4V',5184000,'2020-09-15 18:46:08',567,NULL),('naIa4tDUW2GAN2FT065SZZmDcOaO8qIcH3mRQQ4yom8Wg48wSB2pjD4rVAxb3twz',5184000,'2020-08-28 11:26:09',25,NULL),('nBeMRQr9sc3p4DBOpWnHZ2OnBnnrLXnmCJq7KtZNbhNaADXD1UWpis4AiCSKZe2n',5184000,'2020-09-17 09:54:23',785,NULL),('Nfb68IBm6bfOFgc9JEAXfZ1dqaBcf0nXJN2pajwm7eidlqf9VSEbN1jc6QWekxxA',5184000,'2020-09-17 13:54:43',301,NULL),('ngiRoQwvOEWbm9RT1GOWTgbKDZrv6hEar84eNOlVXfuJJHHaIuPuu3ImFfK6F36k',5184000,'2020-09-17 14:25:42',192,NULL),('nI9EEti2k8gemcNGOVnJO5Fz6VWCDHHgNCrxfUEU6BC1NctZsm4USCXzBK05N7dq',5184000,'2020-09-13 11:30:12',289,NULL),('NK70A4ItyFJFGuZ2lvmqxFO63zos2pFMfb5NzEdJJGZ8Ccd2NDCMFs3U1XYhaHcT',5184000,'2020-08-24 20:52:55',184,NULL),('NmkgVqeEfL6EEL6YsC79ZI2Q42dhGy5VIlKKFB6sGdFuzQyVjrf5pBsLTMECFx6G',5184000,'2020-09-06 05:11:42',332,NULL),('nOZDM63Avx3GHK3de6sTzCK6ZHroHpWFa17Fu2M1f6lLANRquzysTN1GnCDN2QCG',5184000,'2020-08-24 19:56:23',177,NULL),('nP4iOZvzX4lZovzzzTVHo0FkWH9ZvQlzweH1OteQoQRtmtBjPybCuynUEdYTwXHE',5184000,'2020-08-31 15:15:10',261,NULL),('NPVyy3konmFBODHJzuKMTK7Ji80mFVqihP3KL5ATbzbXAUZzXnWRLCbPjdNklDfz',5184000,'2020-09-03 09:05:56',278,NULL),('NQlDERN0YCLEPwenSHWqv0NhJwnJoQqt3RFxIEnX4YKDBvddIRKVuTMfL0bm3RoY',18000,'2020-09-16 07:01:43',374,NULL),('NqXoGODTKuu0xsC6pxbCS6pWBxkdLnH4TIEkchnsHKSFyZV53Hx2wVhdDuaGHNT5',5184000,'2020-08-24 16:55:35',139,NULL),('nRUeriyu77NSbdqegba7SaIOZN0yivC2ml47nnuKSnx2cv8y4AXlPov2DIuAXe5A',5184000,'2020-09-14 04:11:42',466,NULL),('NttS63isU0yq2xW0YpTHLQQyQ3cHqfYDvgCLp4n63mLFYh2x8rNn2OL0vjQRkwc1',5184000,'2020-08-18 20:35:17',48,NULL),('nu4VdB9BSqaK8WhUKqP7i4faFI5cpL06XtiF6JfevmplZ98IYBK2HK25pO0EQoOz',5184000,'2020-08-24 20:50:23',183,NULL),('NUvKQsEAoI2ccLWCYBnjO8vOGZx3UqGhdego9NHUZfkuBMkEcx0tJ1Ey4GB0WBqQ',5184000,'2020-09-16 08:53:55',618,NULL),('nv4UpAHsBZF57ZhL4EA6pBbReFf598Ft3RVVo5tZKn7OPuJVFvUjdwgIcrssTf9H',5184000,'2020-09-16 07:59:06',208,NULL),('NV6dk8bVSi9rSoJIYyzq5Ccfa7D4NDL3gSzD1ve8E4qDBFtA7wTDZypAtkHJtwO7',5184000,'2020-08-24 17:43:18',159,NULL),('nVgfLqkCkgr8Obo4H21c5crE1jyG0UWSXQ2EoBd7Y5vGr0YohyzdSFVPXHAK7bBG',18000,'2020-09-14 07:10:49',374,NULL),('nVXbSWl8SHfESWroVkXysEgXFeAMyxOCG0D2WBR13SGiVb7bwrwZ4lGsGSUQ6DSj',5184000,'2020-09-14 18:04:51',160,NULL),('nWpkG0g5AIFIlKzsBTCnfla9tGWc9xDdl9Q7LwqIMvJ8Fduda5F3IfCQWj4P1tlv',5184000,'2020-09-17 16:43:01',449,NULL),('Nx60To53U61WZK9OJafCK2wNL7V82iRxcT99s2BWABFs7JtDolSYT6ihJmcu3O0A',5184000,'2020-09-14 16:29:11',216,NULL),('nYVTHYAyYZIDjIJFv8saSERyrzZDhlfF99G27VB9KQRjyKK15THBKFc9JLVqCzUb',5184000,'2020-08-18 05:20:59',25,NULL),('O1zK4NmcJ8QvZaSr7PihjNn3puD3weafseRuQVAu7YpxOY4VzXMpbbLIDRusRwBf',5184000,'2020-09-06 04:11:21',331,NULL),('O6U6v7DJE4mrRijW7tv7Lt517E8SuuY62r3r0bwFMLPlxmUZIHJllDV2CFqd35GV',5184000,'2020-08-24 09:54:25',117,NULL),('o803roWkckjesxeq09ZTFg3bf13X9HEQB2Q9KCQMWilvBDgI0d1HoStDtHA3kNzI',18000,'2020-09-16 12:38:11',378,NULL),('o9JQZbVKfgYR03fa4T6IoV0Bf6Cwhxt9GTr51EIyPL5rlO6sShfJdH3SCCW6ly1L',5184000,'2020-09-16 16:05:20',688,NULL),('O9TlAkQOomOsHVlLGSkWXW0jMvSDXZOfnIJpyzTjRAWbZNLUI3WZFfbHEFl1Z5CW',5184000,'2020-09-17 06:33:13',95,NULL),('oBV9su5gopG6V6p6TC59IC7RCww3FVm9DOPyfeBPcF3eHduvO0aIp50xpsTG87J0',5184000,'2020-08-24 20:06:58',178,NULL),('ObVpYu78TAfT9Y2HhxjvtruZp8hHBH0RxGocFjkm3uYtE0LCtnQG9AA3zgrQ1T9J',5184000,'2020-09-17 09:40:38',783,NULL),('Oc2Mg27jkoRmi5ZopiKlojBLGR7amlHEWj6KV4dTTzrRpEbXM3zXriEEDcEK3A3o',5184000,'2020-09-14 12:10:00',473,NULL),('Ock2WJSjknGsYHcFWrANGNBQeZKsmgOtkiVcoFv9gHCVfHfgzN5smyEpxX5lDQ1T',5184000,'2020-09-16 08:15:44',613,NULL),('oFfcsSRaoyLOVVuZVu2Jq0pnlG8onDYB8IOdzwHaWrq5RbWAj65dUE2f1jcinETD',5184000,'2020-09-15 10:09:50',534,NULL),('ogg7umYqcKXacqvNsjR8nB4fpGm57nDIextbgBwzfUGKKmHCiFIdYPYcDfLNLQ1Q',5184000,'2020-09-16 22:02:19',727,NULL),('oGJsYpdShPAxKFWvTmgMcPfMuRznjnX18yAqiwp7e2XlZOfwPkcFQJA8l3C0TfAL',18000,'2020-09-16 07:47:04',374,NULL),('OHjnxmvZSzOabQaYOqDcLTgTBsFtMETdmE7HLI0p6n9ON8rZ9jAAjhAmeREI5PVU',5184000,'2020-09-16 07:34:58',498,NULL),('oKOkpOCf72JJV9wKUwtkShLrxc11uQcpN2HxMPGSzpKzVChkATInlJnE3EJBEwRP',5184000,'2020-09-17 08:18:08',117,NULL),('OokmB6PKea47v3H7cIB0QzaVW9JNwbFzTGo5R2VkLuGjji0HkmGWOpfE22ICdkeT',5184000,'2020-09-15 09:42:25',240,NULL),('oPkzF0OiauCowxKkEucf5p7RJ3UHJH2vWRtso0Hw3tW8J4xfNfwzgCMSwV4CiCJY',5184000,'2020-09-15 07:37:55',524,NULL),('oqAKRiDlOZs92LJEakhHYiLsDU057NKjlOYZrynVirBd9B3qZCd6yVGjG6jnCpoV',5184000,'2020-09-14 05:25:43',42,NULL),('OSwkKDW8cSGYQRFQViOL6C9APpKTkKrFKmXJ7e7sHxDoOr0uc2AlnKQs9mtDetYT',5184000,'2020-09-16 12:45:12',666,NULL),('OUV7MuQhd0jrQ7DFgWPtLTmHDbTZZZ0giegBU2BCHJO8xmAwUHrIlNPrTYM7QY9r',5184000,'2020-09-16 21:11:35',290,NULL),('oUZkPz9P1FjBnP5dYUEz4bxq3l0jGZlBBEFfCF5emniZOaDoCX4YqXia5Htu8LFl',5184000,'2020-09-15 13:33:33',555,NULL),('OwMXdNX6I5jKEGJmC3mFywSgmnrCzE6Ep3aVRvRBVGjJCmmlHtAKagGsW6nkbCce',18000,'2020-09-15 07:13:50',429,NULL),('OWU0cUf0emfsxzIGr5VIbgBiiR0fiP3UWa1t4UwRT3gs6nQ6SOLm6Pelw9CoXDYA',5184000,'2020-09-13 11:58:33',439,NULL),('OwZ1MvTRsePeoEIjzi5c3HZNPIQAlMDl7vCoMcuZDGcFQZ7hl9K0oBKtsRYemopp',5184000,'2020-08-24 17:27:22',155,NULL),('OxccApPjLTtNVKM7AEZPimDaDqLkjDk1ZURKPWkTwqCE4xVk00Iku8c7K0t2advA',5184000,'2020-09-16 12:44:22',665,NULL),('oxuV4FIQAQ9MEEpf92ySpQt4tP9Ad6ji2jbeMmWIdFEPWnipY48XOxiZoVvnNJD2',5184000,'2020-09-17 14:28:25',808,NULL),('P1GWTI30varHdbj72bBZ0jJ3NKUfkG2ha8NbRBy71I8CxPExrmEceeGQuegRJFLt',18000,'2020-09-13 11:41:49',378,NULL),('p52REtSRYk7ADfdne6DGgCiKl7oAtfW48uDQU9JuvPVK2z3FR0jNSFMmF19ITHFT',5184000,'2020-09-15 09:08:27',531,NULL),('P6EUI49EyASJlgXCDUreFPuAtVQG4PBzAD8tAQrzXhtvVfIJeYvxqfBxBdPCw3MN',5184000,'2020-09-14 12:51:34',38,NULL),('p6TpmXlQEHCPU55B7uZWrSVQ4aXQC4qKoOly0fNwFssfCINfOyRhMItDJZl6Hpax',5184000,'2020-09-11 05:02:19',400,NULL),('p9EDy9m7LouLQ0LcICA5KeEuAX7gMX84Exls2p1ZAlXOjyAiEiAZuauizCGQyEwk',5184000,'2020-08-18 20:49:02',53,NULL),('P9vOd4Yzwgca8FI1VQ3q2Ni1EJENEtJujRQAOT8Z5f8LTHcDAbaorB0WBjJI2EDa',5184000,'2020-09-13 06:56:22',423,NULL),('pAOC5TcHFLr6G03XmwdLznmp4bBCWu0FmkSCFhohz2BhUAceveVB4AzVrRgjmy4y',5184000,'2020-08-18 05:24:29',25,NULL),('pBkOnBfHk6IKjW6v66G7jjz5JuFyrxEifjK4YSOkcWLWYrqcS09t07hMEf0mRcd5',5184000,'2020-08-24 21:36:30',187,NULL),('pCsIGTsRnWtt8aM7Cdi3vHGLSx88IhqwfOFWgoiN7V8Of24IFa7hMpy98i8olYFR',5184000,'2020-09-17 09:06:09',777,NULL),('pdMTbBPVW14uMdVSxeXsjF1PukzQx9XAZZUtgKDNwplVR2O81puJqjDkfCX1gG4l',5184000,'2020-09-16 10:13:22',637,NULL),('pe6ky6BQKmjXoYgFAZs2tsokG5jp9rYiBj2J1AxbPstc30yjFPzjQXYuIAssHrCO',5184000,'2020-08-26 11:14:45',233,NULL),('PG2bR1NxwXPOhucmR6nSClb55eOPCI8v3fFvxaoCpv5QDo59E6Rlab91E97bDvMU',5184000,'2020-09-15 22:29:10',582,NULL),('PkfGR6Akpocbw4Thn9Hz9MNAr55X3hi0k6GBqZMdAOK0eC46woMEDtyoyoCWyTaX',5184000,'2020-08-23 20:16:57',106,NULL),('PlJDUuchOBOFAAcBY1au018sCSBaiD5EjFJCpfHs7aVbLmXZ6MugBjNUf4LfZ28J',5184000,'2020-09-17 12:02:02',761,NULL),('PMyTwHrvKkbhk9DDeYEK3GsrWmcOS3laSkVNh43TRAYdDv8NMNqDMfTvrz0lVf1m',5184000,'2020-09-16 14:51:04',681,NULL),('PoCGB4ouIG9kswC1vvIV8RooPqT5GOOCJNiwvF3MOf4FXIfMGl9FBAGbNpMLJp6H',5184000,'2020-08-18 19:25:21',43,NULL),('pOYBerCFhDa3MFlJySXufFsZbtWKXRkHKZzbHoibpcmbGDh3grPm0KFu6e5Ih3pY',5184000,'2020-09-16 15:21:54',683,NULL),('PpqFBhPoQ1I6oXkAy1qqAeAnj74B7lsTepMxhlqNjCTvt3Q8YseFALOVj4fAwlFC',5184000,'2020-09-16 09:16:34',628,NULL),('PQxaBchoaudROHOZ2Wuit1BsWmRhx1fTHaGImyAwuKR4kl1lu2KIvH7Su2tcvDbC',5184000,'2020-08-23 14:38:44',93,NULL),('PsDnPqdnj8TEeKOqTSBX31HMxEcpASBgyYGYjjUGSfrnjvxxhUDBVDpv1lrXWBMw',18000,'2020-09-10 10:51:42',378,NULL),('PSRBYQECZ8dfxe39lQOWuUNo4jmK5MWgw1df2G7iuHJyqCnEBsXxuHnNSSACPXIi',5184000,'2020-09-14 14:49:44',73,NULL),('PtABVqkoEBQADeFQHbr9Om1sYdFHAm8GImWjCE3bpRduqo8tp2NR451EJX5DRtcV',5184000,'2020-09-16 12:06:41',657,NULL),('pUn415W8BC7qfGpFAyIwEDnTl0JLORkQpszkxQvKnEycQpz8Abeu3XORFKW2M36u',5184000,'2020-09-15 08:01:41',529,NULL),('Pv5hlQ2IP0VD9uNusoHkKmfcIB5swiuBQ36g0e29lESq8wBjHCGVMWN32tEaxYuJ',5184000,'2020-09-16 03:40:41',584,NULL),('pVb4VTG87rKCoZQG30I9QnROXDhzgy89MmLoWcia6WBkPCFkRmdHPbZcRDka6RQV',5184000,'2020-09-13 13:24:39',442,NULL),('pvYZHGbRggrxLSWdAvAYDP9f2WZ9q6Adg5ZHTnRFagpAVMtI6z5BFUAQRvellXSl',18000,'2020-09-13 10:20:35',374,NULL),('pX4l2J619w0P0OHDNzHKmSGEZJrfBqEw1NB0tun93Bb53kw2nVNFkPSLOeuTk8SU',5184000,'2020-09-13 13:59:50',445,NULL),('pXKw2CQNObRAg0OJgbFTqmjnf6pDRapQrLGe9SMsIyBFNCVJYcb6P9lp9mpMZCCs',5184000,'2020-08-23 08:49:50',86,NULL),('pxSSlFwNSa4cX7pRBtFgbyTUAEWxMYcl5GVByJBqrsNnb2KLAUWOnQOBDr5AGhjr',5184000,'2020-09-17 12:54:23',667,NULL),('QBVb6IgnXNamhEBxyOULiNPfJIL9yDJfo40hmvI9NlnLX7DoIT3IOez0ePpS9BTE',5184000,'2020-09-14 15:09:23',480,NULL),('QC1m9O56OKiftGOMGdaCzOG8NFDl4YlcG3jOaOYGWFV5dBb6xJ20gMGHG2L8of8Y',5184000,'2020-09-10 13:51:59',391,NULL),('qda24llM3BE1FskrcudHUFedfycaENSgLQX5pCQBGIaEwU5zVZVmzKuY3PTJOKMH',5184000,'2020-08-24 16:04:59',136,NULL),('QDFVeoGQHU8PJQxucAwAFF6D3E43OLjoy2ykzIcAUZ2uvapSva5MmUSbPUFqrjBR',5184000,'2020-09-17 05:49:58',735,NULL),('qfCjZid3brtjHYJ9MzSkGTNPK4aqJyusvX0VnjE6up4O1SzpFbFP0ECLLUHW036L',5184000,'2020-08-19 04:02:23',56,NULL),('QfdL1koPBa36q4ByigY27DMJGTy13xpFQbQA9Dgcz0dbdrP2eR8MzgKC51opiOLO',5184000,'2020-08-24 17:17:01',151,NULL),('QhH9KwVEuZu8eM6CPF2edwADtT4Vdx0wemzhL2CGTLUM9YxpyMS3arGbrWWJ4MZ6',5184000,'2020-09-17 08:31:22',764,NULL),('qIh7lzdSpGvslpqmdfqRhkHNWwTkyrFrKR350tYjqgIBpfQbfFQXSqPIHsVBtDjY',5184000,'2020-09-15 19:22:50',235,NULL),('qJmbEDBjwnsMtjA3XSBc7W7F5t8LmrLAznke4FsHeefkYLMVpt3xsuTeFSJpklBs',5184000,'2020-08-18 06:18:12',27,NULL),('qKyDjzhhKqs76XDXdx4rfmmcoE7gYF6scpNQl9M5rIdfbIohJlS3BjrUT5abPiz0',5184000,'2020-09-17 08:53:49',772,NULL),('qlp3HMkcs0rXvV6CwNWXPPD7XSJJKuAUfntfbG7HHhuD5PE0qHgAeDGHLhn62o5C',5184000,'2020-08-24 21:06:05',185,NULL),('QMghdB1JyDRCq5X82GRBGBgolPDjdlo5Tk5eE301v1vTiucmqUKubBjz6Bx2gbuu',5184000,'2020-08-18 19:30:40',45,NULL),('QOsmaAGB02uea9Rqvqc6hwPzwslqKDzCLBSmlmaaoa8f77Ad5nHJAG4QcagxGRck',5184000,'2020-09-14 17:21:13',491,NULL),('qPsQdeVRxj2syEu95mOZzyjMI00vKq5kIAK6pmcVlLzriOPDAgzuv0DFVMjmhfi5',5184000,'2020-09-14 03:42:22',210,NULL),('QSDFl5nvjpsVIFjrhbJv8RUiytCIRCrj1RR0rUDOJykphJpXgAtytd1Fzl2ryObF',5184000,'2020-09-14 17:17:08',362,NULL),('QT37qMJcHbNVP5WsrQEUEP8PnxPAa7N1TbBWKxcDiXgAWOU6nNl6UIFnCrbrBHQl',5184000,'2020-08-28 11:13:45',247,NULL),('qTbVFY1XRBIbfmClI9wUqozxUq06SRwgAVSfzsPTr6XDVj3sEDbps5Z3oI8kQhfp',5184000,'2020-08-18 19:12:37',41,NULL),('QUljchEOFvdhRZminQHrUE3UCPV7Fp9Gjso0tBWEuJ5rO6bBWqHQqiUMBpCjlObO',5184000,'2020-09-14 17:09:15',318,NULL),('qZ5T9HVOciCQPMdQULAcICQPt7D7e7h4bBGbq8c2cEUroTO9hd2h0hxBe6LTHzeG',5184000,'2020-09-17 06:44:07',745,NULL),('r0AykBeiMCLLC85e60JgvyLkXwgKOPQCirvBkdPn4PDbkpdMxQenQyzBn0sqeniW',5184000,'2020-09-03 17:23:14',290,NULL),('r0Dle1cDcAzTnQqZV8Ep5tjypPbCwv4vMKpEICx9OhEw10YUf0lDgl9SPSXajgnx',5184000,'2020-09-17 12:10:43',801,NULL),('R0HmW1eDo3b51ls5X03zoTEgUJs4PnLHJvv2w3gxE8zSsN7HCpLGr557ftaYWIXj',5184000,'2020-08-25 06:22:35',198,NULL),('r4E24lfIe5Ex9B1PV53Qa9HizuoX7eLk5d8K8pJohzcWMUQZVCm2jZzzRfSpmJhH',5184000,'2020-09-13 16:23:39',25,NULL),('r4nbKjk5McZLp7QL3VxUKG4FbvQ3HrG8NJVFycVew9voR09RJASADASHGJFhVJ6b',5184000,'2020-08-24 17:13:33',150,NULL),('R6MQokrDBjW8FdUz0vWzAPFP4TvLTauzC07E0MNifSPePYkCmpVb4LNBHnZWPRTP',5184000,'2020-09-15 17:04:11',559,NULL),('R6oOWFtcDUfg6uGvOEIylpALOFwTmVBHQ2zAErbZzGK0laSXfUtYU2zB5aRrr26T',5184000,'2020-09-16 07:51:22',606,NULL),('R85qT9qezN3duiUCQMSarl2DI2D8eBRY9qjLZTTqma7bwZ8qJ1H6ON2B0XmsNWBj',18000,'2020-09-14 14:12:17',374,NULL),('rah72zxac1obPl8lVoqaendx418Y0858c90fx3tZQSu3rExwivowM9MF84Oi6jFD',5184000,'2020-09-13 15:54:21',353,NULL),('rbhs6uoW9KD6wMDWcFYRgjextGM5VBpnSh8x4eM8eUrVTs2kFnOGdFbYUvfzry31',18000,'2020-09-10 10:46:43',378,NULL),('rBJhdqgxp1MFAQXxImwyqxEkuyh73UhuEEvDoaD5hxmgQxiBO0H9DQW24yAkNCjV',5184000,'2020-09-16 13:38:22',671,NULL),('RcIurS4g3STgPI6ZIj2JWpFBZ7p0ngiDGLxal9NpnvY8kkBxpIlB7Wz2YvPBrImw',5184000,'2020-09-16 10:35:47',640,NULL),('rd77XiHyoGP1swIueUONjqpJDxQIp7pkqk3rgXMJJsDvYqwmBHSC0Xn5GExfn8of',5184000,'2020-09-16 07:29:56',599,NULL),('rE7qAlof9IMOEzRHKgZHFoOj8bGJAMClTx2vgaTOep6iLrFfYWySkzndKIi06zfS',5184000,'2020-08-21 05:48:02',71,NULL),('Redndzi9idXOJP5eHDivZbMrs09IqdgKEXnn2MSYg9ehDA8JHUsA2n3YWGJZX4r0',5184000,'2020-09-13 16:43:19',334,NULL),('rG3oGILrI68RRumUD63gkBbLKA1YFdYDGBGPTP97KHk1fa3fRx6dBH7PE58YCqXf',5184000,'2020-08-25 07:28:12',200,NULL),('RiECK4NqkgloW9DmUvOsiEXf73EvTdn1IXfnsynitxxcfjdZDtL9FeWuDibjbKIs',5184000,'2020-09-10 17:36:46',80,NULL),('RjxlxCfm6Z8YJJbqspNdN2z1bTGHDEhBNdlqwbta5akVK4nHlNfaujaNvn6fh04L',5184000,'2020-08-23 17:51:13',72,NULL),('RoAqKxFzh3tpmsvuCgcALfwWiDICl9cXwEmFVLQiCat4Ic1jhhnzjjCnErP48xFJ',5184000,'2020-09-14 16:33:54',481,NULL),('Rr8bUgisydOZZ0YetnrhcDYwgh9oKz9GcbOaxVtSzlWDIHTVkWeT7dIptbiNvFj9',5184000,'2020-09-16 19:12:25',520,NULL),('rRIEdwt0cDQgUlLZXZ3CoN2Sxt7ifCBqX8qfUyTGWKhyUmqYJq9feCUKkWYn4nKQ',5184000,'2020-08-18 18:57:52',37,NULL),('Rs0LHDjQdvJyWMze3yY6nkts18HEJZQP727yWiA5xZD4MyjeABHbNrGyVfwMphXa',5184000,'2020-09-16 09:16:06',627,NULL),('rwAjPTIw2KdFeoLJhf4Tsfzticx69rspgrCPM3JaWUM5M1hJ5vdhbH6BQlusi8PD',5184000,'2020-09-03 10:57:06',282,NULL),('RxTjyjwqsNfYhJKUdWBV1hYXMjNIv3aVfgEkTREvQb5n6N4RUxF9NjvOTXFI0Fyi',5184000,'2020-09-16 18:09:59',710,NULL),('rynvtGYfQukGiEJ0HE8D8YUopSjCQzakowY8Ju8Y9l9AFvErn1KjXA6xF46jTNLi',5184000,'2020-09-16 08:09:02',611,NULL),('s411b87nrGTLpmXi5bfKqfnCHdr2OIFhM0UsUFtNyC5KdyhKAPuRrmFRfxdjD0uO',5184000,'2020-09-16 10:01:16',635,NULL),('s6P4cmVweqUxuPEy3vuzc8fOKVslZLrGAWZyBQ5D40SMHEQhaME2KcEUzLzxmTG0',18000,'2020-09-18 10:05:57',791,NULL),('s8ppcLDvCTB1alVOHFSEFHvY70obm61zTdRO7GxGGXCH3nKUW0hjwmAjwZ4gsyNF',5184000,'2020-09-08 23:30:01',361,NULL),('s9CkWsk9bATwbBo6KCBCsY1tICi7scKahHAqVAGtsFXJPxWD5poMpDCDmDJWgczL',5184000,'2020-09-09 05:51:25',349,NULL),('SAAqlASI8UlPYxdY9XIUEQByjpzvL0FMNo1boMLogByrz1PSaSCto8ZC1aDth4Bz',18000,'2020-09-17 09:12:50',374,NULL),('sCQQb5uxzVx94CWI5R6Pvq3c33Z058pavAKRf6Mhu1PZjDGy4JQWBj40wwbkN1Dp',5184000,'2020-09-11 14:52:49',413,NULL),('sEWg16Sqhi9z92B3HhMz5MuVpDV9EX5DF8Zfu2xZSBvBkUcpyyjBqnbuByTebobM',5184000,'2020-08-25 05:15:42',193,NULL),('sEXhVtgk6RTG8TPoiOACUmMCaKgnNE8pqCYkimCl6STY1EgWCNMYAEtmFELAL7BU',5184000,'2020-09-13 05:25:31',419,NULL),('sfwllKaGg9KHmSBZR9LCC3IRnN1BeZzkyjLIBnGxYQ6M8pTHwMQKdo7Ka59TSiHu',5184000,'2020-08-25 15:30:58',216,NULL),('SGLR7dgzNlbj4FYLZXq5E0LSGsOJ1zIiQpatE7AE7kGJSxFMvYTtVS8LjB2sSclQ',5184000,'2020-09-16 09:15:37',626,NULL),('sHjZsvAUADUZUviu5GskVhEuMPpLEggOg5tdfB6ca9c4AUFgN2qDEfNEesqrDmgx',5184000,'2020-09-13 14:35:10',450,NULL),('SKfIU25MBl2yo1qmPCwC20993jCuiHBmWihheFNj8JVjmimpsCOvUFqJtJP1TBGb',5184000,'2020-08-22 19:19:20',75,NULL),('snBY5Bc0u6N21ptHjuHUV8xEXwxo62hB2JvNP6i50i0uC9JH0wvghgM6bJ8nOofj',5184000,'2020-08-24 18:29:41',165,NULL),('stPkCIoVyiA2wTrHFt0CBEKA1TiU71hRNlf3tKUC8tD7P0y3O9p91ndnLqsqqBTb',5184000,'2020-08-24 04:38:51',112,NULL),('STQQq5JcENBHFPVmMjHcJuFuMwtwJ5QKr0S7sjYM0jiMDTcSOcXq9hgNwCj1M39t',5184000,'2020-09-16 12:50:05',666,NULL),('sukx7KCYAXOCOXTumnn9WlFEYME0QwjrGNgoOKbXZavvvDrbwYBRDH4aKjl6rD7n',5184000,'2020-09-02 18:20:43',275,NULL),('suNYqkCXPkkm4bfSAO22SfZdSd8lm1fweHBPrAOrRJgdP7Kj6jG818sMXRx3KNO3',5184000,'2020-09-17 05:59:10',737,NULL),('Swlfxzav7Tl6LwCt03zFvRbCJtDA5ho4pBFCvIeJA15cxAT9a5HiRptqEIHefsF7',5184000,'2020-09-17 14:07:42',777,NULL),('SWMqfAP3APsfe7JFyKIDGPbLBOzZkNsB4Gg2g4lXkSIphooNQAD6sIC2Jbf8G1pr',5184000,'2020-09-04 08:08:06',306,NULL),('sZ4rFwvXJ1PTbimbmD23UsoVTXfB1gjhq2ytJOaMEwlhYhWXJDXm0mrFPs3Ks1ZX',5184000,'2020-09-09 14:38:03',365,NULL),('T1OiIqfXW1Klru9Qy5rK21T8krMAfB9nVyFjbPsMdJRAkBTEGRnyy2ej2xAErBy9',18000,'2020-09-17 18:08:40',374,NULL),('t6wEGpYhv8PJJIfPermr5xx2LlN3FvSXj9ULx1Z4YjLmMGJT3rCE9XBGRq9MGDdQ',5184000,'2020-09-18 11:02:59',777,NULL),('T8tQEPvEjizVMpS3PrHLN0Ci8HHQUfpmxXyCprLDkyxEaC1Oh33AE1xBUZxYdxSD',5184000,'2020-09-14 11:39:13',471,NULL),('t8VjAoV9G964othU1cMx1kahWHxy59uJvgaIToQ9qr85Pma4jxVsnvJbjn5ObcDf',5184000,'2020-09-17 11:46:44',795,NULL),('TEHNnTz0yGKOL3P3SAxKw41FsRt7pPprJVZIntdRDUXfWwLQGi9GrfSMUyDbK3pt',18000,'2020-09-17 17:48:09',429,NULL),('tezzfU7WwKzUbqClR6samufCb3a5mtBIcISSHkzSzDUP9CBGQkfzk2msO1TCuC1Y',5184000,'2020-09-16 08:50:53',617,NULL),('tFrd4yB18KVv867y2QnapGtN6baCky5SUgzZmQHjqbQUQiTgksATehD8BILoEAsR',5184000,'2020-09-16 16:07:46',688,NULL),('THitDlYgV84ZcCQKVaHQOZfSZ3AwE8CfWU5JrrlDAfWql0WhMeZzDoEfqrScrc4i',5184000,'2020-09-15 10:54:11',192,NULL),('TlvpLlUUy2P53qOf3gkgQgmqw21Y35tZvIKZcPv4fDD8ADifRk7buJtIA3BqdHC5',5184000,'2020-08-23 15:32:22',95,NULL),('TMiC8rUADHmE6AFHfT6OGaNVAFvTA1pkgkXLqGVSlgQ0HHqj60vyZDJZ40Dka8SQ',5184000,'2020-08-18 19:53:52',46,NULL),('tNJDoCsDhmW8Oy8xXkQ0iKemDNfqfoUduoa0Gb2Q78afrxgLXQY50SFBvZoEpyJ6',5184000,'2020-08-26 05:21:38',228,NULL),('TNjxphfS198oSNHMi4YsCmRMxML0yAbbZ0EcLyQANDt5s9UZaSwc7BipIoqDzREe',5184000,'2020-08-22 20:16:28',78,NULL),('TNz6eOxA5nvFCwTwXEYvwb0mGl3Ke1UF9LzlH7acsbLDjS8vHBcbqrZxLXXSGuli',5184000,'2020-08-19 04:52:37',58,NULL),('tpPruTNQqRoi3SkxY6dkLoJ79SsHcHoVEaZM0nnxMUq4FVNzdzyDi5kFxGoCZWIV',18000,'2020-09-17 11:20:49',791,NULL),('tQsQ41c7E6fXHaYsJDuyUY96doCofeVM0G3rDgeC849AQbIeLOWK6ISK5iLoheVR',5184000,'2020-09-15 07:03:44',526,NULL),('TRjnG3z7rXbx53abqmfaf7s6TYDlYktZprwJtoPDAnmgdhe7SoLokjQQ9rcy7HHH',5184000,'2020-09-13 07:47:18',428,NULL),('TrWb9jRyMVvtp7bFydBDSvH66nh3DQ26taJKRmgjJqJAPWIlqvT7pEbZYRrT1Zc1',5184000,'2020-08-18 12:49:54',32,NULL),('TSvHiAfHnYytvGQtctAh2yqp1muQJXOXZI4Cip8w0S2ph2dz41Bc1XZRUqKd5gVz',5184000,'2020-09-16 15:21:28',383,NULL),('tUJPTg5v4Urrsz08KZAZLkjAlRGMoh4vsQDe7kBGINhy8XA4Fgmv4khIuEJzDaoL',5184000,'2020-09-16 07:40:04',603,NULL),('tV4g3DkyoargFuzDiBnRkK84QgIb1vEDmPuN6RZ1yXjTYqTK4xxJrlUbRgTqugvu',5184000,'2020-09-16 12:33:03',662,NULL),('tX6svHskesi1PjLDBxB9Rj6UIeLGAnd4ljzpXDTP4ZTBgqM0QydhnyXLtP52ga00',5184000,'2020-09-14 17:37:54',498,NULL),('tyLI01yCc6w4PxoICTtyG8f4cec1jYS0q46L8mWO64t0DDnl9huPNoarZvMCrH7S',5184000,'2020-09-17 14:29:20',809,NULL),('TzHZflzPdHBQEk5GplQ3HXoRiMLcTA45QhbUUrgsiLVx0UmlDXb8pK63pD2HR3us',5184000,'2020-09-17 20:23:17',251,NULL),('u7kCD1fmPFBsrPlFu2eOrztGQzkubK4BOmsCIVNti7utI2AqnjYEvaV0mmkCoVSF',5184000,'2020-08-31 15:17:17',261,NULL),('UcupOstbNpw8EUQLYKXbCuJuZFmnqPVej9JDPw2Xxt4rvIGmrao9xOCpIW6nNfEF',5184000,'2020-08-18 19:03:05',38,NULL),('UDUaUGEZWqg0lNW2h9YPPtqkYtR6djtmu9aHJAm2UItlCYRabGsunvgMkPtJE4BV',5184000,'2020-09-11 07:02:24',403,NULL),('ugyA4l3SJO6lqVlYMUtjhlemT2wSsbXngcu4GbfQI7I3rWdCxnDS2ExXkqUDN7PX',5184000,'2020-09-16 18:07:38',708,NULL),('Uhy2XxVG8wBRzNy670u69joxr4BtdrHpaiarQlYf2j9ZVTbtgJZvwnFtIyeFFDRM',5184000,'2020-08-24 16:29:18',141,NULL),('ukgqXRj1r09g4TJIiGt9cpYyhqT5QtC78hRMOIZMYsHnXz5GuD5CmgCgq4deVioH',5184000,'2020-09-17 11:58:49',786,NULL),('umdRhnvIL8NNbkR3I39zdOjAB9H4RqcOLP4hvg2GtK3ZWHwhgMTfaFaudUxVUEL2',5184000,'2020-08-24 21:34:47',187,NULL),('uMTe3zRytrVFlRHpDezm7Qx6dmt2g4ZlJULhB310eVLd4BU29aFAMkzOmiIt0zCC',5184000,'2020-09-17 17:23:58',315,NULL),('UNqrdrczmche7NQLsXPvp7WFZPnqAssqtHdu9f1kJCHKQzvALvF9u0GTArrAP8BP',5184000,'2020-09-13 16:03:11',40,NULL),('Uqzo8kQpF1J5aGA6coAQc9sTcBt0FcLakSc29nE7o94UpGh11holUtxLkVDM93oM',5184000,'2020-09-15 05:46:28',524,NULL),('uSCejdC4eQxhKxpV8IzDVvmG7Kuz7Unpz2IrheVKIvvE93SDf1T38oESdmBFReOZ',18000,'2020-09-16 07:01:44',378,NULL),('UTbSpQsuIhVIs0XjnlhY1HVHpWyqTDifpDG2pKVvuuFImvvoaDsPcWJaMBUcnWZb',18000,'2020-09-10 12:29:02',378,NULL),('uUTWG0JObVgHz4DzGalSQNIqnd9Ubz2WQaAdboqWkIynFnlqbUW1c2NlfXzq4KK7',5184000,'2020-08-24 20:17:12',180,NULL),('UWN7NvDST3EA2EcQFXTKdQ6CilxKOuj5usF4mpFMKRKoMCcWmjOWrpIsbGvaEsI2',5184000,'2020-09-06 20:06:36',345,NULL),('uyeiXanAAIbUfpkvT9YiuK2VK8fGZbTNT8uAFAvMUFnIdUl9rElvGOovBekTTSsb',5184000,'2020-09-15 03:44:21',505,NULL),('v21RCplzo5lThrpdRC7ixs2ss2kJcUEZHy3IVItYwFeVT7to0mQ41xwCDiCkv27Z',5184000,'2020-09-16 06:20:09',589,NULL),('V69fEmuMJwr1CTBr6x3uJ3bEvULNPPoHuC6tCtP2WBd93uPYanZwHeV9P2biZ5ar',5184000,'2020-08-18 15:01:54',34,NULL),('V9rcDCVZDOREA0NwOMJWRrqjdlERECBeAG08aCXSq2ZjabxYAIyLSHkdUjAExKSA',5184000,'2020-09-15 18:50:15',568,NULL),('VcmUKWCr4iMt0W7XD4jJghuonC4cMplOmVsH2xZFaMKofGxDIBAvykXTxWfS2qyr',5184000,'2020-08-30 11:06:38',255,NULL),('VFlnVBW08NZZr0EOy3nMJK6evoxWTr50USMtkvEiDdEglR3B5kniTbGXtyeRaGfh',5184000,'2020-08-24 20:09:01',178,NULL),('VjtcQGB0YG44wI8q0sKGIA0oj5nvIECHtOYp5CKE6GIpgQGRziH6c9PcbKCYvHGB',5184000,'2020-09-17 13:59:18',783,NULL),('vlGvRhvSJyCVAnmNAX9LQiws4quQN6it2lE1dhhcDaDaBxnZn1BJPjLCl4H9LKd8',5184000,'2020-09-16 12:39:35',663,NULL),('Vlmejdng3DJQUcLkeuYIskF449ruUKdqjE9CZTDHsAZNBVFPt4PdzrWKMQwS0B7M',5184000,'2020-09-10 19:40:51',396,NULL),('vMceq3cmsxzxnGH5zvkWCYYVPAPlMa1DuTzMRJmtbBWzWiZ65rujHiBjek1DmA11',5184000,'2020-08-28 12:08:51',61,NULL),('vn5Itd1d7g4cqDlayOjFDOx9T3E2JuFJy2jAWgosl9MjoSxAynLL4p7Of8sV0cRu',5184000,'2020-09-16 16:01:04',687,NULL),('vPukyFzPpcnwi2pooIjmp1VlOTAIyLVRsJB9el9E8WvvKLUZ6VeAxhhdfmdb7T3m',5184000,'2020-08-28 11:59:56',42,NULL),('vtaQleWAtTaqMB2g2FKpq8OEeDkLG3OjoF7iuRXBQczFG7g7dcpUXOphUw7nh3ZP',5184000,'2020-09-13 15:52:50',58,NULL),('VUNDvTEuC3U0vf8qOZ1PsQCWtVxHH849k2xdAvmvFlx65tLuFthWGIQy3e0AKbWR',5184000,'2020-09-14 21:16:01',520,NULL),('VV1qtcWa6xDhXieh948rpqKPZsvyEKjXnOEzX9gtPLDRl2Q3m1CuIMG4YS5viPjT',5184000,'2020-09-09 15:17:13',368,NULL),('VVM3Kh2BL2wAKMOeGebdoGqJqxXiqUzPWKafppxowamqqhPr1eyBJwZkvwCFUGK7',5184000,'2020-09-16 08:48:34',616,NULL),('vWfbTWEcnLjWe9Ls3XzNHzVODLUQYzuUaYeRZFY9uS7EfWI7XTJTW24bZu3PIejj',5184000,'2020-08-28 11:32:36',181,NULL),('vYeTxIraPUCzNwPjX6ASTYjmg5obILlD1xMLusLhSbM76k7ux4F0XnGc9hG6w5vF',5184000,'2020-09-13 07:38:31',427,NULL),('W1D6RcgHjmGkpNYdNWCPY2m2LGpNnvr6J8aDpmjkJPqqcFUhMyVFz8eUvB5XRv2A',5184000,'2020-09-16 17:20:18',696,NULL),('w1JwKCHPBG9hD8K5QsxgrQVJWh7lgCmsuDgel7SMHSd0RxHTGSTBHDWluKFRMb7F',5184000,'2020-09-16 06:45:33',591,NULL),('W3BMhB50LaehAceY4uzHtTjrfb9jktFWT4AHECFVMFtvhNErv01MMpmRX7SB3gRE',18000,'2020-09-16 12:24:58',378,NULL),('w4eHg64aYFoed28plDAoBJKemwkCBwBV3W7BITJlxxl9y3iTNAU0g6ks9lBk65wX',5184000,'2020-09-06 10:01:49',336,NULL),('W5cioqtyurxVek1HREdxThnWF3wgWkODDYe46f76DinuSikI11bCKnaKNWk9lDWV',5184000,'2020-09-16 12:46:07',667,NULL),('w8KrHS0q0hRXH9Y9HQd1b6PCHqRm1Q3BgERQDPXLrTLPVIJhqeLc4OZVeEMJyD4j',5184000,'2020-09-16 17:49:33',704,NULL),('WAP5hTV234K1pmuHTEjcJSBEiBl6fO5GuqcStmcHXSURc8erU13ygWRZxKKtrNc5',5184000,'2020-09-17 10:01:29',786,NULL),('wcSQEBX2HchhlviT50eBqexwfVqEFeBbQ0r9HtYOaRr8cuzz2t9T1mxfL1t91fCm',5184000,'2020-09-15 10:57:37',539,NULL),('wEMerE24m2BMOL342xSE9MDH6Zls499SHhgWBijO6RKDbhVSuFecVWjtQfbjQB5Z',5184000,'2020-09-14 17:18:31',486,NULL),('Wfg7z1N6HVBn45xyBoj9UhIMFxHwqRAI2VN8pzMkbUbp6zA2sUPepiGB5pjA9Brw',18000,'2020-09-14 14:14:22',378,NULL),('wgHpOiVy4GYDY1SbWgwFHwyKu8qXsUwWCpf2hBhksqn4UMdGEnl20fPsvXwhnNvW',5184000,'2020-09-13 16:21:50',201,NULL),('wHRqLJS1loE4uIfxddpGC0nBPyemMHu6lvFWlGXJMbj1NlNxohRTjeJXBjSnVY5S',5184000,'2020-09-02 11:53:22',274,NULL),('WiWEC8x6klOjRQj53GarSPio9FSk7BNQSG0IJKkfuByNtpyLIkzYXuzaIaoEsB9D',5184000,'2020-08-25 04:45:50',191,NULL),('WlEVpxhBlQpwSsxFoluBsGy4Ul2MST533y82rKmu0BUlFXm4BAjsThUOnnHjosT2',5184000,'2020-09-16 09:47:40',633,NULL),('WpzGx2rkarqjRE2nX3FgsU7nFxATSWfYt0wglAPZr1cBphBr7aG1jFe3ac52zklU',5184000,'2020-08-29 19:21:05',218,NULL),('wqMIGfWRvc1S0xrr1JgwT0FSjWksPOxvgHeCMjGTbpNPlk2yfbJWMWAxIOnkNB3m',5184000,'2020-09-17 12:03:23',799,NULL),('wQuzmXIWNSdZQBrPZ3gmH47b82vYKgw3bVP4iK56kaHovIhqtAv6kfODgLK2Pu3V',5184000,'2020-09-05 20:33:13',322,NULL),('wTYNCr9hEpIuDjb2Y7CcnqmVSlEsZldFsXicGtoGDjiEsqLEwagmmxHlUfGaRdys',5184000,'2020-08-18 05:21:50',25,NULL),('wVPGR5wkHxIAMPwFGdAfxwZ901gyagF1a5CLG4pSclWwKwAhAB60FqUnbdwmUXZE',5184000,'2020-09-15 10:11:19',535,NULL),('WX5JPo6j3HAKXD6mrk6apEtSJKrtD8DGLGECdiI6BnJqgmoi8WJEWHlWzaHwetFA',5184000,'2020-09-13 18:47:59',342,NULL),('wxu2yaJ4zV0ubHkFSqTfwZxmhhT1pRv6GZYaAN5HoDL7Yz7xNGCsDYn6wucf3H4s',5184000,'2020-08-24 21:07:13',185,NULL),('wyGJHQAfTwdtzGeIKS1X9Gpz0XPNH0e5ITwxFxLEULqjKGVEPfcFdfIENHDjYVxj',5184000,'2020-08-29 21:48:44',76,NULL),('X96gVMQW5iMQAp3pHwAeLizSKr7GaqzVCesaxMBSscpiujq0d83wkmNJVlLroIql',5184000,'2020-08-22 19:51:24',77,NULL),('XaJ9T3ha4DEsTSIiJHBZIiLAMN54wNNm0ttsxGk09zkYsss9n4LDVOQuaDyZ6T0X',5184000,'2020-09-14 20:47:49',519,NULL),('xB2L0Su21Qr2VtXQBcDMVl7jwHQxoPmr5T2DGUJXVefdD2gkN6HOlcHRtoZ5fc6V',5184000,'2020-08-25 17:15:43',217,NULL),('xBqOvncBk6OZzeiRTRtacL9GpXwboKnYDEzgEY569D5iQAWo28aXmVzC8dD48Hh5',5184000,'2020-09-13 11:54:21',438,NULL),('xCX1TxKOQ4vvxSThCBy323ZCrc72BI4YE6CJIGhpu7M9ZraWiSJs6idrGKKukc71',5184000,'2020-09-16 09:03:21',622,NULL),('XD7qBKvTYKPbeKBd1T5j3sIFVHnRS8tBlfvEHSYjtE4PxkKYk4sD8iy4OL7MODes',5184000,'2020-09-17 10:29:16',542,NULL),('xdb5UQlw0sAHPby2WqfSbY5r4d49hDICtuhyYHvFfWVrtDQHbShXBHYAIuXl4WaT',5184000,'2020-09-14 12:21:39',474,NULL),('xFDaZ4rNMd89Ao2JjFE0zxzl0ASX0b5w9Gl8x2ZNL7ZHdEJRHD3ZMaXEfaydUACn',18000,'2020-09-14 14:19:35',386,NULL),('XgEA0uzXf4ba9i26M2VG8AWVgOfG0AIFJOCxShCR0FoGaDCRgdtAVzh0iak0sPwT',5184000,'2020-09-16 14:21:26',673,NULL),('XgegVZdkODvjj7i4BiiaJ9yXNQl2rG70MBHAzyKnJsjmaGmKJzftDPOy4TZYW2Sr',5184000,'2020-09-08 19:18:33',360,NULL),('XgiI6z1Ti1QARubWGBjRi520U6A91PBOD1T2hL1OQDQWCiHHWmGjiUJU11nTbd2P',5184000,'2020-09-09 11:11:10',363,NULL),('xgSoHoJWxUEKclicY8NNdP1NQPPTIiQ8wQSDPispePpC7rGZdsmA8o54SICkascd',5184000,'2020-09-04 04:52:32',299,NULL),('XHESPwj4sTqRm691cMzGym14xADQzILJ79SUGEBihKaYxmZuEDHWa6OtLfo3UrAB',5184000,'2020-09-17 09:24:43',777,NULL),('XId2HF9evqNh0wehigdyMZFk0e2GKIkQ4MmNSkO4CbR9itmMYLCU3KaNnJGG6vzg',5184000,'2020-09-17 08:40:56',758,NULL),('xjpTYxyEZ6wwYmqkl1v7LqKe7PgC9fqG6mPo0pT5Q5J0qgFKyT1LiFHt8iKdAD6G',5184000,'2020-09-15 10:46:40',538,NULL),('XkZHanSkP0BZEFv6HIzxD0zsdy6Yvm7HtZVu5resdrVDTYiUP4ON4h8IAR4nq4sy',5184000,'2020-09-16 18:07:20',707,NULL),('xnPyqiItO5dFcnQp1kTTgGGwf5eImENuZwfMggLltOPt5HPVRjQ0DZp4khq02222',5184000,'2020-08-24 09:08:48',47,NULL),('XntxBz4uY5DKhDKQAbcQg06zPxLXazLDQsrovi4OJmFCp081brcaifWhRXqy8Lsc',5184000,'2020-09-06 20:33:54',346,NULL),('XOMmzn4i0lHisBEcjK6H0PlvMIyJqBBaInrlE3UwRRj1RVl3pHQoFJSY4k3CxOCp',5184000,'2020-08-29 22:31:32',251,NULL),('XQAD6vYc1ECmXLmktRq1LEpRRO1dCIVf6jwup69jEnOgoPi1bVF998T7oEBdCzaw',5184000,'2020-09-16 11:46:58',639,NULL),('xsJVv5OAcC15AIUr8IB16REaWZA9pHMCwTu1k8CZQ7nXooLpAiecUKNIzfE16xdg',5184000,'2020-08-24 19:54:22',176,NULL),('xSyXMTPGp0YIkR915j5fYKMYtKQqUpVAECUxAOoBJOa20FzpZbIKRMIY2C9lQlYB',5184000,'2020-08-24 16:43:57',145,NULL),('XSzw6l1AuptlbGFya2x3EZlKYK7GahY2Xhmqmg03M6yVgchAbiaeIpy3QKJWJOPO',5184000,'2020-09-03 15:42:03',287,NULL),('xvElZrDWYYSQDejGGii1SdxCGKnN6oqEfYaZLnU1YzPx9rL9pdOV8wIYftx8N56K',5184000,'2020-09-13 06:02:46',420,NULL),('XVGAtC6auMi6ZMJfpaOHCnNDulyll1PVX7VeS5yvgwPimcOYYIVcUUQOieA7HTFZ',5184000,'2020-09-17 08:12:30',688,NULL),('XXIfrUaxMaF9OkwiUNles98bIkNnBrPAinhZqG6VPo9yGC3JZTcxVTCBGYoGliWR',5184000,'2020-08-25 04:24:08',156,NULL),('XY5DcWxJq83lpRozeO8OduV61B2viECRp2NKLJShXAfiHCJGyENZH67LN7EPKdYj',5184000,'2020-08-19 03:53:41',55,NULL),('y0PaSTmfvrHDybS1lxFNA8Rc4rBGZGKEQmhfkHKeDdQAvnwGW2yFvFTYYIHdWRzP',5184000,'2020-09-15 09:10:41',532,NULL),('y3lCHg0x6XLLBCiEksmHSRePNWKT4zLp6UVslewRsUHRPp64Qyqgmb8n38D44LbU',5184000,'2020-09-15 16:42:54',558,NULL),('Y4A6RFfDDp8gCL7gR9AQpb1IEIAxwOmtkCUUoAr4vvcS2E5qBgdB3SAGzILLGiPs',5184000,'2020-09-15 21:32:10',581,NULL),('Y6EPlqJ7A9ieAATj1dV8mJ3KcYHQQhRpYsxxC6CNQ64Xq8BAuBNxtEiuIZjdjvoX',18000,'2020-09-17 06:49:33',374,NULL),('y80A3agxPA1AGmnbS8OdoJosFRK90lDMuNDHOPmEE4e3FXrqvQd3vCZtnjYTqy5O',18000,'2020-09-18 07:39:18',378,NULL),('Y85C9T6sQNO4HOZoXBQ5VkQEy5USgtKzIWiXLHh3AMQsPWY5VkzRJAuFi1ktVJWM',5184000,'2020-09-15 07:21:31',525,NULL),('y9TQBFvz5e6BB9MijqiaQlwEjwlHEGtiAeqjLdbAhR3DD8yu8gJESvScVkpbzySz',5184000,'2020-09-14 14:38:00',475,NULL),('ybGHjwEJfq4hSKj52qPMRyTyIURlcvkKTsyVXItXCsF8TgeHwtkbU9U7lQu6nQKP',5184000,'2020-09-14 17:20:35',489,NULL),('yfDDVwY2tbs9seTK0OFpA1v2KT1hvVN8T77vghPMKbC0OXLF8kjVfavEVah7FJVJ',5184000,'2020-09-16 16:09:39',688,NULL),('YIPSBYw7jPFJWGzbtQ9U4n0CStzLDsvAMHYa2gqYyUSo32nx2SRAavgVl5Z7H7Sh',18000,'2020-09-17 06:09:25',429,NULL),('yJ9M2cHsfw43zDUdIUNKjGInK5oHHGbsyzuSYGhBLzKe1EID4r6AePIb83h2TKHN',5184000,'2020-09-03 16:23:05',288,NULL),('yjfEcHlHiTaP6kuAKpgrcNrC5cDUBShNogDi5rrkFVQ6MpHMDINwjKwDbqBmki8a',5184000,'2020-09-16 16:22:36',690,NULL),('YKgkwnaRa043hofUKdUlBZPY0lasd0CIJp0bGiDthxs06CdcWlD6j0mGuuM3OZWd',5184000,'2020-08-26 08:43:17',230,NULL),('yl7DYaU80y08cab6AIWYkNQY0LAO0vzAIoahR13fEC7afaB0hF4AVE6ZFOD5o74r',5184000,'2020-09-04 12:54:02',311,NULL),('YmpLIaR45HbZqQMrca5Bs0Nx27Zq8gQrPVLbnZqN0bi15bbCCzeGEtnKpk4TKqw4',5184000,'2020-08-25 05:40:19',195,NULL),('YTggY0AHW39Yu0nRCZfrBdcRsUE41Dc0UvEotfDu9sjkDYpfJc3bOV63g4sy0jIf',18000,'2020-09-16 07:57:21',374,NULL),('yTR1nOihaHuWTiEVDZkxbbnWf3HoHNaD1d95HRwTxc892qHeeoUE4RvWzDnr9j9c',5184000,'2020-09-14 06:04:18',411,NULL),('YVJkAg0m2xz4tka0fUEps6pUmknTCBPUQWVBLJO4Ad6xJOvRL3jodFKppAOQK8Lz',5184000,'2020-09-06 16:53:33',343,NULL),('yvrZfl9IWwLY7dLHwHAcbZdDdpXIBuMigvjOY6H0fP4vaH9mJBu4Eqe3J6idGKdQ',5184000,'2020-09-15 13:48:42',549,NULL),('YWPvGIiADIrxuRKo44HTfcamMFGPwHycRI5Jv8mkYR8KTVxpExKIF1NjwDLCF20b',5184000,'2020-09-16 17:45:10',699,NULL),('yz6ET1KAv4mbGGjG6s5NJf6FezL5rh1Qxcq9udqWX313OgMfG9jsUz4gNxBj1JKK',5184000,'2020-09-15 17:57:19',560,NULL),('z6wiKttAlNY6dPZHREba3paBUMzjLQK8he2JOQe3tVaylLuggO8tkodzhfbzUjas',5184000,'2020-09-16 10:44:28',643,NULL),('zaYB76wQ8BaGZrHfHNpqeox1fsvAtGDjop043Jc6LC8yBVIlVKY1n72Ddglo8yVv',5184000,'2020-09-16 16:51:30',694,NULL),('ZBgX9XZrObYknJBb5rE8Zus2uFUCXPs3L2iUG18Ai3TXLBxYRjeE6ruYxauMXjAt',18000,'2020-09-14 12:52:01',374,NULL),('zDdTFqpaHAWSGwQjwsoNwYCnNmTkEHiYrb96HCEmbMNrmRpavSQRVabzpQlZdlwj',18000,'2020-09-10 10:46:15',378,NULL),('zi487TYlUzQmCLrQRBUfDrAyjFIcuf5kOi0UuSBgmRx1AxazPvI2It9uwt1zkdPy',5184000,'2020-09-16 13:59:41',676,NULL),('ZNHTQKsvjb9FCCgl1YSwQaM2WKBhO1pKhVkFX9B7GUKQukpIHOCgQYxWnd31yloZ',5184000,'2020-09-16 07:58:02',608,NULL),('zpnfglndYCa97xszawq1SZD9GJNen6vrvZpQlasjXmyOfJwEw8WeIIM4v4MKfGT5',5184000,'2020-09-10 18:09:44',395,NULL),('ZQeD3puYT0VaS3QQkiS27VkTLmnj3MEvAvQnE6CWHd3SoTBrUAFFFXD8OJtdp4GC',5184000,'2020-09-06 07:25:29',334,NULL),('zvjPoSmSTKiHvLd27TgAS82XepWjfu0FcJD4b0UD43yKKZReXEEzKR0CEpy8JksX',18000,'2020-09-16 11:15:54',429,NULL),('zvzDdbEh1w3k5V66Zqe4rl3UMai1K7Zydx5TnLNJQBrkNbq0BBeRJFecUFhmW3zr',5184000,'2020-09-13 16:34:00',349,NULL),('zXbJFFGwpbEoO2p34MfIzas2UeECiuO0KpdpmHqCzCBQBBGkbt91eqXdtwwF9f1g',18000,'2020-09-15 18:05:28',374,NULL);
/*!40000 ALTER TABLE `AccessToken` ENABLE KEYS */;
UNLOCK TABLES;

--
-- Table structure for table `CustomUser`
--

DROP TABLE IF EXISTS `CustomUser`;
/*!40101 SET @saved_cs_client     = @@character_set_client */;
/*!40101 SET character_set_client = utf8 */;
CREATE TABLE `CustomUser` (
  `id` int(10) unsigned NOT NULL AUTO_INCREMENT,
  `realm` varchar(512) DEFAULT NULL,
  `username` varchar(512) DEFAULT NULL,
  `name` varchar(255) CHARACTER SET utf8 COLLATE utf8_unicode_ci NOT NULL,
  `keyId` int(11) DEFAULT NULL,
  `comments` varchar(255) CHARACTER SET utf8 COLLATE utf8_unicode_ci DEFAULT NULL,
  `password` varchar(512) DEFAULT NULL,
  `credentials` text,
  `email` varchar(512) DEFAULT NULL,
  `emailVerified` tinyint(1) DEFAULT NULL,
  `verificationToken` varchar(512) DEFAULT NULL,
  `mainImageId` int(11) DEFAULT NULL,
  `address` varchar(400) DEFAULT NULL,
  `city` varchar(255) DEFAULT NULL,
  `lng` varchar(255) DEFAULT NULL,
  `lat` varchar(255) DEFAULT NULL,
  PRIMARY KEY (`id`),
  FULLTEXT KEY `user_name_ftsix` (`name`),
  FULLTEXT KEY `user_address_ftsix` (`address`)
) ENGINE=InnoDB AUTO_INCREMENT=815 DEFAULT CHARSET=utf8;
/*!40101 SET character_set_client = @saved_cs_client */;

--
-- Dumping data for table `CustomUser`
--

LOCK TABLES `CustomUser` WRITE;
/*!40000 ALTER TABLE `CustomUser` DISABLE KEYS */;
INSERT INTO `CustomUser` VALUES (24,NULL,'0543020221',' ',83,'                  ',NULL,NULL,NULL,NULL,NULL,NULL,' 5,  , ',' ','34.9079291','32.17891869999999'),(25,NULL,'0525399111',' ',NULL,'',NULL,NULL,NULL,NULL,NULL,NULL,' 61,  , ',' ','34.8716315','32.0745289'),(27,NULL,'0544963560',' ',90,NULL,NULL,NULL,NULL,NULL,NULL,NULL,'  33,  ',' ','35.117838','31.527515'),(29,NULL,'0523325552','David',93,NULL,NULL,NULL,NULL,NULL,NULL,NULL,NULL,NULL,NULL,NULL),(30,NULL,'0512232255','',95,NULL,NULL,NULL,NULL,NULL,NULL,NULL,NULL,NULL,NULL,NULL),(31,NULL,'0502290257','  ',96,'  ',NULL,NULL,NULL,NULL,NULL,NULL,' 26,  , ',' ','34.94144800000001','32.096642'),(32,NULL,'0506225458',' ',NULL,'',NULL,NULL,NULL,NULL,NULL,NULL,'  4,   , ','  ','35.0130409','31.9110178'),(33,NULL,'0542190400','Yaniv Pezarker',NULL,NULL,NULL,NULL,NULL,NULL,NULL,NULL,'  34, , ','','34.87384460000001','31.9130482'),(34,NULL,'0546458117','   ',107,'   9-15   ',NULL,NULL,NULL,NULL,NULL,NULL,'   11,  , ',' ','34.9058316','32.0728139'),(35,NULL,'0522308662',' ',108,NULL,NULL,NULL,NULL,NULL,NULL,NULL,NULL,NULL,NULL,NULL),(36,NULL,'0545664449','',109,NULL,NULL,NULL,NULL,NULL,NULL,NULL,NULL,NULL,NULL,NULL),(37,NULL,'0506730243',' ',110,'        14',NULL,NULL,NULL,NULL,NULL,NULL,' 1, , ','','35.2032604','31.7688107'),(38,NULL,'0528119421',' ',NULL,'',NULL,NULL,NULL,NULL,NULL,NULL,'  6, ','','35.2214477','31.7198156'),(39,NULL,'0584680366',' ',112,NULL,NULL,NULL,NULL,NULL,NULL,NULL,NULL,NULL,NULL,NULL),(40,NULL,'0508549931',' ',NULL,'',NULL,NULL,NULL,NULL,NULL,NULL,' 51,  , ',' ','35.1567599','31.8005959'),(41,NULL,'0508763773',' \"',450,NULL,NULL,NULL,NULL,NULL,NULL,NULL,' , ','','35.160699','32.483124'),(42,NULL,'0545960773',' ',NULL,NULL,NULL,NULL,NULL,NULL,NULL,NULL,' 12,  , ',' ','34.9790073','31.7444742'),(43,NULL,'0526146880',' ',117,'',NULL,NULL,NULL,NULL,NULL,NULL,'   4, , ','','34.8755171','32.308625'),(44,NULL,'0505109719','  ',118,NULL,NULL,NULL,NULL,NULL,NULL,NULL,NULL,NULL,NULL,NULL),(45,NULL,'0527814422',' ',122,NULL,NULL,NULL,NULL,NULL,NULL,NULL,NULL,NULL,NULL,NULL),(46,NULL,'0505711507',' ',417,NULL,NULL,NULL,NULL,NULL,NULL,NULL,NULL,NULL,NULL,NULL),(47,NULL,'0503133452',' ',220,'',NULL,NULL,NULL,NULL,NULL,NULL,' 47, , ','','34.9465451','31.99314459999999'),(48,NULL,'0504566199',' ',NULL,'',NULL,NULL,NULL,NULL,NULL,NULL,'  6, , ','','35.1944983','31.7838417'),(49,NULL,'0583222329','',127,NULL,NULL,NULL,NULL,NULL,NULL,NULL,NULL,NULL,NULL,NULL),(50,NULL,'0545509153',' ',128,NULL,NULL,NULL,NULL,NULL,NULL,NULL,NULL,NULL,NULL,NULL),(51,NULL,'0547650045','  ',129,NULL,NULL,NULL,NULL,NULL,NULL,NULL,NULL,NULL,NULL,NULL),(53,NULL,'0528702769',' ',NULL,'',NULL,NULL,NULL,NULL,NULL,NULL,'   22,  , ',' ','34.8548416','32.0276371'),(54,NULL,'0509348052',' ',132,'',NULL,NULL,NULL,NULL,NULL,NULL,'  5,  , 5590000, ','5590000','34.868064','32.061137'),(55,NULL,'0544467711','  ',133,'',NULL,NULL,NULL,NULL,NULL,NULL,'  26, , ','','35.1887848','31.7827746'),(56,NULL,'0505218360',' ',134,NULL,NULL,NULL,NULL,NULL,NULL,NULL,NULL,NULL,NULL,NULL),(57,NULL,'0549933594',' ',135,'',NULL,NULL,NULL,NULL,NULL,NULL,' , , ','','34.60839799999999','31.3124074'),(58,NULL,'0529217113',' ',NULL,NULL,NULL,NULL,NULL,NULL,NULL,NULL,'   6,  , ',' ','34.9078216','32.0796667'),(59,NULL,'0524233244',' ',137,NULL,NULL,NULL,NULL,NULL,NULL,NULL,NULL,NULL,NULL,NULL),(60,NULL,'0524886787','  ',139,NULL,NULL,NULL,NULL,NULL,NULL,NULL,NULL,NULL,NULL,NULL),(61,NULL,'0523003223','  ',426,'',NULL,NULL,NULL,NULL,NULL,NULL,',  , ',' ','34.9017742','32.09951689999999'),(63,NULL,'0548079790','  ',142,NULL,NULL,NULL,NULL,NULL,NULL,NULL,NULL,NULL,NULL,NULL),(64,NULL,'0545965186',' ',144,NULL,NULL,NULL,NULL,NULL,NULL,NULL,NULL,NULL,NULL,NULL),(66,NULL,'0503255628','   ',437,NULL,NULL,NULL,NULL,NULL,NULL,NULL,NULL,NULL,NULL,NULL),(68,NULL,'0529453396',' ',149,NULL,NULL,NULL,NULL,NULL,NULL,NULL,NULL,NULL,NULL,NULL),(69,NULL,'0523453396',' ',150,NULL,NULL,NULL,NULL,NULL,NULL,NULL,NULL,NULL,NULL,NULL),(70,NULL,'0507591602','\'',151,NULL,NULL,NULL,NULL,NULL,NULL,NULL,NULL,NULL,NULL,NULL),(71,NULL,'0529464386','  ',153,NULL,NULL,NULL,NULL,NULL,NULL,NULL,'  45, , ','','34.6618876','31.7870056'),(72,NULL,'0584676023','  ',204,NULL,NULL,NULL,NULL,NULL,NULL,NULL,' 12,   , ','  ','34.9982918','32.4787038'),(73,NULL,'0508730603',' ',NULL,NULL,NULL,NULL,NULL,NULL,NULL,NULL,'   4, ','','35.2499025','31.8190443'),(74,NULL,'0543189922',' ',162,NULL,NULL,NULL,NULL,NULL,NULL,NULL,NULL,NULL,NULL,NULL),(75,NULL,'0549195560',' ',159,'32',NULL,NULL,NULL,NULL,NULL,NULL,'   32,   , ','  ','34.774615','32.0694749'),(76,NULL,'0586030770',' ',434,'',NULL,NULL,NULL,NULL,NULL,NULL,'   76,  , ',' ','34.9105478','32.0709024'),(77,NULL,'0507164471','  ',161,NULL,NULL,NULL,NULL,NULL,NULL,NULL,' 3, , ','','35.2984458','32.9183775'),(78,NULL,'0548827785',' ',163,NULL,NULL,NULL,NULL,NULL,NULL,NULL,NULL,NULL,NULL,NULL),(79,NULL,'0556652655',' ',164,NULL,NULL,NULL,NULL,NULL,NULL,NULL,NULL,NULL,NULL,NULL),(80,NULL,'0526508393','  ',NULL,'',NULL,NULL,NULL,NULL,NULL,NULL,'  1,  , ',' ','34.8749011','32.0768545'),(81,NULL,'0587913465',' ',167,NULL,NULL,NULL,NULL,NULL,NULL,NULL,NULL,NULL,NULL,NULL),(82,NULL,'0533077048','  ',168,NULL,NULL,NULL,NULL,NULL,NULL,NULL,NULL,NULL,NULL,NULL),(83,NULL,'0546468704','',NULL,NULL,NULL,NULL,NULL,NULL,NULL,NULL,' 10, , ','','34.8175476','31.8847265'),(84,NULL,'0544728749',' ',NULL,NULL,NULL,NULL,NULL,NULL,NULL,NULL,' 32, ',NULL,'35.211919','31.763092'),(86,NULL,'0546402770',' ',NULL,'',NULL,NULL,NULL,NULL,NULL,NULL,' , ','','35.240234','31.74625799999999'),(92,NULL,'0533372827','',187,NULL,NULL,NULL,NULL,NULL,NULL,NULL,NULL,NULL,NULL,NULL),(93,NULL,'0526062075',' ',185,'',NULL,NULL,NULL,NULL,NULL,NULL,'  12,  , ',' ','34.8532501','32.0750052'),(94,NULL,'0544532458',' ',186,NULL,NULL,NULL,NULL,NULL,NULL,NULL,NULL,NULL,NULL,NULL),(95,NULL,'0523115055',' ',NULL,NULL,NULL,NULL,NULL,NULL,NULL,NULL,'  4,  , ',' ','34.873145','32.0930358'),(97,NULL,'0547554019',' ',NULL,NULL,NULL,NULL,NULL,NULL,NULL,NULL,NULL,NULL,NULL,NULL),(99,NULL,'0505222353','  ',196,'',NULL,NULL,NULL,NULL,NULL,NULL,'  19,  , ',' ','34.8759721','32.0951915'),(102,NULL,'0532420426','gadi newman',200,NULL,NULL,NULL,NULL,NULL,NULL,NULL,NULL,NULL,NULL,NULL),(103,NULL,'0502020803',' ',201,'',NULL,NULL,NULL,NULL,NULL,NULL,' 19,  , ',' ','34.8770998','32.0877446'),(104,NULL,'0543979846','  ',202,'',NULL,NULL,NULL,NULL,NULL,NULL,'  75,  , ',' ','34.8734228','32.0765688'),(105,NULL,'0528543778','  ',203,'',NULL,NULL,NULL,NULL,NULL,NULL,'  9,  , ',' ','34.8526783','32.07543389999999'),(106,NULL,'0545691102','  ',NULL,'',NULL,NULL,NULL,NULL,NULL,NULL,'  3,   , ','  ','35.0011671','31.9083998'),(113,NULL,'0522336640',' ',214,NULL,NULL,NULL,NULL,NULL,NULL,NULL,NULL,NULL,NULL,NULL),(116,NULL,'0544327476',' ',221,NULL,NULL,NULL,NULL,NULL,NULL,NULL,NULL,NULL,NULL,NULL),(117,NULL,'0547256246',' ',NULL,'',NULL,NULL,NULL,NULL,NULL,NULL,' 7, , ','','35.01661989999999','32.78538179999999'),(119,NULL,'0548310670','   ',224,NULL,NULL,NULL,NULL,NULL,NULL,NULL,NULL,NULL,NULL,NULL),(120,NULL,'0524307216',' ',225,'',NULL,NULL,NULL,NULL,NULL,NULL,' 4,  , ',' ','35.0853896','32.84015970000001'),(121,NULL,'0547968776',' ',227,'',NULL,NULL,NULL,NULL,NULL,NULL,' 156,  ',' ','35.2965549','31.7773763'),(122,NULL,'0525280449',' ',228,NULL,NULL,NULL,NULL,NULL,NULL,NULL,NULL,NULL,NULL,NULL),(123,NULL,'0548003339',' ',549,NULL,NULL,NULL,NULL,NULL,NULL,NULL,NULL,NULL,NULL,NULL),(124,NULL,'0584924635','Leah Secunda',236,NULL,NULL,NULL,NULL,NULL,NULL,NULL,NULL,NULL,NULL,NULL),(125,NULL,'0505076152',' ',232,'',NULL,NULL,NULL,NULL,NULL,NULL,' 1,  , ',' ','34.90202649999999','32.1770003'),(129,NULL,'0585307801',' ',238,'  24',NULL,NULL,NULL,NULL,NULL,NULL,'  24, ','','35.2268011','31.7503557'),(130,NULL,'0526116440',' ',239,'  ',NULL,NULL,NULL,NULL,NULL,NULL,' 5,  , ',' ','34.96004989999999','32.10376230000001'),(131,NULL,'0585698489','\' ',253,' 22  6',NULL,NULL,NULL,NULL,NULL,NULL,'  89, , ','','35.2237897','31.75834290000001'),(132,NULL,'0508811356',' ',243,'',NULL,NULL,NULL,NULL,NULL,NULL,'  9, , ','','35.2143295','31.7566752'),(133,NULL,'0547431900',' ',244,NULL,NULL,NULL,NULL,NULL,NULL,NULL,' 7, , ','','35.2032604','31.7688107'),(134,NULL,'0542206170','',245,'',NULL,NULL,NULL,NULL,NULL,NULL,'  41, , ','','35.2219742','31.7722333'),(135,NULL,'0525619847',' ',246,NULL,NULL,NULL,NULL,NULL,NULL,NULL,NULL,NULL,NULL,NULL),(136,NULL,'0547539209',' ',248,'',NULL,NULL,NULL,NULL,NULL,NULL,',  , ',' ','34.8884913','32.1966826'),(139,NULL,'0527222827',' \'',265,'',NULL,NULL,NULL,NULL,NULL,NULL,' 21,  , ',' ','35.1536453','31.80857169999999'),(140,NULL,'0556667155','  -',252,NULL,NULL,NULL,NULL,NULL,NULL,NULL,', ','','35.24506299999999','32.783051'),(142,NULL,'0503666160','',257,NULL,NULL,NULL,NULL,NULL,NULL,NULL,NULL,NULL,NULL,NULL),(144,NULL,'0505250209',' ',259,'',NULL,NULL,NULL,NULL,NULL,NULL,'  10,  , ',' ','34.8561717','32.07647560000001'),(145,NULL,'0528214812','  ',262,NULL,NULL,NULL,NULL,NULL,NULL,NULL,NULL,NULL,NULL,NULL),(146,NULL,'0526070786','',263,NULL,NULL,NULL,NULL,NULL,NULL,NULL,NULL,NULL,NULL,NULL),(147,NULL,'0544539749',' ',264,'',NULL,NULL,NULL,NULL,NULL,NULL,'  3, , ','','34.7819724','32.0265811'),(148,NULL,'0504046438',' ',269,'',NULL,NULL,NULL,NULL,NULL,NULL,'  40, , ','','34.8565853','32.3199403'),(150,NULL,'0502444005',' ',271,NULL,NULL,NULL,NULL,NULL,NULL,NULL,'   2,  , ',' ','34.9056443','32.0737999'),(151,NULL,'0528023308',' ',NULL,NULL,NULL,NULL,NULL,NULL,NULL,NULL,' 9, , ','','35.2074987','31.7531118'),(152,NULL,'0544534024',' ',273,NULL,NULL,NULL,NULL,NULL,NULL,NULL,NULL,NULL,NULL,NULL),(153,NULL,'0527244322',' ',274,NULL,NULL,NULL,NULL,NULL,NULL,NULL,NULL,NULL,NULL,NULL),(154,NULL,'0547838655',' ',422,NULL,NULL,NULL,NULL,NULL,NULL,NULL,NULL,NULL,NULL,NULL),(155,NULL,'0507383591',' ',NULL,'',NULL,NULL,NULL,NULL,NULL,NULL,'  9, , ','','35.21063759999999','31.7631418'),(156,NULL,'0522408532',' ',334,'',NULL,NULL,NULL,NULL,NULL,NULL,'  50, , ','','35.2077398','31.7612928'),(158,NULL,'0505865465',' ',279,NULL,NULL,NULL,NULL,NULL,NULL,NULL,NULL,NULL,NULL,NULL),(159,NULL,'0527204663',' ',280,NULL,NULL,NULL,NULL,NULL,NULL,NULL,' 3, , ','','35.212194','31.7614268'),(160,NULL,'0528344055',' ',NULL,'  5         ',NULL,NULL,NULL,NULL,NULL,NULL,'  5, , ','','35.2128422','31.762599'),(161,NULL,'0544282623','  ',282,NULL,NULL,NULL,NULL,NULL,NULL,NULL,NULL,NULL,NULL,NULL),(162,NULL,'0527703078',' ',283,NULL,NULL,NULL,NULL,NULL,NULL,NULL,NULL,NULL,NULL,NULL),(163,NULL,'0544544931',' ',427,NULL,NULL,NULL,NULL,NULL,NULL,NULL,NULL,NULL,NULL,NULL),(164,NULL,'0547299803',' ',NULL,NULL,NULL,NULL,NULL,NULL,NULL,NULL,NULL,NULL,NULL,NULL),(165,NULL,'0507777140','  ',288,NULL,NULL,NULL,NULL,NULL,NULL,NULL,NULL,NULL,NULL,NULL),(166,NULL,'0547557791','',351,NULL,NULL,NULL,NULL,NULL,NULL,NULL,NULL,NULL,NULL,NULL),(167,NULL,'0549300680','-  ',292,NULL,NULL,NULL,NULL,NULL,NULL,NULL,' , , ','','35.2112142','31.7835122'),(168,NULL,'0523528552',' ',293,NULL,NULL,NULL,NULL,NULL,NULL,NULL,NULL,NULL,NULL,NULL),(169,NULL,'0502388182',' ',420,NULL,NULL,NULL,NULL,NULL,NULL,NULL,' ',' ','35.242773','31.88015200000001'),(170,NULL,'0522243693',' ',745,NULL,NULL,NULL,NULL,NULL,NULL,NULL,NULL,NULL,NULL,NULL),(171,NULL,'0509999999','',296,NULL,NULL,NULL,NULL,NULL,NULL,NULL,NULL,NULL,NULL,NULL),(173,NULL,'0523822440',' ',299,NULL,NULL,NULL,NULL,NULL,NULL,NULL,NULL,NULL,NULL,NULL),(174,NULL,'0542144481',' - ',301,'',NULL,NULL,NULL,NULL,NULL,NULL,'  4,   , ','  ','35.016096','31.8953937'),(175,NULL,'0506232856',' ',303,NULL,NULL,NULL,NULL,NULL,NULL,NULL,NULL,NULL,NULL,NULL),(176,NULL,'0587176830',' ',304,NULL,NULL,NULL,NULL,NULL,NULL,NULL,NULL,NULL,NULL,NULL),(177,NULL,'0523463065','',305,NULL,NULL,NULL,NULL,NULL,NULL,NULL,NULL,NULL,NULL,NULL),(178,NULL,'0549289870',' ',310,'',NULL,NULL,NULL,NULL,NULL,NULL,'\" 3, , ','','34.85581949999999','32.310627'),(179,NULL,'0523567930','  ',309,'',NULL,NULL,NULL,NULL,NULL,NULL,'  37,   , ','  ','35.0054102','31.8933502'),(180,NULL,'0535306556','',312,NULL,NULL,NULL,NULL,NULL,NULL,NULL,NULL,NULL,NULL,NULL),(181,NULL,'0526894590',' ',423,'   12',NULL,NULL,NULL,NULL,NULL,NULL,' 23, , ','','34.8212693','31.8932'),(182,NULL,'0504575373',' ',315,'',NULL,NULL,NULL,NULL,NULL,NULL,', ','','34.77644','31.655989'),(183,NULL,'0545532393','  ',316,NULL,NULL,NULL,NULL,NULL,NULL,NULL,'  93, ','','35.2394143','31.8034282'),(184,NULL,'0506203001',' ',318,'\'   19',NULL,NULL,NULL,NULL,NULL,NULL,'  19, , ','','35.2078802','31.7895627'),(186,NULL,'0544654172','N feld',322,NULL,NULL,NULL,NULL,NULL,NULL,NULL,NULL,NULL,NULL,NULL),(187,NULL,'0528736545','  ',330,NULL,NULL,NULL,NULL,NULL,NULL,NULL,NULL,NULL,NULL,NULL),(188,NULL,'0503823084',' ',331,NULL,NULL,NULL,NULL,NULL,NULL,NULL,'  14, , ','','35.108131','33.0098231'),(189,NULL,'0529431373','',332,NULL,NULL,NULL,NULL,NULL,NULL,NULL,'\" 14,  , ',' ','34.8318919','32.0652462'),(190,NULL,'0528834384','  ',NULL,NULL,NULL,NULL,NULL,NULL,NULL,NULL,'  18, , ','','34.8276518','31.8923507'),(191,NULL,'0502234347',' ',335,'',NULL,NULL,NULL,NULL,NULL,NULL,'  15, , ','','35.21653','31.7555841'),(192,NULL,'0506230634',' ',NULL,'',NULL,NULL,NULL,NULL,NULL,NULL,'  9, , ','','35.2135325','31.76795469999999'),(193,NULL,'0546505670','  ',337,'  3',NULL,NULL,NULL,NULL,NULL,NULL,'  3, , ','','34.7841871','32.014397'),(195,NULL,'0545216286',' ',340,'',NULL,NULL,NULL,NULL,NULL,NULL,'  3, , ','','35.2051514','31.7576554'),(197,NULL,'0522764624',' ',343,NULL,NULL,NULL,NULL,NULL,NULL,NULL,NULL,NULL,NULL,NULL),(198,NULL,'0522592811',' \'',344,NULL,NULL,NULL,NULL,NULL,NULL,NULL,NULL,NULL,NULL,NULL),(199,NULL,'0526480181',' ',424,'  17',NULL,NULL,NULL,NULL,NULL,NULL,'  2, , ','','35.2049921','31.762294'),(200,NULL,'0547364262',' ',NULL,NULL,NULL,NULL,NULL,NULL,NULL,NULL,'  3,  , ',' ','34.9975642','31.7160567'),(201,NULL,'0545667211',' ',NULL,NULL,NULL,NULL,NULL,NULL,NULL,NULL,' 7,  , ',' ','34.9910422','31.73866080000001'),(202,NULL,'0506292329','  ',350,' 2',NULL,NULL,NULL,NULL,NULL,NULL,' 16,  , ',' ','34.8221228','32.0812299'),(203,NULL,'0506810652',' ',352,NULL,NULL,NULL,NULL,NULL,NULL,NULL,NULL,NULL,NULL,NULL),(204,NULL,'0529926556',' djd tedt',354,NULL,NULL,NULL,NULL,NULL,NULL,NULL,NULL,NULL,NULL,NULL),(206,NULL,'0544618423',' ',356,NULL,NULL,NULL,NULL,NULL,NULL,NULL,NULL,NULL,NULL,NULL),(207,NULL,'0528353336',' ',358,'',NULL,NULL,NULL,NULL,NULL,NULL,' \' 15, , ','','35.49511','32.9630441'),(208,NULL,'0538281767',' ',NULL,'',NULL,NULL,NULL,NULL,NULL,NULL,'  42, ','','35.2484592','31.8157432'),(210,NULL,'0543133728',' ',NULL,NULL,NULL,NULL,NULL,NULL,NULL,NULL,' 17, , ','','35.21943699999999','31.7609687'),(211,NULL,'0509790188',' ',363,' 5   ',NULL,NULL,NULL,NULL,NULL,NULL,' 5, ','','35.2299867','31.77452419999999'),(212,NULL,'0527203257','',364,'',NULL,NULL,NULL,NULL,NULL,NULL,'  7,  , ',' ','34.9826518','31.7430311'),(214,NULL,'0586762343',' ',366,NULL,NULL,NULL,NULL,NULL,NULL,NULL,NULL,NULL,NULL,NULL),(215,NULL,'0528877389',' -',367,'       ',NULL,NULL,NULL,NULL,NULL,NULL,'  13, , ','','35.2140236','31.7755259'),(216,NULL,'0546518935',' ',NULL,NULL,NULL,NULL,NULL,NULL,NULL,NULL,'  41, , ','','35.201007','31.7619598'),(217,NULL,'0558873751',' ',370,'',NULL,NULL,NULL,NULL,NULL,NULL,',  , ',' ','34.69162139999999','31.8184422'),(218,NULL,'0527703128',' ',432,'',NULL,NULL,NULL,NULL,NULL,NULL,' 49, , ','','34.9728582','32.8036623'),(219,NULL,'0525659028',' ',372,NULL,NULL,NULL,NULL,NULL,NULL,NULL,NULL,NULL,NULL,NULL),(220,NULL,'0585802002',' ',373,NULL,NULL,NULL,NULL,NULL,NULL,NULL,NULL,NULL,NULL,NULL),(224,NULL,'0526432304',' ',380,NULL,NULL,NULL,NULL,NULL,NULL,NULL,NULL,NULL,NULL,NULL),(225,NULL,'0524662464',' \'',386,'  \'  ',NULL,NULL,NULL,NULL,NULL,NULL,'  35, , ','','34.8163306','31.8978546'),(226,NULL,'0502960546',' ',383,NULL,NULL,NULL,NULL,NULL,NULL,NULL,NULL,NULL,NULL,NULL),(227,NULL,'0547272515','',387,'',NULL,NULL,NULL,NULL,NULL,NULL,' 9, , ','','35.2161992','31.773321'),(228,NULL,'0507627900',' ',389,'',NULL,NULL,NULL,NULL,NULL,NULL,' 19, , ','','35.2163595','31.7720619'),(229,NULL,'0522247578','  ',391,NULL,NULL,NULL,NULL,NULL,NULL,NULL,' 46, , ','','34.82349550000001','31.8933682'),(230,NULL,'0586432969','Brad Grob',392,'',NULL,NULL,NULL,NULL,NULL,NULL,'  17, ','','35.2266914','31.7504304'),(232,NULL,'0544859470','',394,NULL,NULL,NULL,NULL,NULL,NULL,NULL,NULL,NULL,NULL,NULL),(233,NULL,'0544448470','   ',395,'',NULL,NULL,NULL,NULL,NULL,NULL,'  8, , ','','34.82798349999999','31.89102209999999'),(234,NULL,'0506616637',' ',396,NULL,NULL,NULL,NULL,NULL,NULL,NULL,'  33, , ','','34.82330369999999','31.898502'),(235,NULL,'0506221702','  - ',NULL,NULL,NULL,NULL,NULL,NULL,NULL,NULL,' 22,  , ',' ','34.98982709999999','31.7448313'),(236,NULL,'0505933337',' ',399,'           ',NULL,NULL,NULL,NULL,NULL,NULL,'   11,  , ',' ','34.8223512','32.0940263'),(237,NULL,'0523117733',' ',400,NULL,NULL,NULL,NULL,NULL,NULL,NULL,NULL,NULL,NULL,NULL),(238,NULL,'0528624553',' ',401,NULL,NULL,NULL,NULL,NULL,NULL,NULL,NULL,NULL,NULL,NULL),(239,NULL,'0506208822',' ',402,'',NULL,NULL,NULL,NULL,NULL,NULL,'  33,   , ','  ','35.0145758','31.894997'),(240,NULL,'0505555789','',NULL,'',NULL,NULL,NULL,NULL,NULL,NULL,' 4, , ','','34.7793108','32.0197892'),(241,NULL,'0528191661',' ',405,NULL,NULL,NULL,NULL,NULL,NULL,NULL,NULL,NULL,NULL,NULL),(242,NULL,'0522277358',' ',406,'',NULL,NULL,NULL,NULL,NULL,NULL,'  1,  , ',' ','34.8764155','32.07262259999999'),(243,NULL,'0527474101',' ',407,NULL,NULL,NULL,NULL,NULL,NULL,NULL,'   24,  , ',' ','34.9109391','32.0698263'),(244,NULL,'0523303102',' ',408,'',NULL,NULL,NULL,NULL,NULL,NULL,' , ','','35.04991030000001','32.0622085'),(247,NULL,'0509444567',' ',411,'',NULL,NULL,NULL,NULL,NULL,NULL,'  9, , ','','34.8248331','31.89488630000001'),(248,NULL,'0523834401','',412,'',NULL,NULL,NULL,NULL,NULL,NULL,' ,  ',' ','35.2782526','31.8510668'),(249,NULL,'0546840680',' ',1011,NULL,NULL,NULL,NULL,NULL,NULL,NULL,NULL,NULL,NULL,NULL),(250,NULL,'0584684068',' ',NULL,'',NULL,NULL,NULL,NULL,NULL,NULL,'  56,  , ',' ','34.9887526','31.7423687'),(251,NULL,'0527765010','  ',NULL,'',NULL,NULL,NULL,NULL,NULL,NULL,'   6, , ','','34.8816441','31.9406344'),(252,NULL,'0546296967',' ',436,NULL,NULL,NULL,NULL,NULL,NULL,NULL,NULL,NULL,NULL,NULL),(253,NULL,'0542176080','  ',438,'    ',NULL,NULL,NULL,NULL,NULL,NULL,'  79,  , ',' ','34.8927181','32.0847426'),(254,NULL,'0587803798','Alfred Birnbaum ',NULL,NULL,NULL,NULL,NULL,NULL,NULL,NULL,NULL,NULL,NULL,NULL),(255,NULL,'0585004900',' ',NULL,'',NULL,NULL,NULL,NULL,NULL,NULL,'   12, , ','','35.1968946','31.78770889999999'),(256,NULL,'0528630959',' ',442,NULL,NULL,NULL,NULL,NULL,NULL,NULL,NULL,NULL,NULL,NULL),(257,NULL,'0528690959','  ',476,'',NULL,NULL,NULL,NULL,NULL,NULL,'  19, , ','','34.8573184','32.3226019'),(259,NULL,'0583237773',' ',458,NULL,NULL,NULL,NULL,NULL,NULL,NULL,NULL,NULL,NULL,NULL),(260,NULL,'0544307126',' ',451,'  - ',NULL,NULL,NULL,NULL,NULL,NULL,' 10,  , ',' ','34.82615380000001','32.0713583'),(261,NULL,'0546422770','  ',455,NULL,NULL,NULL,NULL,NULL,NULL,NULL,NULL,NULL,NULL,NULL),(262,NULL,'0544431043',' ',456,NULL,NULL,NULL,NULL,NULL,NULL,NULL,NULL,NULL,NULL,NULL),(263,NULL,'0527979124','yocheved spellman',459,NULL,NULL,NULL,NULL,NULL,NULL,NULL,NULL,NULL,NULL,NULL),(264,NULL,'0507362571',' ',NULL,NULL,NULL,NULL,NULL,NULL,NULL,NULL,' , ',' ','34.707319','31.696927'),(265,NULL,'0507484183',' ',461,NULL,NULL,NULL,NULL,NULL,NULL,NULL,NULL,NULL,NULL,NULL),(266,NULL,'0536225383','',462,NULL,NULL,NULL,NULL,NULL,NULL,NULL,NULL,NULL,NULL,NULL),(272,NULL,'0523668561','  ',474,'',NULL,NULL,NULL,NULL,NULL,NULL,'  17,  , ',' ','34.8765816','32.08164769999999'),(273,NULL,'0542101802',' ',475,NULL,NULL,NULL,NULL,NULL,NULL,NULL,NULL,NULL,NULL,NULL),(274,NULL,'0545608118',' ',477,'  -      ',NULL,NULL,NULL,NULL,NULL,NULL,' 11,  , ',' ','34.811659','32.0885531'),(275,NULL,'0547876556',' ',NULL,'',NULL,NULL,NULL,NULL,NULL,NULL,'  1,  , ',' ','34.9012712','32.10248490000001'),(277,NULL,'0509407771',' ',482,'',NULL,NULL,NULL,NULL,NULL,NULL,'\" 1, , ','','35.2136015','31.7683498'),(278,NULL,'0546969011',' ',485,' 27  1      ',NULL,NULL,NULL,NULL,NULL,NULL,'   27, ','','35.2432826','31.8264076'),(279,NULL,'0547738493','  ',486,'',NULL,NULL,NULL,NULL,NULL,NULL,', ','','35.1739129','31.681799'),(280,NULL,'0506205968','  ',NULL,NULL,NULL,NULL,NULL,NULL,NULL,NULL,NULL,NULL,NULL,NULL),(281,NULL,'0507432212',' ',NULL,NULL,NULL,NULL,NULL,NULL,NULL,NULL,'  7, , ','','35.2175427','31.7632869'),(282,NULL,'0526071794',' ',489,NULL,NULL,NULL,NULL,NULL,NULL,NULL,NULL,NULL,NULL,NULL),(284,NULL,'0584928508','',491,NULL,NULL,NULL,NULL,NULL,NULL,NULL,NULL,NULL,NULL,NULL),(285,NULL,'0506223745',' ',493,' 5 ',NULL,NULL,NULL,NULL,NULL,NULL,', ','','35.170783','31.681945'),(286,NULL,'0523638446',' ',494,' 17',NULL,NULL,NULL,NULL,NULL,NULL,'  6,   , ','  ','35.00609180000001','31.90977'),(287,NULL,'0547754875',' ',496,'',NULL,NULL,NULL,NULL,NULL,NULL,'  4, , ','','35.213339','31.7674671'),(288,NULL,'0527210207',' ',497,'    \'    050-9934936',NULL,NULL,NULL,NULL,NULL,NULL,'  43,   , ','  ','35.02203009999999','31.89708739999999'),(289,NULL,'0526789031','Melody Benattar',NULL,'',NULL,NULL,NULL,NULL,NULL,NULL,'  29, ','','35.24328539999999','31.8218642'),(290,NULL,'0544448950',' ',NULL,'',NULL,NULL,NULL,NULL,NULL,NULL,' 1,  ',' ','35.3111664','31.7794431'),(291,NULL,'0505830224',' ',501,NULL,NULL,NULL,NULL,NULL,NULL,NULL,NULL,NULL,NULL,NULL),(292,NULL,'0527201345',' ',NULL,' 4 ',NULL,NULL,NULL,NULL,NULL,NULL,' 4, , ','','34.63651249999999','31.7827145'),(293,NULL,'0545707350',' ',503,NULL,NULL,NULL,NULL,NULL,NULL,NULL,'   166, , ','','34.9425855','29.5626227'),(294,NULL,'0525555768','  ',NULL,NULL,NULL,NULL,NULL,NULL,NULL,NULL,NULL,NULL,NULL,NULL),(295,NULL,'0506238255','  ',790,NULL,NULL,NULL,NULL,NULL,NULL,NULL,NULL,NULL,NULL,NULL),(296,NULL,'0528813167',' ',518,'',NULL,NULL,NULL,NULL,NULL,NULL,' 3, , ','','34.9410091','29.5627847'),(297,NULL,'0546665882',' ',523,'',NULL,NULL,NULL,NULL,NULL,NULL,' 19, , ','','35.1791896','31.7575158'),(298,NULL,'0507407467',' ',NULL,'',NULL,NULL,NULL,NULL,NULL,NULL,' 5,  ',' ','35.3132986','31.77663979999999'),(299,NULL,'0545534001',' ',525,'',NULL,NULL,NULL,NULL,NULL,NULL,'  1, ','','35.2425205','31.82673539999999'),(300,NULL,'0525229003',' ',526,NULL,NULL,NULL,NULL,NULL,NULL,NULL,'  13, , ','','35.211401','31.7655142'),(301,NULL,'0529278524',' ',NULL,NULL,NULL,NULL,NULL,NULL,NULL,NULL,'  69,   , ','  ','35.0036388','31.8820556'),(302,NULL,'0584245770',' ',528,NULL,NULL,NULL,NULL,NULL,NULL,NULL,'  63,  , ',' ','34.73930259999999','31.72851030000001'),(303,NULL,'0501234567','',530,NULL,NULL,NULL,NULL,NULL,NULL,NULL,NULL,NULL,NULL,NULL),(304,NULL,'0502103510','  ',NULL,NULL,NULL,NULL,NULL,NULL,NULL,NULL,NULL,NULL,NULL,NULL),(305,NULL,'0545818117',' ',534,'',NULL,NULL,NULL,NULL,NULL,NULL,' 44,  ',' ','35.29841409999999','31.7779266'),(306,NULL,'0537225428','moshe silver',535,'',NULL,NULL,NULL,NULL,NULL,NULL,'  5, , ','','35.2124679','31.7585028'),(307,NULL,'0523834774',' ',536,'',NULL,NULL,NULL,NULL,NULL,NULL,' \"  2, , ','','35.2046717','31.7639724'),(308,NULL,'0526628738','  ',NULL,'  4 ',NULL,NULL,NULL,NULL,NULL,NULL,'  4, ','','35.2408974','31.8299828'),(310,NULL,'0509258718',' ',547,NULL,NULL,NULL,NULL,NULL,NULL,NULL,NULL,NULL,NULL,NULL),(311,NULL,'0526830565',' ',548,'',NULL,NULL,NULL,NULL,NULL,NULL,' 14, , ','','35.217895','31.7566039'),(312,NULL,'0508875633','  ',550,NULL,NULL,NULL,NULL,NULL,NULL,NULL,NULL,NULL,NULL,NULL),(313,NULL,'0504048219','  ',551,NULL,NULL,NULL,NULL,NULL,NULL,NULL,NULL,NULL,NULL,NULL),(314,NULL,'0505669122',' ',552,NULL,NULL,NULL,NULL,NULL,NULL,NULL,NULL,NULL,NULL,NULL),(315,NULL,'0543131486',' ',NULL,'   ',NULL,NULL,NULL,NULL,NULL,NULL,'  14, , ','','34.780307','32.020462'),(316,NULL,'0547477318',' ',NULL,'',NULL,NULL,NULL,NULL,NULL,NULL,' 17,   , ','  ','35.00729879999999','31.8864297'),(317,NULL,'0525340550',' ',556,'',NULL,NULL,NULL,NULL,NULL,NULL,' , 79411, ','79411','34.7076623','31.6968905'),(318,NULL,'0545278714',' ',NULL,NULL,NULL,NULL,NULL,NULL,NULL,NULL,' 4,  , ',' ','34.8021765','32.0819561'),(319,NULL,'0525284348',' ',NULL,NULL,NULL,NULL,NULL,NULL,NULL,NULL,' 20,   , ','  ','34.79252','32.0791755'),(320,NULL,'0528990131',' ',560,'',NULL,NULL,NULL,NULL,NULL,NULL,'  8,   , ','  ','34.799341','32.0790632'),(321,NULL,'0502204675','',NULL,NULL,NULL,NULL,NULL,NULL,NULL,NULL,NULL,NULL,NULL,NULL),(322,NULL,'0526612136',' ',562,'',NULL,NULL,NULL,NULL,NULL,NULL,'   24,  , ',' ','34.9109391','32.0698263'),(323,NULL,'0525770313',' ',570,'',NULL,NULL,NULL,NULL,NULL,NULL,'   23,  , ',' ','34.9062058','32.06870490000001'),(324,NULL,'0549202933','  ',564,NULL,NULL,NULL,NULL,NULL,NULL,NULL,NULL,NULL,NULL,NULL),(325,NULL,'0543344126',' ',566,'',NULL,NULL,NULL,NULL,NULL,NULL,' 2, ','','34.988851','32.1369951'),(326,NULL,'0586763377',' ',567,NULL,NULL,NULL,NULL,NULL,NULL,NULL,NULL,NULL,NULL,NULL),(327,NULL,'0544497131',' ',NULL,'',NULL,NULL,NULL,NULL,NULL,NULL,'   7, ','','35.2237312','31.7197968'),(328,NULL,'0522962207',' ',571,'',NULL,NULL,NULL,NULL,NULL,NULL,' 54,  , ',' ','34.8765973','32.074793'),(329,NULL,'0523070990',' ',572,'',NULL,NULL,NULL,NULL,NULL,NULL,' ,  , ',' ','34.9067035','32.0746848'),(330,NULL,'0528963210','',573,NULL,NULL,NULL,NULL,NULL,NULL,NULL,NULL,NULL,NULL,NULL),(331,NULL,'0543450746','Philip Buchsbaum',575,NULL,NULL,NULL,NULL,NULL,NULL,NULL,'  44, , ','','34.8828872','32.18213619999999'),(332,NULL,'0503138101',' ',577,NULL,NULL,NULL,NULL,NULL,NULL,NULL,' 11, , ','','35.0500188','32.4636664'),(333,NULL,'0545261668',' ',NULL,NULL,NULL,NULL,NULL,NULL,NULL,NULL,NULL,NULL,NULL,NULL),(334,NULL,'0585824601',' ',NULL,'',NULL,NULL,NULL,NULL,NULL,NULL,'  59, , ','','35.2209734','31.75629829999999'),(335,NULL,'0505575574','',580,NULL,NULL,NULL,NULL,NULL,NULL,NULL,NULL,NULL,NULL,NULL),(336,NULL,'0509098172',' ',581,NULL,NULL,NULL,NULL,NULL,NULL,NULL,NULL,NULL,NULL,NULL),(337,NULL,'0547602647',' ',584,'',NULL,NULL,NULL,NULL,NULL,NULL,' 40,  , ',' ','35.1097262','32.8093221'),(342,NULL,'0544584824',' ',NULL,'',NULL,NULL,NULL,NULL,NULL,NULL,'   19, ','','35.2255438','31.75396980000001'),(343,NULL,'0528962310',' ',590,'  96',NULL,NULL,NULL,NULL,NULL,NULL,'  96,   , ','  ','35.0135578','31.88199139999999'),(344,NULL,'0528905941',' ',591,NULL,NULL,NULL,NULL,NULL,NULL,NULL,'  2, , ','','35.192873','31.78764379999999'),(345,NULL,'0546151378',' ',1522,'',NULL,NULL,NULL,NULL,NULL,NULL,'  7, , ','','35.20483540000001','31.7567782'),(346,NULL,'0545969326',' ',593,NULL,NULL,NULL,NULL,NULL,NULL,NULL,NULL,NULL,NULL,NULL),(347,NULL,'0504194211','Esther Linder',594,NULL,NULL,NULL,NULL,NULL,NULL,NULL,NULL,NULL,NULL,NULL),(348,NULL,'0504194415',' ',595,NULL,NULL,NULL,NULL,NULL,NULL,NULL,NULL,NULL,NULL,NULL),(349,NULL,'0584005592',' ',NULL,'',NULL,NULL,NULL,NULL,NULL,NULL,' 4,  , ',' ','34.849026','32.068928'),(350,NULL,'0111111111','gfd',597,NULL,NULL,NULL,NULL,NULL,NULL,NULL,NULL,NULL,NULL,NULL),(351,NULL,'0522499793',' ',NULL,'',NULL,NULL,NULL,NULL,NULL,NULL,'   12,  , ',' ','34.8916372','32.0894302'),(352,NULL,'0507691151',' ',599,NULL,NULL,NULL,NULL,NULL,NULL,NULL,NULL,NULL,NULL,NULL),(353,NULL,'0547518612',' ',NULL,'',NULL,NULL,NULL,NULL,NULL,NULL,' 1, , ','','35.2146691','31.78024660000001'),(354,NULL,'0538478530','Yosef',602,NULL,NULL,NULL,NULL,NULL,NULL,NULL,NULL,NULL,NULL,NULL),(355,NULL,'0532796968',' ',603,'   6',NULL,NULL,NULL,NULL,NULL,NULL,' 21,  , ',' ','34.7978892','31.961152'),(357,NULL,'0525357742','',605,NULL,NULL,NULL,NULL,NULL,NULL,NULL,NULL,NULL,NULL,NULL),(358,NULL,'0528422571',' ',606,NULL,NULL,NULL,NULL,NULL,NULL,NULL,NULL,NULL,NULL,NULL),(360,NULL,'0503055425',' ',609,'    5   2',NULL,NULL,NULL,NULL,NULL,NULL,' 9, , ','','34.94946509999999','31.9937424'),(361,NULL,'0544943553',' ',610,'',NULL,NULL,NULL,NULL,NULL,NULL,' 17, , ','','35.2128004','31.76472739999999'),(362,NULL,'0505156776',' ',NULL,NULL,NULL,NULL,NULL,NULL,NULL,NULL,' 18, ','','35.2276831','31.75193300000001'),(363,NULL,'0503502040',' ',613,'',NULL,NULL,NULL,NULL,NULL,NULL,'   44,   , ','  ','35.0028043','31.8937271'),(364,NULL,'0542173738',' ',615,NULL,NULL,NULL,NULL,NULL,NULL,NULL,'   65 ','   65 ','35.2367479','31.8302496'),(365,NULL,'0544777284',' ',NULL,'',NULL,NULL,NULL,NULL,NULL,NULL,'  1,  ',' ','35.2401056','31.8781545'),(367,NULL,'0537915461','david bender',NULL,NULL,NULL,NULL,NULL,NULL,NULL,NULL,NULL,NULL,NULL,NULL),(368,NULL,'0548029474',' ',619,NULL,NULL,NULL,NULL,NULL,NULL,NULL,' , ',' ','34.7226127','31.8199341'),(369,NULL,'0544645816','  ',621,NULL,NULL,NULL,NULL,NULL,NULL,NULL,NULL,NULL,NULL,NULL),(370,NULL,'0548458341',' \'',622,NULL,NULL,NULL,NULL,NULL,NULL,NULL,NULL,NULL,NULL,NULL),(371,NULL,'0545222206',' ',625,NULL,NULL,NULL,NULL,NULL,NULL,NULL,NULL,NULL,NULL,NULL),(374,NULL,'netaT','netaT',NULL,NULL,'$2a$10$aXQ/.WVRvLR8eOsJr17QSujEFUlnBx4bENmDtclj55pdfanTiheei',NULL,'netaT@gmail.com',NULL,'8f30f40526facf7e16fc8d67ce573dc892a5582e02a0ef08fd155a9693c3edb1b222a2b916d5ea46efea90575168f523c1aec9bdbc203e52e12b52bd0e83d646',NULL,NULL,NULL,NULL,NULL),(376,NULL,'0536241483','  ',NULL,NULL,NULL,NULL,NULL,NULL,NULL,NULL,NULL,NULL,NULL,NULL),(377,NULL,'0508755973',' ',NULL,'',NULL,NULL,NULL,NULL,NULL,NULL,'  1, ','','35.2002611','31.815303'),(378,NULL,'shaniK','shaniK',NULL,NULL,'$2a$10$hANzD4bHzmhAFwFP2UjEKO5nE7zfb/XXLsob/qkiOQouCWPtHsfF6',NULL,'shani@gmail.com',NULL,'e09fb404374a92212febc6d7c2d54cc70a314da3d10a6a7c8ca358fc909eff61cd8505e0a05ff24959381c03d692b5e487cd26540507968a3ead95b156983667',NULL,NULL,NULL,NULL,NULL),(380,NULL,'0509735555','  ',NULL,NULL,NULL,NULL,NULL,NULL,NULL,NULL,NULL,NULL,NULL,NULL),(381,NULL,'0528834646',' ',NULL,'     2 -      ',NULL,NULL,NULL,NULL,NULL,NULL,' \'\' 62, , ','','35.2173167','31.77495169999999'),(382,NULL,'0547186727',' ',NULL,NULL,NULL,NULL,NULL,NULL,NULL,NULL,'    151, , ','','34.8074793','32.1717502'),(383,NULL,'0544721808','Benjy',NULL,NULL,NULL,NULL,NULL,NULL,NULL,NULL,' 12, , ','','35.2060867','31.76277529999999'),(384,NULL,'0522634385','  ',NULL,' ',NULL,NULL,NULL,NULL,NULL,NULL,'  3, ','','35.18749390000001','31.82171899999999'),(386,NULL,NULL,'admin',NULL,NULL,'$2a$10$AbmZdiWYjFCSrqLS6.osUOWy4o66U9o./Isnc8.ghp5i8JCUKlbmS',NULL,'reshit@gmail.com',NULL,NULL,NULL,NULL,NULL,NULL,NULL),(389,NULL,'0527599630',' ',NULL,' 33     ',NULL,NULL,NULL,NULL,NULL,NULL,'  33, ','','35.244201','31.8210046'),(390,NULL,'0587058580','  ',NULL,'',NULL,NULL,NULL,NULL,NULL,NULL,' 35,   , ','  ','34.7810551','32.0757058'),(391,NULL,'0528709692',' ',NULL,' 3  7',NULL,NULL,NULL,NULL,NULL,NULL,',  , ',' ','35.1006329','31.7125771'),(392,NULL,'0506511816',' ',NULL,NULL,NULL,NULL,NULL,NULL,NULL,NULL,', , ','','35.19648919999999','31.78675729999999'),(394,NULL,'0534307703','   ',NULL,NULL,NULL,NULL,NULL,NULL,NULL,NULL,'  2, , ','','35.2227922','31.8005063'),(395,NULL,'0502639885',' ',NULL,NULL,NULL,NULL,NULL,NULL,NULL,NULL,' 45, ','','35.1501343','31.6572931'),(396,NULL,'0545280984','  ',NULL,'    ',NULL,NULL,NULL,NULL,NULL,NULL,'  7, , ','','35.21131160000001','31.7856232'),(397,NULL,'0504767106','',NULL,NULL,NULL,NULL,NULL,NULL,NULL,NULL,NULL,NULL,NULL,NULL),(399,NULL,'0523140533','  ',NULL,NULL,NULL,NULL,NULL,NULL,NULL,NULL,NULL,NULL,NULL,NULL),(400,NULL,'0545665443',' ',NULL,NULL,NULL,NULL,NULL,NULL,NULL,NULL,' , , ','','35.2102642','31.7622088'),(401,NULL,'0506958664',' ',NULL,NULL,NULL,NULL,NULL,NULL,NULL,NULL,'\" 26, , ','','34.823718','31.8963367'),(402,NULL,'0526812115',' ',NULL,NULL,NULL,NULL,NULL,NULL,NULL,NULL,NULL,NULL,NULL,NULL),(403,NULL,'0547703231',' ',NULL,NULL,NULL,NULL,NULL,NULL,NULL,NULL,'  59, , ','','35.20691619999999','31.7601533'),(404,NULL,'0549987552','  ',NULL,NULL,NULL,NULL,NULL,NULL,NULL,NULL,NULL,NULL,NULL,NULL),(405,NULL,'0537221632',' ',NULL,NULL,NULL,NULL,NULL,NULL,NULL,NULL,' 27, , ','','34.8462349','32.15872530000001'),(406,NULL,'0544848754',' ',NULL,NULL,NULL,NULL,NULL,NULL,NULL,NULL,NULL,NULL,NULL,NULL),(407,NULL,'0523523999',' ',681,NULL,NULL,NULL,NULL,NULL,NULL,NULL,NULL,NULL,NULL,NULL),(411,NULL,'0545769004',' ',NULL,' 2  1-',NULL,NULL,NULL,NULL,NULL,NULL,' 31, , ','','35.2114476','31.7724692'),(412,NULL,'0586286383','\' ',NULL,'',NULL,NULL,NULL,NULL,NULL,NULL,'  1, , ','','35.2222496','31.7729978'),(413,NULL,'0523003050',' ',NULL,'       ',NULL,NULL,NULL,NULL,NULL,NULL,'..  20, , ','','35.18676549999999','31.7685942'),(414,NULL,'0547746741','',NULL,NULL,NULL,NULL,NULL,NULL,NULL,NULL,NULL,NULL,NULL,NULL),(415,NULL,'0543456525',' ',NULL,'  ',NULL,NULL,NULL,NULL,NULL,NULL,' 15,  , ',' ','34.8769669','32.0802131'),(416,NULL,'0547807360','Naomi Ragen',NULL,' ',NULL,NULL,NULL,NULL,NULL,NULL,'  5, , ','','35.2141048','31.7643732'),(417,NULL,'0508544335',' ',692,NULL,NULL,NULL,NULL,NULL,NULL,NULL,NULL,NULL,NULL,NULL),(418,NULL,'0525507707','',NULL,'   32  7     ',NULL,NULL,NULL,NULL,NULL,NULL,'  32, , ','','35.1917755','31.7924867'),(419,NULL,'0525521726','',NULL,'',NULL,NULL,NULL,NULL,NULL,NULL,'   20,  , ',' ','34.7855724','31.2341119'),(420,NULL,'0585618088',' ',NULL,'',NULL,NULL,NULL,NULL,NULL,NULL,' 37, , ','','35.2070839','31.7649752'),(421,NULL,'0507995019',' ',NULL,' ',NULL,NULL,NULL,NULL,NULL,NULL,'   13, , ','','35.2145779','31.7737125'),(422,NULL,'0527464212','',698,NULL,NULL,NULL,NULL,NULL,NULL,NULL,NULL,NULL,NULL,NULL),(423,NULL,'0525052727','',NULL,' ',NULL,NULL,NULL,NULL,NULL,NULL,' , ',' ','34.8493118','32.0477486'),(424,NULL,'0542171258',' ',NULL,'',NULL,NULL,NULL,NULL,NULL,NULL,' 21, , ','','35.2182444','31.75937849999999'),(425,NULL,'0525602575',' ',702,NULL,NULL,NULL,NULL,NULL,NULL,NULL,NULL,NULL,NULL,NULL),(426,NULL,'0525263550','  ',NULL,NULL,NULL,NULL,NULL,NULL,NULL,NULL,' 1, , ','','34.8714406','32.3075605'),(427,NULL,'0528900557','  ',NULL,'   2,       ',NULL,NULL,NULL,NULL,NULL,NULL,'    31, , ','','35.2081062','31.7586163'),(428,NULL,'0542033341',' ',NULL,'',NULL,NULL,NULL,NULL,NULL,NULL,'\" 1, , 8782807, ','8782807','34.59214120000001','31.4233646'),(429,NULL,NULL,'admin',NULL,NULL,'$2a$10$H.RPbMgqNjyvCHvGn4S6.uxnrcIa.uvLNw06GRZaUtPhzIur.iNgi',NULL,'reuta@gmail.com',NULL,NULL,NULL,NULL,NULL,NULL,NULL),(431,NULL,'0528610060',' ',NULL,NULL,NULL,NULL,NULL,NULL,NULL,NULL,NULL,NULL,NULL,NULL),(432,NULL,'0542027779',' ',NULL,'',NULL,NULL,NULL,NULL,NULL,NULL,'  205, ','','35.235489','31.836639'),(433,NULL,'0528351415',' ',NULL,'',NULL,NULL,NULL,NULL,NULL,NULL,' 8,  , ',' ','34.8125718','31.9269835'),(434,NULL,'0506684521',' ',NULL,NULL,NULL,NULL,NULL,NULL,NULL,NULL,' 65,  , ',' ','34.976846','31.739006'),(436,NULL,'0534324349','Nachman Elsner',763,NULL,NULL,NULL,NULL,NULL,NULL,NULL,NULL,NULL,NULL,NULL),(437,NULL,'0547577311',' ',NULL,NULL,NULL,NULL,NULL,NULL,NULL,NULL,NULL,NULL,NULL,NULL),(438,NULL,'0545417528',' ',NULL,'',NULL,NULL,NULL,NULL,NULL,NULL,' ',' ','35.12525599999999','31.654871'),(439,NULL,'0542281916',' ',NULL,'  ',NULL,NULL,NULL,NULL,NULL,NULL,'  44, ','','35.2501385','31.8196648'),(440,NULL,'0547702032',' ',NULL,NULL,NULL,NULL,NULL,NULL,NULL,NULL,NULL,NULL,NULL,NULL),(441,NULL,'0522286869','   ',723,NULL,NULL,NULL,NULL,NULL,NULL,NULL,NULL,NULL,NULL,NULL),(442,NULL,'0542266686','Michael Greenberg',NULL,'',NULL,NULL,NULL,NULL,NULL,NULL,'  12, ','','35.1999747','31.8150572'),(443,NULL,'0523653801','  ',NULL,NULL,NULL,NULL,NULL,NULL,NULL,NULL,' 7, , ','','34.56594429999999','31.6764292'),(444,NULL,'0522606430',' ',NULL,'     ',NULL,NULL,NULL,NULL,NULL,NULL,' 13, , ','','34.8550553','32.3308174'),(445,NULL,'0546652581',' ',NULL,'',NULL,NULL,NULL,NULL,NULL,NULL,'   6,   , ','  ','34.8058806','32.12705919999999'),(446,NULL,'0523338219',' ',NULL,NULL,NULL,NULL,NULL,NULL,NULL,NULL,NULL,NULL,NULL,NULL),(447,NULL,'0547715385','  ',NULL,'',NULL,NULL,NULL,NULL,NULL,NULL,' 1, , ','','35.2103694','31.7749558'),(448,NULL,'0526216440',' ',733,NULL,NULL,NULL,NULL,NULL,NULL,NULL,NULL,NULL,NULL,NULL),(449,NULL,'0527295999',' ',NULL,NULL,NULL,NULL,NULL,NULL,NULL,NULL,NULL,NULL,NULL,NULL),(450,NULL,'0522230602',' ',NULL,NULL,NULL,NULL,NULL,NULL,NULL,NULL,' 92,  , ',' ','34.852348','32.08502500000001'),(451,NULL,'0545942802',' ',NULL,NULL,NULL,NULL,NULL,NULL,NULL,NULL,' 9, , ','','35.213702','31.77291679999999'),(452,NULL,'0525937002',' ',NULL,'  18      ',NULL,NULL,NULL,NULL,NULL,NULL,'  \', , ','','34.5992302','31.5284971'),(453,NULL,'0523115886',' ',NULL,'',NULL,NULL,NULL,NULL,NULL,NULL,'   7, , ','','34.5870611','31.5278717'),(454,NULL,'0549247414',' ',NULL,NULL,NULL,NULL,NULL,NULL,NULL,NULL,NULL,NULL,NULL,NULL),(456,NULL,'0534324649',' ',760,NULL,NULL,NULL,NULL,NULL,NULL,NULL,NULL,NULL,NULL,NULL),(457,NULL,'0542201183',' ',NULL,' ',NULL,NULL,NULL,NULL,NULL,NULL,'\" 11, , ','','35.2080004','31.7631149'),(458,NULL,'0584163131','nachman elsner',NULL,NULL,NULL,NULL,NULL,NULL,NULL,NULL,NULL,NULL,NULL,NULL),(459,NULL,'0506396433',' ',768,NULL,NULL,NULL,NULL,NULL,NULL,NULL,NULL,NULL,NULL,NULL),(460,NULL,'0506273762',' ',NULL,NULL,NULL,NULL,NULL,NULL,NULL,NULL,NULL,NULL,NULL,NULL),(461,NULL,'0542563797',' ',NULL,' 11',NULL,NULL,NULL,NULL,NULL,NULL,' 11, , ','','35.2104618','31.7813192'),(462,NULL,'0524238077',' ',NULL,NULL,NULL,NULL,NULL,NULL,NULL,NULL,'  10, , ','','35.2054865','31.7633371'),(463,NULL,'0542124482',' ',NULL,'',NULL,NULL,NULL,NULL,NULL,NULL,'  92,  , ',' ','34.91665320000001','32.1820436'),(464,NULL,'0543361334',' \'',NULL,'  11  15    ',NULL,NULL,NULL,NULL,NULL,NULL,'  11,  , ',' ','35.000013','31.709117'),(465,NULL,'0542211338',' ',NULL,NULL,NULL,NULL,NULL,NULL,NULL,NULL,NULL,NULL,NULL,NULL),(466,NULL,'0537921792',' ',NULL,' 5',NULL,NULL,NULL,NULL,NULL,NULL,' 5,  , ',' ','34.8120692','31.9260688'),(467,NULL,'0543364115',' ',NULL,NULL,NULL,NULL,NULL,NULL,NULL,NULL,NULL,NULL,NULL,NULL),(468,NULL,'0504441836',' ',NULL,NULL,NULL,NULL,NULL,NULL,NULL,NULL,NULL,NULL,NULL,NULL),(469,NULL,'0556614494',' ',NULL,'',NULL,NULL,NULL,NULL,NULL,NULL,'   14, , ','','35.2126251','31.7610291'),(470,NULL,'0543303723',' ',NULL,NULL,NULL,NULL,NULL,NULL,NULL,NULL,'  70,   , ','  ','35.01273930000001','31.8959093'),(471,NULL,'0522396688','  ',NULL,' 4        ',NULL,NULL,NULL,NULL,NULL,NULL,'  2, , ','','34.55267539999999','31.6517824'),(472,NULL,'0545668810',' ',821,NULL,NULL,NULL,NULL,NULL,NULL,NULL,NULL,NULL,NULL,NULL),(473,NULL,'0584974707','  ',NULL,'',NULL,NULL,NULL,NULL,NULL,NULL,' 30, , ','','35.2058289','31.7668847'),(474,NULL,'0544989553',' ',NULL,'',NULL,NULL,NULL,NULL,NULL,NULL,'  4, , ','','35.2037147','31.7581496'),(475,NULL,'0549414252',' ',NULL,'',NULL,NULL,NULL,NULL,NULL,NULL,'  6, , ','','35.205269','31.75381579999999'),(477,NULL,'0524767312','  ',NULL,NULL,NULL,NULL,NULL,NULL,NULL,NULL,NULL,NULL,NULL,NULL),(478,NULL,'0545566080',' ',NULL,'48',NULL,NULL,NULL,NULL,NULL,NULL,'  48,   , ','  ','34.7997284','32.0599747'),(479,NULL,'0522743916','',NULL,'',NULL,NULL,NULL,NULL,NULL,NULL,' 2,  , ',' ','34.83047980000001','31.93174329999999'),(480,NULL,'0542070843','',NULL,'  ',NULL,NULL,NULL,NULL,NULL,NULL,' 16, , ','','34.7797076','32.0111938'),(481,NULL,'0545496927',' ',NULL,'',NULL,NULL,NULL,NULL,NULL,NULL,' , ','','35.2412052','31.8447719'),(482,NULL,'0509980145',' ',NULL,NULL,NULL,NULL,NULL,NULL,NULL,NULL,NULL,NULL,NULL,NULL),(484,NULL,'0549235584',' ',NULL,NULL,NULL,NULL,NULL,NULL,NULL,NULL,NULL,NULL,NULL,NULL),(486,NULL,'0546602999',' ',NULL,'',NULL,NULL,NULL,NULL,NULL,NULL,', ','','35.511572','32.89046500000001'),(487,NULL,'0527211177',' ',NULL,'',NULL,NULL,NULL,NULL,NULL,NULL,'..  42,   , ','  ','34.7769666','32.05861359999999'),(489,NULL,'0542235951','  ',NULL,'',NULL,NULL,NULL,NULL,NULL,NULL,' 69, , ','','34.7775891','32.0226943'),(490,NULL,'0542214833',' ',NULL,'',NULL,NULL,NULL,NULL,NULL,NULL,'  22,  ',' ','35.1252295','31.8276104'),(491,NULL,'0522257932','Shay kaufman',NULL,'',NULL,NULL,NULL,NULL,NULL,NULL,'   43,   , ','  ','34.7808196','32.0901517'),(492,NULL,'0509542303','  ',NULL,'',NULL,NULL,NULL,NULL,NULL,NULL,' ,  , ',' ','34.6084113','31.6997355'),(496,NULL,'0547248258',' ',NULL,'',NULL,NULL,NULL,NULL,NULL,NULL,' 18, , ','','34.5708313','31.69256949999999'),(497,NULL,'0524381205',' ',NULL,'  15',NULL,NULL,NULL,NULL,NULL,NULL,'\'   15, , ','','34.8231871','31.90131850000001'),(498,NULL,'0545656652',' ',NULL,'',NULL,NULL,NULL,NULL,NULL,NULL,'  13, , ','','34.8042443','31.8921672'),(500,NULL,'0545656662','  ',867,NULL,NULL,NULL,NULL,NULL,NULL,NULL,NULL,NULL,NULL,NULL),(501,NULL,'0547832847',' ',NULL,'     ',NULL,NULL,NULL,NULL,NULL,NULL,' 29, , ','','35.0907251','32.990349'),(502,NULL,'0585100794',' ',NULL,'',NULL,NULL,NULL,NULL,NULL,NULL,'  15, , ','','34.8706535','32.1787467'),(504,NULL,'0543979487',' ',NULL,' 14  56',NULL,NULL,NULL,NULL,NULL,NULL,' 8,  , ',' ','34.8500602','32.0864193'),(505,NULL,'0506246038',' ',NULL,'',NULL,NULL,NULL,NULL,NULL,NULL,'..  17, , ','','34.8586758','32.3352878'),(506,NULL,'0503060491',' ',NULL,NULL,NULL,NULL,NULL,NULL,NULL,NULL,NULL,NULL,NULL,NULL),(507,NULL,'0545383338',' ',NULL,NULL,NULL,NULL,NULL,NULL,NULL,NULL,NULL,NULL,NULL,NULL),(508,NULL,'0533376387',' ',NULL,'',NULL,NULL,NULL,NULL,NULL,NULL,'\"  ,   , ','  ','35.0038548','31.9056122'),(509,NULL,'0544981817',' ',NULL,NULL,NULL,NULL,NULL,NULL,NULL,NULL,NULL,NULL,NULL,NULL),(510,NULL,'0507170797',' ',NULL,NULL,NULL,NULL,NULL,NULL,NULL,NULL,NULL,NULL,NULL,NULL),(512,NULL,'0528021332',' ',NULL,NULL,NULL,NULL,NULL,NULL,NULL,NULL,NULL,NULL,NULL,NULL),(513,NULL,'0528720812','  ',NULL,'',NULL,NULL,NULL,NULL,NULL,NULL,' 8, , ','','34.8028036','32.0776488'),(517,NULL,'0547726408',' ',NULL,NULL,NULL,NULL,NULL,NULL,NULL,NULL,NULL,NULL,NULL,NULL),(518,NULL,'0524466617',' ',NULL,'',NULL,NULL,NULL,NULL,NULL,NULL,'\" 9, , ','','34.8182428','31.8983123'),(519,NULL,'0522519128',' ',NULL,NULL,NULL,NULL,NULL,NULL,NULL,NULL,' 11,  , ',' ','34.8790824','32.0796057'),(520,NULL,'0533340320','  ',NULL,'',NULL,NULL,NULL,NULL,NULL,NULL,'  \' 46, ','','35.2534032','31.8243361'),(521,NULL,'0506346384','',NULL,NULL,NULL,NULL,NULL,NULL,NULL,NULL,' 14, , ','','34.5680537','31.6681096'),(522,NULL,'0532856378',' ',NULL,' ',NULL,NULL,NULL,NULL,NULL,NULL,' 15,  , ',' ','34.9048896','32.0905165'),(523,NULL,'0506203152',' ',NULL,NULL,NULL,NULL,NULL,NULL,NULL,NULL,NULL,NULL,NULL,NULL),(524,NULL,'0535295472','',NULL,NULL,NULL,NULL,NULL,NULL,NULL,NULL,NULL,NULL,NULL,NULL),(525,NULL,'0525496492','  ',NULL,' ',NULL,NULL,NULL,NULL,NULL,NULL,' 15, , ','','34.63922900000001','31.80442399999999'),(526,NULL,'0544669465','  ',NULL,'',NULL,NULL,NULL,NULL,NULL,NULL,'  52,  , ',' ','35.088908','31.7172372'),(527,NULL,'0505215611',' ',NULL,NULL,NULL,NULL,NULL,NULL,NULL,NULL,NULL,NULL,NULL,NULL),(529,NULL,'0548839137',' ',NULL,' ',NULL,NULL,NULL,NULL,NULL,NULL,' 31, , ','','34.87265670000001','32.17758439999999'),(530,NULL,'0559958634','Orith',NULL,NULL,NULL,NULL,NULL,NULL,NULL,NULL,NULL,NULL,NULL,NULL),(531,NULL,'0522470240',' ',NULL,'',NULL,NULL,NULL,NULL,NULL,NULL,'  9, , ','','35.28457099999999','32.6037263'),(532,NULL,'0504466598','',NULL,' 34',NULL,NULL,NULL,NULL,NULL,NULL,' 34, , ','','35.2897083','32.61426550000001'),(533,NULL,'0508580125',' ',NULL,NULL,NULL,NULL,NULL,NULL,NULL,NULL,' 20,  , ',' ','34.9082956','32.07685490000001'),(534,NULL,'0544456911',' ',NULL,'',NULL,NULL,NULL,NULL,NULL,NULL,'  60, , ','','34.8845933','32.1847149'),(535,NULL,'0525053936','  ',NULL,NULL,NULL,NULL,NULL,NULL,NULL,NULL,' 39,  , ',' ','34.8781834','32.0742525'),(536,NULL,'0547727286',' ',NULL,NULL,NULL,NULL,NULL,NULL,NULL,NULL,NULL,NULL,NULL,NULL),(538,NULL,'0544956684',' ',NULL,'   ',NULL,NULL,NULL,NULL,NULL,NULL,' 28, , ','','34.8151194','31.8915778'),(539,NULL,'0502626255','',NULL,NULL,NULL,NULL,NULL,NULL,NULL,NULL,NULL,NULL,NULL,NULL),(540,NULL,'0523522366',' ',NULL,NULL,NULL,NULL,NULL,NULL,NULL,NULL,NULL,NULL,NULL,NULL),(541,NULL,'0525547601',' ',NULL,'',NULL,NULL,NULL,NULL,NULL,NULL,'\" 10,  , ',' ','34.9400016','32.10157520000001'),(542,NULL,'0545207139',' ',NULL,'',NULL,NULL,NULL,NULL,NULL,NULL,' 44, , ','','34.84466759999999','32.3058215'),(543,NULL,'0506225167','',NULL,' 11',NULL,NULL,NULL,NULL,NULL,NULL,'   4,   , ','  ','35.0082353','31.8909669'),(544,NULL,'0586474916',' ',NULL,NULL,NULL,NULL,NULL,NULL,NULL,NULL,NULL,NULL,NULL,NULL),(545,NULL,'0545709580','  ',NULL,NULL,NULL,NULL,NULL,NULL,NULL,NULL,NULL,NULL,NULL,NULL),(546,NULL,'0546383972',' ',NULL,'',NULL,NULL,NULL,NULL,NULL,NULL,' 4,  , ',' ','34.7865753','31.9157944'),(548,NULL,'0545497978',' \'',NULL,'',NULL,NULL,NULL,NULL,NULL,NULL,'  34,   , ','  ','35.00649739999999','31.8929906'),(549,NULL,'0506231172',' ',NULL,NULL,NULL,NULL,NULL,NULL,NULL,NULL,'','','35.223923','31.899984'),(550,NULL,'0505900842',' ',NULL,NULL,NULL,NULL,NULL,NULL,NULL,NULL,'   1,  , ',' ','34.8521975','32.079176'),(551,NULL,'0502980540',' ',NULL,'      127',NULL,NULL,NULL,NULL,NULL,NULL,' , ',' ','35.50328','32.799998'),(553,NULL,'0543938876',' ',NULL,NULL,NULL,NULL,NULL,NULL,NULL,NULL,NULL,NULL,NULL,NULL),(554,NULL,'0545386704',' ',NULL,' ',NULL,NULL,NULL,NULL,NULL,NULL,' 80, , ','','35.01565839999999','32.78819079999999'),(555,NULL,'0548053780',' ',NULL,' 4',NULL,NULL,NULL,NULL,NULL,NULL,' 27,   , ','  ','35.0075115','31.9164358'),(556,NULL,'0509466733','  ',NULL,'',NULL,NULL,NULL,NULL,NULL,NULL,' 6, , ','','34.5903557','31.5232362'),(557,NULL,'0506231544',' ',NULL,'',NULL,NULL,NULL,NULL,NULL,NULL,' 24,   , ','  ','34.99507799999999','31.89640080000001'),(558,NULL,'0506007440',' ',NULL,'',NULL,NULL,NULL,NULL,NULL,NULL,', , ','','34.63541','31.7680224'),(559,NULL,'0506842997',' ',NULL,'     ',NULL,NULL,NULL,NULL,NULL,NULL,' 2, , ','','34.649214','31.81513239999999'),(560,NULL,'0528521018',' ',NULL,'',NULL,NULL,NULL,NULL,NULL,NULL,'  14, , ','','34.64096019999999','31.7949788'),(561,NULL,'0545871325',' ',NULL,' \'',NULL,NULL,NULL,NULL,NULL,NULL,'  12, , ','','34.9134994','32.43889610000001'),(563,NULL,'0506724258',' ',NULL,'',NULL,NULL,NULL,NULL,NULL,NULL,'  57,   , ','  ','34.9950388','31.90846730000001'),(564,NULL,'0523020665',' \'',NULL,'',NULL,NULL,NULL,NULL,NULL,NULL,'\'  6, ','','35.2270788','31.7530414'),(565,NULL,'0502823347',' ',NULL,NULL,NULL,NULL,NULL,NULL,NULL,NULL,NULL,NULL,NULL,NULL),(566,NULL,'0587982406','Nina',NULL,NULL,NULL,NULL,NULL,NULL,NULL,NULL,NULL,NULL,NULL,NULL),(567,NULL,'0523210605','  ',NULL,' 7  4',NULL,NULL,NULL,NULL,NULL,NULL,'  15,  , ',' ','34.8093834','31.9663304'),(568,NULL,'0546257407',' ',NULL,NULL,NULL,NULL,NULL,NULL,NULL,NULL,'  66,  , ',' ','34.9118425','32.1642187'),(569,NULL,'0545665284','  ',NULL,'',NULL,NULL,NULL,NULL,NULL,NULL,'  38, , ','','35.19594999999999','31.7841162'),(570,NULL,'0527723413',' ',NULL,NULL,NULL,NULL,NULL,NULL,NULL,NULL,NULL,NULL,NULL,NULL),(571,NULL,'0531244115',' ',974,NULL,NULL,NULL,NULL,NULL,NULL,NULL,NULL,NULL,NULL,NULL),(572,NULL,'0534244115',' ',NULL,'',NULL,NULL,NULL,NULL,NULL,NULL,' 6, , ','','34.5664759','31.6727922'),(573,NULL,'0545475615','Mark Schwartz',976,NULL,NULL,NULL,NULL,NULL,NULL,NULL,NULL,NULL,NULL,NULL),(574,NULL,'0504249693','Carolyn Kupietzky',NULL,NULL,NULL,NULL,NULL,NULL,NULL,NULL,NULL,NULL,NULL,NULL),(575,NULL,'0547237006',' ',NULL,'',NULL,NULL,NULL,NULL,NULL,NULL,' 18, , ','','34.6386773','31.7991601'),(576,NULL,'0524335579','  ',NULL,NULL,NULL,NULL,NULL,NULL,NULL,NULL,NULL,NULL,NULL,NULL),(577,NULL,'0546844672',' ',NULL,'',NULL,NULL,NULL,NULL,NULL,NULL,' \" 18, , ','','34.8852329','32.17744849999999'),(578,NULL,'0539360770','  ',NULL,NULL,NULL,NULL,NULL,NULL,NULL,NULL,' 24,  , ',' ','34.82670069999999','31.8654755'),(579,NULL,'0547706770','  ',NULL,'',NULL,NULL,NULL,NULL,NULL,NULL,'  36, , ','','34.9907517','32.785929'),(580,NULL,'0502675006',' ',NULL,'   3 ',NULL,NULL,NULL,NULL,NULL,NULL,'  2,  , ',' ','35.56878509999999','33.2101759'),(581,NULL,'0542681549',' ',NULL,NULL,NULL,NULL,NULL,NULL,NULL,NULL,'  2, , ','','35.0044382','32.7729427'),(582,NULL,'0584108888','',NULL,' 15',NULL,NULL,NULL,NULL,NULL,NULL,'  15,  ',' ','35.1103244','31.7018876'),(583,NULL,'0544643889',' ',NULL,NULL,NULL,NULL,NULL,NULL,NULL,NULL,' 22, , ','','34.8812065','32.1819022'),(584,NULL,'0548714019',' ',NULL,'',NULL,NULL,NULL,NULL,NULL,NULL,' 8,   , ','  ','34.7708302','32.0764437'),(585,NULL,'0505671668',' ',NULL,'',NULL,NULL,NULL,NULL,NULL,NULL,'  4, ','','35.2320671','31.7478366'),(586,NULL,'0587040050','',994,NULL,NULL,NULL,NULL,NULL,NULL,NULL,NULL,NULL,NULL,NULL),(587,NULL,'0528340156',' ',NULL,'',NULL,NULL,NULL,NULL,NULL,NULL,' 5, , ','','35.2103916','31.77562399999999'),(588,NULL,'0556807057','  ',NULL,'    6  1 ',NULL,NULL,NULL,NULL,NULL,NULL,' 6, , ','','35.3057572','32.6133122'),(589,NULL,'0526376367',' ',NULL,'         \"',NULL,NULL,NULL,NULL,NULL,NULL,' 38,  , ',' ','34.821069','32.09273700000001'),(590,NULL,'0544411440',' ',NULL,NULL,NULL,NULL,NULL,NULL,NULL,NULL,NULL,NULL,NULL,NULL),(591,NULL,'0544241759',' ',NULL,NULL,NULL,NULL,NULL,NULL,NULL,NULL,'  23,  , ',' ','34.87047799999999','32.0721965'),(592,NULL,'0543044657',' ',NULL,NULL,NULL,NULL,NULL,NULL,NULL,NULL,NULL,NULL,NULL,NULL),(593,NULL,'0527703393',' ',NULL,' \"    6  1  ',NULL,NULL,NULL,NULL,NULL,NULL,'  6, , ','','34.6350967','31.7766791'),(594,NULL,'0509777565','Suzanne Smulovitch',1007,NULL,NULL,NULL,NULL,NULL,NULL,NULL,NULL,NULL,NULL,NULL),(595,NULL,'0584770345',' ',NULL,NULL,NULL,NULL,NULL,NULL,NULL,NULL,NULL,NULL,NULL,NULL),(596,NULL,'0547658677','',NULL,NULL,NULL,NULL,NULL,NULL,NULL,NULL,NULL,NULL,NULL,NULL),(597,NULL,'0523888411',' ',NULL,NULL,NULL,NULL,NULL,NULL,NULL,NULL,NULL,NULL,NULL,NULL),(598,NULL,'0544536894',' ',1014,NULL,NULL,NULL,NULL,NULL,NULL,NULL,NULL,NULL,NULL,NULL),(599,NULL,'0505863141',' ',NULL,'   ',NULL,NULL,NULL,NULL,NULL,NULL,' 1,  , ',' ','35.3187191','32.6988932'),(601,NULL,'0547443860',' ',NULL,'',NULL,NULL,NULL,NULL,NULL,NULL,', , ','','34.972389','32.2633964'),(602,NULL,'0547618814',' ',1028,NULL,NULL,NULL,NULL,NULL,NULL,NULL,NULL,NULL,NULL,NULL),(603,NULL,'0544972876','   ',NULL,'',NULL,NULL,NULL,NULL,NULL,NULL,' 7, , ','','34.6424827','31.7926625'),(604,NULL,'0502004142',' ',NULL,'',NULL,NULL,NULL,NULL,NULL,NULL,' 18,  , ',' ','34.8168948','31.9648986'),(605,NULL,'0528308334',' ',NULL,NULL,NULL,NULL,NULL,NULL,NULL,NULL,NULL,NULL,NULL,NULL),(606,NULL,'0584003413',' ',NULL,NULL,NULL,NULL,NULL,NULL,NULL,NULL,'\' ,  , ',' ','34.8924313','32.18653329999999'),(607,NULL,'0546587901',' ',NULL,NULL,NULL,NULL,NULL,NULL,NULL,NULL,NULL,NULL,NULL,NULL),(608,NULL,'0537725080',' ',NULL,'',NULL,NULL,NULL,NULL,NULL,NULL,'  8, , ','','34.8630264','31.92161070000001'),(609,NULL,'0542354567',' ',NULL,NULL,NULL,NULL,NULL,NULL,NULL,NULL,NULL,NULL,NULL,NULL),(610,NULL,'0505758782',' ',NULL,'   2  3',NULL,NULL,NULL,NULL,NULL,NULL,'  16, , ','','34.8906858','31.944909'),(611,NULL,'0546751615',' ',NULL,'   ',NULL,NULL,NULL,NULL,NULL,NULL,'  11,  , ',' ','34.9186694','32.0783503'),(612,NULL,'0532239838',' ',NULL,NULL,NULL,NULL,NULL,NULL,NULL,NULL,NULL,NULL,NULL,NULL),(613,NULL,'0508805108',' ',NULL,NULL,NULL,NULL,NULL,NULL,NULL,NULL,'  76,   , ','  ','35.01125680000001','31.8962796'),(614,NULL,'0502088892',' ',NULL,NULL,NULL,NULL,NULL,NULL,NULL,NULL,NULL,NULL,NULL,NULL),(616,NULL,'0544363225',' ',NULL,'',NULL,NULL,NULL,NULL,NULL,NULL,'  15, ','','35.24462949999999','31.8298881'),(617,NULL,'0545493644',' ',NULL,'          500  ',NULL,NULL,NULL,NULL,NULL,NULL,' 16, , ','','35.1716853','31.75601589999999'),(618,NULL,'0546655066',' ',NULL,NULL,NULL,NULL,NULL,NULL,NULL,NULL,NULL,NULL,NULL,NULL),(620,NULL,'0523166684',' ',NULL,'        9  ',NULL,NULL,NULL,NULL,NULL,NULL,'  2,  , ',' ','34.8813267','32.0972769'),(621,NULL,'0586278256',' ',NULL,NULL,NULL,NULL,NULL,NULL,NULL,NULL,NULL,NULL,NULL,NULL),(622,NULL,'0523438258',' ',NULL,NULL,NULL,NULL,NULL,NULL,NULL,NULL,NULL,NULL,NULL,NULL),(623,NULL,'0528138083',' ',NULL,NULL,NULL,NULL,NULL,NULL,NULL,NULL,NULL,NULL,NULL,NULL),(624,NULL,'0584812366',' ',NULL,'                ',NULL,NULL,NULL,NULL,NULL,NULL,' 1, ','','35.18901049999999','31.7317009'),(626,NULL,'0528285251',' ',NULL,NULL,NULL,NULL,NULL,NULL,NULL,NULL,NULL,NULL,NULL,NULL),(627,NULL,'0586202128','',NULL,NULL,NULL,NULL,NULL,NULL,NULL,NULL,NULL,NULL,NULL,NULL),(628,NULL,'0506380346',' ',NULL,'  10',NULL,NULL,NULL,NULL,NULL,NULL,', ','','34.88248799999999','31.219761'),(629,NULL,'0523525381',' ',NULL,'',NULL,NULL,NULL,NULL,NULL,NULL,'  3,  , ',' ','34.8066867','31.967761'),(630,NULL,'0508218289',' ',NULL,NULL,NULL,NULL,NULL,NULL,NULL,NULL,NULL,NULL,NULL,NULL),(631,NULL,'0533954208','  ',1071,NULL,NULL,NULL,NULL,NULL,NULL,NULL,NULL,NULL,NULL,NULL),(632,NULL,'0524765464','   ',NULL,NULL,NULL,NULL,NULL,NULL,NULL,NULL,NULL,NULL,NULL,NULL),(633,NULL,'0549458842',' ',NULL,'      ',NULL,NULL,NULL,NULL,NULL,NULL,' 13, , ','','34.88524999999999','32.1903811'),(634,NULL,'0542465522','  ',NULL,NULL,NULL,NULL,NULL,NULL,NULL,NULL,NULL,NULL,NULL,NULL),(635,NULL,'0527516086',' ',NULL,NULL,NULL,NULL,NULL,NULL,NULL,NULL,NULL,NULL,NULL,NULL),(636,NULL,'0528284153',' ',NULL,NULL,NULL,NULL,NULL,NULL,NULL,NULL,NULL,NULL,NULL,NULL),(638,NULL,'0524531820','Tiorah Simantov ',NULL,NULL,NULL,NULL,NULL,NULL,NULL,NULL,NULL,NULL,NULL,NULL),(639,NULL,'0523630655',' ',NULL,' 5   ',NULL,NULL,NULL,NULL,NULL,NULL,' 9, , ','','35.1900974','31.7832928'),(640,NULL,'0544414924',' ',NULL,NULL,NULL,NULL,NULL,NULL,NULL,NULL,NULL,NULL,NULL,NULL),(641,NULL,'0525029436',' ',NULL,NULL,NULL,NULL,NULL,NULL,NULL,NULL,NULL,NULL,NULL,NULL),(642,NULL,'0526250108',' ',NULL,'  9 ',NULL,NULL,NULL,NULL,NULL,NULL,' 9, ','','35.137406','31.6639108'),(643,NULL,'0584032770',' ',NULL,NULL,NULL,NULL,NULL,NULL,NULL,NULL,'  25,  , ',' ','34.8917437','32.09684539999999'),(644,NULL,'0525524390',' ',NULL,'     15',NULL,NULL,NULL,NULL,NULL,NULL,' 4,  , ',' ','34.8809543','32.0741568'),(645,NULL,'0545451354',' ',NULL,'',NULL,NULL,NULL,NULL,NULL,NULL,' 18, , ','','34.9686082','32.8143939'),(647,NULL,'0504747562','  ',NULL,NULL,NULL,NULL,NULL,NULL,NULL,NULL,NULL,NULL,NULL,NULL),(648,NULL,'0526701300',' ',NULL,'',NULL,NULL,NULL,NULL,NULL,NULL,' 24, , ','','35.2121473','31.76383210000001'),(649,NULL,'0503888370','',NULL,NULL,NULL,NULL,NULL,NULL,NULL,NULL,NULL,NULL,NULL,NULL),(651,NULL,'0533021684',' ',NULL,'  ',NULL,NULL,NULL,NULL,NULL,NULL,' \' 2, , ','','35.0178051','32.7917131'),(653,NULL,'0526316714',' ',NULL,' 4',NULL,NULL,NULL,NULL,NULL,NULL,' 76,  , ',' ','34.8024975','31.256497'),(654,NULL,'0528027200',' ',NULL,'  ',NULL,NULL,NULL,NULL,NULL,NULL,'   ,  , ',' ','34.850785','32.02815'),(655,NULL,'0527726811',' ',NULL,'    1        ',NULL,NULL,NULL,NULL,NULL,NULL,'\" 22, , ','','34.9622012','32.0507277'),(656,NULL,'0547353003',' ',NULL,'',NULL,NULL,NULL,NULL,NULL,NULL,' 61, ','','35.1818844','32.1046434'),(657,NULL,'0525440533',' ',NULL,'',NULL,NULL,NULL,NULL,NULL,NULL,'\" 8, , ','','35.21423879999999','31.7730729'),(658,NULL,'0547826531',' ',NULL,NULL,NULL,NULL,NULL,NULL,NULL,NULL,NULL,NULL,NULL,NULL),(659,NULL,'0535698143','DEBORAH DAHAN',NULL,NULL,NULL,NULL,NULL,NULL,NULL,NULL,NULL,NULL,NULL,NULL),(662,NULL,'0549548839',' ',NULL,'',NULL,NULL,NULL,NULL,NULL,NULL,' 234, , ','','34.8080315','31.90375409999999'),(663,NULL,'0528265805',' ',NULL,'     ',NULL,NULL,NULL,NULL,NULL,NULL,'  14,   , ','  ','34.791982','32.0886818'),(664,NULL,'0507242474','  ',NULL,'',NULL,NULL,NULL,NULL,NULL,NULL,' 7, , ','','35.2187449','31.7542674'),(665,NULL,'0506874138','',NULL,'',NULL,NULL,NULL,NULL,NULL,NULL,'  6,  , ',' ','34.7412083','32.00484499999999'),(666,NULL,'0547727289',' ',NULL,'',NULL,NULL,NULL,NULL,NULL,NULL,' 3,  , ',' ','34.8823419','32.075352'),(667,NULL,'0535679969',' ',NULL,' 9',NULL,NULL,NULL,NULL,NULL,NULL,', ','','34.924732','31.827899'),(669,NULL,'0524818720',' ',NULL,'   ',NULL,NULL,NULL,NULL,NULL,NULL,'  6,  , ',' ','34.9187166','32.0768474'),(670,NULL,'0575926888',' ',1125,NULL,NULL,NULL,NULL,NULL,NULL,NULL,NULL,NULL,NULL,NULL),(671,NULL,'0502272246',' ',NULL,'',NULL,NULL,NULL,NULL,NULL,NULL,'  59,  , ',' ','34.78711260000001','31.2609904'),(673,NULL,'0502333123',' ',NULL,'',NULL,NULL,NULL,NULL,NULL,NULL,' 7, , ','','35.0505167','32.4523727'),(674,NULL,'0547363495',' ',NULL,NULL,NULL,NULL,NULL,NULL,NULL,NULL,NULL,NULL,NULL,NULL),(676,NULL,'0506509595',' ',NULL,NULL,NULL,NULL,NULL,NULL,NULL,NULL,' \" 32, , ','','35.1965502','31.78466170000001'),(677,NULL,'0509002859','  ',1136,NULL,NULL,NULL,NULL,NULL,NULL,NULL,NULL,NULL,NULL,NULL),(678,NULL,'0505855327',' ',NULL,'       ',NULL,NULL,NULL,NULL,NULL,NULL,'  19,  , ',' ','35.1001969','32.81043609999999'),(679,NULL,'0524108667',' ',NULL,'',NULL,NULL,NULL,NULL,NULL,NULL,' 26,  , ',' ','34.7828381','31.2495764'),(680,NULL,'0547853099','  ',1142,NULL,NULL,NULL,NULL,NULL,NULL,NULL,NULL,NULL,NULL,NULL),(681,NULL,'0542248724','david levin-kruss',NULL,NULL,NULL,NULL,NULL,NULL,NULL,NULL,NULL,NULL,NULL,NULL),(683,NULL,'0506730987','',NULL,' ',NULL,NULL,NULL,NULL,NULL,NULL,'  4, , ','','35.2083422','31.7878043'),(684,NULL,'0547692944',' ',NULL,'  58  3  ',NULL,NULL,NULL,NULL,NULL,NULL,' 58,  , ',' ','34.8780565','32.0821621'),(685,NULL,'0546464423',' ',NULL,NULL,NULL,NULL,NULL,NULL,NULL,NULL,NULL,NULL,NULL,NULL),(686,NULL,'0528189604',' ',NULL,'',NULL,NULL,NULL,NULL,NULL,NULL,' 5, , ','','35.2082898','31.7688621'),(687,NULL,'0525076163',' ',NULL,'  ',NULL,NULL,NULL,NULL,NULL,NULL,'  \", , ','','35.211986','31.768702'),(688,NULL,'0584997444',' ',NULL,NULL,NULL,NULL,NULL,NULL,NULL,NULL,NULL,NULL,NULL,NULL),(689,NULL,'0505848151','  ',NULL,'\' 11     ',NULL,NULL,NULL,NULL,NULL,NULL,'\' 11, , ','','34.9970574','32.8077585'),(690,NULL,'0525515600','Daniel chertoff',NULL,'',NULL,NULL,NULL,NULL,NULL,NULL,' 5, , ','','35.21865529999999','31.7639955'),(691,NULL,'0507474749','BBC be ',1160,NULL,NULL,NULL,NULL,NULL,NULL,NULL,NULL,NULL,NULL,NULL),(692,NULL,'0546638200',' ',NULL,NULL,NULL,NULL,NULL,NULL,NULL,NULL,' 14, , ','','35.2179489','31.7603053'),(693,NULL,'0542580090',' ',NULL,'     ',NULL,NULL,NULL,NULL,NULL,NULL,'  48,  , ',' ','34.8858942','32.0785155'),(694,NULL,'0524829598',' ',NULL,'     ',NULL,NULL,NULL,NULL,NULL,NULL,' 4, , ','','35.2156465','31.7633115'),(695,NULL,'0502294942',' ',NULL,NULL,NULL,NULL,NULL,NULL,NULL,NULL,NULL,NULL,NULL,NULL),(696,NULL,'0543977707',' ',NULL,NULL,NULL,NULL,NULL,NULL,NULL,NULL,' 9, , ','','35.2101537','31.7767328'),(697,NULL,'0528513551',' ',NULL,'',NULL,NULL,NULL,NULL,NULL,NULL,' 24, , ','','35.0144609','32.79170819999999'),(698,NULL,'0546606018',' ',NULL,'',NULL,NULL,NULL,NULL,NULL,NULL,' 60,  , ',' ','34.80631529999999','31.97047569999999'),(699,NULL,'0542510664','  ',NULL,'',NULL,NULL,NULL,NULL,NULL,NULL,'  35,  , ',' ','34.82976299999999','32.0628856'),(700,NULL,'0509445540',' ',NULL,NULL,NULL,NULL,NULL,NULL,NULL,NULL,NULL,NULL,NULL,NULL),(702,NULL,'0504444871',' ',NULL,NULL,NULL,NULL,NULL,NULL,NULL,NULL,NULL,NULL,NULL,NULL),(703,NULL,'0509331006','  ',NULL,NULL,NULL,NULL,NULL,NULL,NULL,NULL,NULL,NULL,NULL,NULL),(704,NULL,'0509111063',' ',NULL,NULL,NULL,NULL,NULL,NULL,NULL,NULL,'\" 19, , ','','35.2235221','31.7497548'),(705,NULL,'0547220992',' ',NULL,NULL,NULL,NULL,NULL,NULL,NULL,NULL,NULL,NULL,NULL,NULL),(706,NULL,'0543334962',' ',NULL,NULL,NULL,NULL,NULL,NULL,NULL,NULL,'  32,  , ',' ','34.8553691','32.0781464'),(707,NULL,'0529426564',' ',NULL,'',NULL,NULL,NULL,NULL,NULL,NULL,'  55,   , ','  ','34.788214','32.0951173'),(708,NULL,'0544264242',' ',NULL,'',NULL,NULL,NULL,NULL,NULL,NULL,' 18, , ','','34.9979386','32.795138'),(709,NULL,'0538877032','',NULL,NULL,NULL,NULL,NULL,NULL,NULL,NULL,NULL,NULL,NULL,NULL),(710,NULL,'0542876185',' ',NULL,' 70  1',NULL,NULL,NULL,NULL,NULL,NULL,' 70,  , ',' ','35.0917334','32.6366078'),(711,NULL,'0585359556','',NULL,'  15',NULL,NULL,NULL,NULL,NULL,NULL,'\" 15,  , ',' ','34.9892224','31.7534034'),(712,NULL,'0545664121',' ',NULL,NULL,NULL,NULL,NULL,NULL,NULL,NULL,NULL,NULL,NULL,NULL),(714,NULL,'0548427860',' ',NULL,'  ',NULL,NULL,NULL,NULL,NULL,NULL,' 12, , ','','35.3270775','32.6264193'),(715,NULL,'0549421992',' ',NULL,NULL,NULL,NULL,NULL,NULL,NULL,NULL,NULL,NULL,NULL,NULL),(716,NULL,'0502256220',' ',NULL,'',NULL,NULL,NULL,NULL,NULL,NULL,'  43, , ','','34.8420769','32.29556030000001'),(718,NULL,'0507238146',' ',NULL,'',NULL,NULL,NULL,NULL,NULL,NULL,'    52,  , ',' ','34.88350399999999','32.0767469'),(719,NULL,'0537925467',' ',NULL,NULL,NULL,NULL,NULL,NULL,NULL,NULL,NULL,NULL,NULL,NULL),(720,NULL,'0546141151','',1202,NULL,NULL,NULL,NULL,NULL,NULL,NULL,NULL,NULL,NULL,NULL),(721,NULL,'0536207009',' ',NULL,'',NULL,NULL,NULL,NULL,NULL,NULL,' 5, , ','','34.7664074','32.0308895'),(723,NULL,'0544766919',' -',NULL,'        10  ',NULL,NULL,NULL,NULL,NULL,NULL,' 21,  , ',' ','34.7431844','32.0278652'),(724,NULL,'0506311093',' ',NULL,NULL,NULL,NULL,NULL,NULL,NULL,NULL,NULL,NULL,NULL,NULL),(725,NULL,'0587793118',' ',NULL,NULL,NULL,NULL,NULL,NULL,NULL,NULL,NULL,NULL,NULL,NULL),(727,NULL,'0526482002',' ',NULL,'',NULL,NULL,NULL,NULL,NULL,NULL,'  14, , ','','34.8183525','31.89709980000001'),(728,NULL,'0549365034',' ',NULL,NULL,NULL,NULL,NULL,NULL,NULL,NULL,NULL,NULL,NULL,NULL),(729,NULL,'0526700505',' ',NULL,' 1  70  18 ',NULL,NULL,NULL,NULL,NULL,NULL,' 1, , ','','34.8851332','32.4294845'),(730,NULL,'0542043412',' ',NULL,NULL,NULL,NULL,NULL,NULL,NULL,NULL,NULL,NULL,NULL,NULL),(731,NULL,'0528770879',' ',NULL,' 10  22',NULL,NULL,NULL,NULL,NULL,NULL,' 10,  , ',' ','34.81238519999999','31.96549919999999'),(732,NULL,'0524266255',' ',NULL,NULL,NULL,NULL,NULL,NULL,NULL,NULL,NULL,NULL,NULL,NULL),(734,NULL,'0524308033',' ',NULL,'',NULL,NULL,NULL,NULL,NULL,NULL,'  18, ','','35.2426538','31.8304891'),(735,NULL,'0526705549',' ',NULL,NULL,NULL,NULL,NULL,NULL,NULL,NULL,'   3,   , ','  ','34.7920349','32.0781115'),(736,NULL,'0545273331',' ',1221,NULL,NULL,NULL,NULL,NULL,NULL,NULL,NULL,NULL,NULL,NULL),(737,NULL,'0543962706','',NULL,'',NULL,NULL,NULL,NULL,NULL,NULL,'  3,  , ',' ','34.74664509999999','32.02395359999999'),(738,NULL,'0527475234',' ',NULL,'',NULL,NULL,NULL,NULL,NULL,NULL,' 14, , ','','34.77893449999999','32.005764'),(739,NULL,'0586386404',' ',1227,NULL,NULL,NULL,NULL,NULL,NULL,NULL,NULL,NULL,NULL,NULL),(740,NULL,'0549249482',' ',NULL,'',NULL,NULL,NULL,NULL,NULL,NULL,'   16, , ','','34.8110003','31.9023936'),(741,NULL,'0523847422',' ',NULL,NULL,NULL,NULL,NULL,NULL,NULL,NULL,'   1, ','','35.2295922','31.7225953'),(742,NULL,'0528473327',' ',NULL,'',NULL,NULL,NULL,NULL,NULL,NULL,' 27, , ','','34.7833645','32.0202687'),(743,NULL,'0545271040',' ',NULL,NULL,NULL,NULL,NULL,NULL,NULL,NULL,NULL,NULL,NULL,NULL),(744,NULL,'0522465955',' ',NULL,NULL,NULL,NULL,NULL,NULL,NULL,NULL,NULL,NULL,NULL,NULL),(745,NULL,'0585000794','',NULL,NULL,NULL,NULL,NULL,NULL,NULL,NULL,NULL,NULL,NULL,NULL),(746,NULL,'0522576814','     ',1236,NULL,NULL,NULL,NULL,NULL,NULL,NULL,NULL,NULL,NULL,NULL),(747,NULL,'0506546825','',NULL,NULL,NULL,NULL,NULL,NULL,NULL,NULL,NULL,NULL,NULL,NULL),(748,NULL,'0504133195',' ',1239,NULL,NULL,NULL,NULL,NULL,NULL,NULL,NULL,NULL,NULL,NULL),(749,NULL,'0556612100','  ',NULL,NULL,NULL,NULL,NULL,NULL,NULL,NULL,NULL,NULL,NULL,NULL),(750,NULL,'0556849369',' ',NULL,NULL,NULL,NULL,NULL,NULL,NULL,NULL,NULL,NULL,NULL,NULL),(751,NULL,'0545838315','or amitay',NULL,NULL,NULL,NULL,NULL,NULL,NULL,NULL,NULL,NULL,NULL,NULL),(752,NULL,'0502702021',' ',1245,NULL,NULL,NULL,NULL,NULL,NULL,NULL,NULL,NULL,NULL,NULL),(753,NULL,'0505237119',' ',NULL,NULL,NULL,NULL,NULL,NULL,NULL,NULL,NULL,NULL,NULL,NULL),(754,NULL,'0528774933','Eliane Schlossberg',NULL,NULL,NULL,NULL,NULL,NULL,NULL,NULL,NULL,NULL,NULL,NULL),(755,NULL,'0587482914','geraldine nordmann',NULL,NULL,NULL,NULL,NULL,NULL,NULL,NULL,NULL,NULL,NULL,NULL),(756,NULL,'0545243001',' ',NULL,NULL,NULL,NULL,NULL,NULL,NULL,NULL,NULL,NULL,NULL,NULL),(757,NULL,'0538240974',' ',NULL,NULL,NULL,NULL,NULL,NULL,NULL,NULL,NULL,NULL,NULL,NULL),(758,NULL,'0585770155',' ',NULL,NULL,NULL,NULL,NULL,NULL,NULL,NULL,' 10, , ','','35.2010803','31.7607564'),(759,NULL,'0547711480',' ',NULL,NULL,NULL,NULL,NULL,NULL,NULL,NULL,NULL,NULL,NULL,NULL),(760,NULL,'0547525548',' ',NULL,NULL,NULL,NULL,NULL,NULL,NULL,NULL,NULL,NULL,NULL,NULL),(761,NULL,'0546969090','',NULL,'',NULL,NULL,NULL,NULL,NULL,NULL,', , ','','34.9733992','32.2629259'),(762,NULL,'0586681605','  ',NULL,'',NULL,NULL,NULL,NULL,NULL,NULL,'  27, , ','','35.010552','32.7924755'),(763,NULL,'0544700711',' ',NULL,NULL,NULL,NULL,NULL,NULL,NULL,NULL,' 8,  , ',' ','35.0858063','32.6378428'),(764,NULL,'0545294070',' - ',NULL,NULL,NULL,NULL,NULL,NULL,NULL,NULL,' 20, , ','','35.2026426','31.7534169'),(765,NULL,'0543081249',' ',NULL,NULL,NULL,NULL,NULL,NULL,NULL,NULL,NULL,NULL,NULL,NULL),(766,NULL,'0535269883',' ',NULL,NULL,NULL,NULL,NULL,NULL,NULL,NULL,NULL,NULL,NULL,NULL),(767,NULL,'0539313941','',NULL,NULL,NULL,NULL,NULL,NULL,NULL,NULL,NULL,NULL,NULL,NULL),(768,NULL,'0506717729',' ',1285,NULL,NULL,NULL,NULL,NULL,NULL,NULL,NULL,NULL,NULL,NULL),(769,NULL,'0538466896','',NULL,NULL,NULL,NULL,NULL,NULL,NULL,NULL,'  14,  , ',' ','34.788931','31.24407719999999'),(770,NULL,'0542624525',' ',NULL,NULL,NULL,NULL,NULL,NULL,NULL,NULL,NULL,NULL,NULL,NULL),(771,NULL,'0585865042',' ',NULL,NULL,NULL,NULL,NULL,NULL,NULL,NULL,' 12, , ','','35.0180531','32.7845877'),(772,NULL,'0584030505',' ',NULL,NULL,NULL,NULL,NULL,NULL,NULL,NULL,NULL,NULL,NULL,NULL),(773,NULL,'0528813655',' ',NULL,NULL,NULL,NULL,NULL,NULL,NULL,NULL,' 63, ',NULL,'35.017341','32.791327'),(774,NULL,'0522728458',' ',1291,NULL,NULL,NULL,NULL,NULL,NULL,NULL,NULL,NULL,NULL,NULL),(775,NULL,'0526056618',' ',NULL,NULL,NULL,NULL,NULL,NULL,NULL,NULL,NULL,NULL,NULL,NULL),(776,NULL,'0523477963','',1295,NULL,NULL,NULL,NULL,NULL,NULL,NULL,NULL,NULL,NULL,NULL),(777,NULL,'0526132286','  ',NULL,NULL,NULL,NULL,NULL,NULL,NULL,NULL,'  5,   , ','  ','35.0027105','31.89475300000001'),(778,NULL,'0508910559',' ',1297,NULL,NULL,NULL,NULL,NULL,NULL,NULL,NULL,NULL,NULL,NULL),(779,NULL,'0508854116',' ',NULL,NULL,NULL,NULL,NULL,NULL,NULL,NULL,NULL,NULL,NULL,NULL),(780,NULL,'0529444644',' ',NULL,NULL,NULL,NULL,NULL,NULL,NULL,NULL,NULL,NULL,NULL,NULL),(781,NULL,'0528225577',' ',NULL,NULL,NULL,NULL,NULL,NULL,NULL,NULL,NULL,NULL,NULL,NULL),(782,NULL,'0523724730','byg yh',NULL,NULL,NULL,NULL,NULL,NULL,NULL,NULL,NULL,NULL,NULL,NULL),(783,NULL,'0546751158',' ',NULL,NULL,NULL,NULL,NULL,NULL,NULL,NULL,' 15,  , ',' ','34.9784234','31.7358924'),(784,NULL,'0547552808','  ',NULL,NULL,NULL,NULL,NULL,NULL,NULL,NULL,NULL,NULL,NULL,NULL),(785,NULL,'0547418581',' ',NULL,NULL,NULL,NULL,NULL,NULL,NULL,NULL,' 4, , ','','34.860381','31.93335160000001'),(786,NULL,'0536247559',' ',NULL,NULL,NULL,NULL,NULL,NULL,NULL,NULL,NULL,NULL,NULL,NULL),(787,NULL,'0552414356',' ',NULL,NULL,NULL,NULL,NULL,NULL,NULL,NULL,' 5,  , ',' ','34.7906254','31.2526402'),(788,NULL,'0558853959','  ',1320,NULL,NULL,NULL,NULL,NULL,NULL,NULL,NULL,NULL,NULL,NULL),(789,NULL,'0545664434',' ',NULL,NULL,NULL,NULL,NULL,NULL,NULL,NULL,'  94, , ','','35.2203353','31.7557354'),(790,NULL,NULL,'admin',NULL,NULL,'$2a$10$MKtPR3ihWZdJjpLJi84fbegR6MPavlqE5yf5fh40UABExrhJ3Bb5C',NULL,'moria@gmail.com',NULL,NULL,NULL,NULL,NULL,NULL,NULL),(791,NULL,NULL,'admin',NULL,NULL,'$2a$10$rHRG5T8vV6OFWxEWM3cSEup0pqWcxNZhAD8MZbtHs4igqzFpJeNDO',NULL,'shira@gmail.com',NULL,NULL,NULL,NULL,NULL,NULL,NULL),(792,NULL,'0528992592',' ',NULL,NULL,NULL,NULL,NULL,NULL,NULL,NULL,' , , ','','35.02418089999999','32.7776012'),(793,NULL,'0527467762',' ',1341,NULL,NULL,NULL,NULL,NULL,NULL,NULL,NULL,NULL,NULL,NULL),(794,NULL,'0547580008','',NULL,NULL,NULL,NULL,NULL,NULL,NULL,NULL,'  9,  ',NULL,'35.081862','32.842559'),(795,NULL,'0534997138',' ',NULL,NULL,NULL,NULL,NULL,NULL,NULL,NULL,'\" 1, , ','','34.5934628','31.423401'),(797,NULL,'0545968064',' ',NULL,NULL,NULL,NULL,NULL,NULL,NULL,NULL,' 26,  , ',' ','34.9087685','32.17203800000001'),(798,NULL,'0522533784','  ',NULL,NULL,NULL,NULL,NULL,NULL,NULL,NULL,'   65,  , ',' ','34.90569869999999','32.0752501'),(799,NULL,'0587699695',' ',NULL,NULL,NULL,NULL,NULL,NULL,NULL,NULL,'  48,  , ',' ','34.740899','32.012318'),(800,NULL,'0532224889',' ',1369,NULL,NULL,NULL,NULL,NULL,NULL,NULL,NULL,NULL,NULL,NULL),(801,NULL,'0543092797',' ',NULL,NULL,NULL,NULL,NULL,NULL,NULL,NULL,'   46,  , ',' ','34.9063223','32.0735084'),(802,NULL,'0506345330',' ',NULL,NULL,NULL,NULL,NULL,NULL,NULL,NULL,NULL,NULL,NULL,NULL),(803,NULL,'0527609199',' ',1401,NULL,NULL,NULL,NULL,NULL,NULL,NULL,NULL,NULL,NULL,NULL),(804,NULL,'0507495171',' ',NULL,NULL,NULL,NULL,NULL,NULL,NULL,NULL,NULL,NULL,NULL,NULL),(805,NULL,'0526070976',' ',NULL,NULL,NULL,NULL,NULL,NULL,NULL,NULL,',   , ','  ','34.7829956','32.0819758'),(806,NULL,'0523622933',' ',NULL,NULL,NULL,NULL,NULL,NULL,NULL,NULL,NULL,NULL,NULL,NULL),(807,NULL,'0524290718',' ',NULL,NULL,NULL,NULL,NULL,NULL,NULL,NULL,NULL,NULL,NULL,NULL),(808,NULL,'0545444861',' ',NULL,NULL,NULL,NULL,NULL,NULL,NULL,NULL,' 13, , ','','35.2238973','31.749163'),(809,NULL,'0545804070',' ',NULL,NULL,NULL,NULL,NULL,NULL,NULL,NULL,NULL,NULL,NULL,NULL),(810,NULL,'0507123357','',NULL,NULL,NULL,NULL,NULL,NULL,NULL,NULL,NULL,NULL,NULL,NULL),(811,NULL,'0523093932','Scott Kuperberg',NULL,NULL,NULL,NULL,NULL,NULL,NULL,NULL,NULL,NULL,NULL,NULL),(812,NULL,'0544636065',' ',NULL,NULL,NULL,NULL,NULL,NULL,NULL,NULL,NULL,NULL,NULL,NULL),(813,NULL,'0547277803',' ',NULL,NULL,NULL,NULL,NULL,NULL,NULL,NULL,NULL,NULL,NULL,NULL),(814,NULL,'0525362331',' ',NULL,NULL,NULL,NULL,NULL,NULL,NULL,NULL,NULL,NULL,NULL,NULL);
/*!40000 ALTER TABLE `CustomUser` ENABLE KEYS */;
UNLOCK TABLES;

--
-- Table structure for table `Files`
--

DROP TABLE IF EXISTS `Files`;
/*!40101 SET @saved_cs_client     = @@character_set_client */;
/*!40101 SET character_set_client = utf8 */;
CREATE TABLE `Files` (
  `id` int(10) unsigned NOT NULL AUTO_INCREMENT,
  `title` varchar(200) DEFAULT NULL,
  `description` text,
  `created` datetime DEFAULT NULL,
  `format` enum('docx','doc','pdf','mp3','wav') CHARACTER SET utf8 COLLATE utf8_unicode_ci NOT NULL,
  `category` varchar(100) DEFAULT NULL,
  `modified` datetime DEFAULT NULL,
  `owner` int(11) DEFAULT NULL,
  PRIMARY KEY (`id`)
) ENGINE=InnoDB DEFAULT CHARSET=utf8;
/*!40101 SET character_set_client = @saved_cs_client */;

--
-- Dumping data for table `Files`
--

LOCK TABLES `Files` WRITE;
/*!40000 ALTER TABLE `Files` DISABLE KEYS */;
/*!40000 ALTER TABLE `Files` ENABLE KEYS */;
UNLOCK TABLES;

--
-- Table structure for table `Images`
--

DROP TABLE IF EXISTS `Images`;
/*!40101 SET @saved_cs_client     = @@character_set_client */;
/*!40101 SET character_set_client = utf8 */;
CREATE TABLE `Images` (
  `id` int(10) unsigned NOT NULL AUTO_INCREMENT,
  `title` varchar(200) CHARACTER SET utf8 DEFAULT NULL,
  `description` text CHARACTER SET utf8,
  `created` datetime DEFAULT NULL,
  `format` enum('png','jpg','jpeg','gif') CHARACTER SET utf8 DEFAULT NULL,
  `modified` datetime DEFAULT NULL,
  `category` varchar(100) CHARACTER SET utf8 DEFAULT NULL,
  `owner` int(11) DEFAULT NULL,
  PRIMARY KEY (`id`)
) ENGINE=InnoDB DEFAULT CHARSET=utf8mb4 COLLATE=utf8mb4_unicode_ci;
/*!40101 SET character_set_client = @saved_cs_client */;

--
-- Dumping data for table `Images`
--

LOCK TABLES `Images` WRITE;
/*!40000 ALTER TABLE `Images` DISABLE KEYS */;
/*!40000 ALTER TABLE `Images` ENABLE KEYS */;
UNLOCK TABLES;

--
-- Table structure for table `Notification`
--

DROP TABLE IF EXISTS `Notification`;
/*!40101 SET @saved_cs_client     = @@character_set_client */;
/*!40101 SET character_set_client = utf8 */;
CREATE TABLE `Notification` (
  `id` int(11) NOT NULL AUTO_INCREMENT,
  `htmlMsg` text COLLATE utf8_unicode_ci,
  `created` datetime DEFAULT NULL,
  `modified` datetime DEFAULT NULL,
  PRIMARY KEY (`id`)
) ENGINE=InnoDB DEFAULT CHARSET=utf8 COLLATE=utf8_unicode_ci;
/*!40101 SET character_set_client = @saved_cs_client */;

--
-- Dumping data for table `Notification`
--

LOCK TABLES `Notification` WRITE;
/*!40000 ALTER TABLE `Notification` DISABLE KEYS */;
/*!40000 ALTER TABLE `Notification` ENABLE KEYS */;
UNLOCK TABLES;

--
-- Table structure for table `NotificationsMap`
--

DROP TABLE IF EXISTS `NotificationsMap`;
/*!40101 SET @saved_cs_client     = @@character_set_client */;
/*!40101 SET character_set_client = utf8 */;
CREATE TABLE `NotificationsMap` (
  `id` int(11) NOT NULL AUTO_INCREMENT,
  `user_id` int(11) DEFAULT NULL,
  `notification_id` int(11) DEFAULT NULL,
  `created` datetime DEFAULT NULL,
  `fetched` tinyint(1) DEFAULT '0',
  `modified` datetime DEFAULT NULL,
  `user_new_notification_id` int(11) DEFAULT NULL,
  PRIMARY KEY (`id`),
  KEY `notification_id` (`notification_id`),
  CONSTRAINT `NotificationsMap_ibfk_1` FOREIGN KEY (`notification_id`) REFERENCES `Notification` (`id`)
) ENGINE=InnoDB DEFAULT CHARSET=utf8 COLLATE=utf8_unicode_ci;
/*!40101 SET character_set_client = @saved_cs_client */;

--
-- Dumping data for table `NotificationsMap`
--

LOCK TABLES `NotificationsMap` WRITE;
/*!40000 ALTER TABLE `NotificationsMap` DISABLE KEYS */;
/*!40000 ALTER TABLE `NotificationsMap` ENABLE KEYS */;
UNLOCK TABLES;

--
-- Table structure for table `Role`
--

DROP TABLE IF EXISTS `Role`;
/*!40101 SET @saved_cs_client     = @@character_set_client */;
/*!40101 SET character_set_client = utf8 */;
CREATE TABLE `Role` (
  `id` int(11) NOT NULL AUTO_INCREMENT,
  `name` varchar(512) NOT NULL,
  `description` varchar(512) DEFAULT NULL,
  `created` datetime DEFAULT NULL,
  `modified` datetime DEFAULT NULL,
  `roleKey` varchar(200) DEFAULT NULL,
  PRIMARY KEY (`id`)
) ENGINE=InnoDB AUTO_INCREMENT=5 DEFAULT CHARSET=latin1;
/*!40101 SET character_set_client = @saved_cs_client */;

--
-- Dumping data for table `Role`
--

LOCK TABLES `Role` WRITE;
/*!40000 ALTER TABLE `Role` DISABLE KEYS */;
INSERT INTO `Role` VALUES (1,'ISOLATED',NULL,NULL,NULL,'miremerijfgivn238svnsdfsdf'),(2,'SHOFARBLOWER',NULL,NULL,NULL,'gmrkipgm$2300femkFSFKeo375'),(3,'GENERALUSER',NULL,NULL,NULL,'spf%#kfpoFFAa2234adAA244asZZv'),(4,'ADMIN',NULL,NULL,NULL,'dsfdsgfest4e534fdfsdkfdsfsfewr4');
/*!40000 ALTER TABLE `Role` ENABLE KEYS */;
UNLOCK TABLES;

--
-- Table structure for table `RoleMapping`
--

DROP TABLE IF EXISTS `RoleMapping`;
/*!40101 SET @saved_cs_client     = @@character_set_client */;
/*!40101 SET character_set_client = utf8 */;
CREATE TABLE `RoleMapping` (
  `id` int(11) NOT NULL AUTO_INCREMENT,
  `principalType` varchar(512) COLLATE utf8mb4_unicode_ci DEFAULT NULL,
  `principalId` varchar(255) COLLATE utf8mb4_unicode_ci DEFAULT NULL,
  `roleId` int(11) DEFAULT NULL,
  PRIMARY KEY (`id`),
  KEY `principalId` (`principalId`)
) ENGINE=InnoDB AUTO_INCREMENT=814 DEFAULT CHARSET=utf8mb4 COLLATE=utf8mb4_unicode_ci;
/*!40101 SET character_set_client = @saved_cs_client */;

--
-- Dumping data for table `RoleMapping`
--

LOCK TABLES `RoleMapping` WRITE;
/*!40000 ALTER TABLE `RoleMapping` DISABLE KEYS */;
INSERT INTO `RoleMapping` VALUES (24,'User','24',1),(25,'User','25',2),(27,'User','27',2),(28,'User','28',1),(29,'User','29',2),(30,'User','30',2),(31,'User','31',1),(32,'User','32',2),(33,'User','33',2),(34,'User','34',1),(35,'User','35',2),(36,'User','36',2),(37,'User','37',1),(38,'User','38',2),(39,'User','39',2),(40,'User','40',2),(41,'User','41',2),(42,'User','42',2),(43,'User','43',2),(44,'User','44',2),(45,'User','45',2),(46,'User','46',2),(47,'User','47',2),(48,'User','48',2),(49,'User','49',2),(50,'User','50',2),(51,'User','51',2),(53,'User','53',2),(54,'User','54',2),(55,'User','55',2),(56,'User','56',2),(57,'User','57',2),(58,'User','58',2),(59,'User','59',2),(60,'User','60',2),(61,'User','61',2),(62,'User','62',2),(63,'User','63',2),(64,'User','64',2),(65,'User','65',2),(66,'User','66',2),(67,'User','67',2),(68,'User','68',2),(69,'User','69',2),(70,'User','70',2),(71,'User','71',2),(72,'User','72',2),(73,'User','73',2),(74,'User','74',2),(75,'User','75',1),(76,'User','76',2),(77,'User','77',2),(78,'User','78',2),(79,'User','79',2),(80,'User','80',2),(81,'User','81',2),(82,'User','82',2),(83,'User','83',2),(84,'User','84',1),(85,'User','85',2),(86,'User','86',2),(87,'User','87',2),(88,'User','88',2),(89,'User','89',2),(90,'User','90',2),(91,'User','91',2),(92,'User','92',2),(93,'User','93',2),(94,'User','94',2),(95,'User','95',2),(96,'User','96',2),(97,'User','97',2),(98,'User','98',1),(99,'User','99',1),(101,'User','101',1),(102,'User','102',1),(103,'User','103',1),(104,'User','104',1),(105,'User','105',2),(106,'User','106',2),(107,'User','107',1),(109,'User','109',1),(110,'User','110',1),(111,'User','111',1),(113,'User','113',1),(114,'User','114',1),(116,'User','116',2),(117,'User','117',2),(118,'User','118',1),(119,'User','119',1),(120,'User','120',2),(121,'User','121',2),(122,'User','122',1),(123,'User','123',2),(124,'User','124',1),(125,'User','125',2),(127,'User','127',1),(128,'User','128',2),(129,'User','129',1),(130,'User','130',1),(131,'User','131',1),(132,'User','132',1),(133,'User','133',2),(134,'User','134',2),(135,'User','135',2),(136,'User','136',2),(137,'User','137',2),(139,'User','139',1),(140,'User','140',2),(142,'User','142',1),(144,'User','144',2),(145,'User','145',2),(146,'User','146',2),(147,'User','147',1),(148,'User','148',1),(149,'User','149',2),(150,'User','150',2),(151,'User','151',2),(152,'User','152',2),(153,'User','153',1),(154,'User','154',1),(155,'User','155',2),(156,'User','156',2),(158,'User','158',2),(159,'User','159',2),(160,'User','160',1),(161,'User','161',1),(162,'User','162',1),(163,'User','163',2),(164,'User','164',2),(165,'User','165',2),(166,'User','166',1),(167,'User','167',2),(168,'User','168',2),(169,'User','169',2),(170,'User','170',2),(171,'User','171',1),(172,'User','172',1),(173,'User','173',2),(174,'User','174',1),(175,'User','175',2),(176,'User','176',2),(177,'User','177',1),(178,'User','178',2),(179,'User','179',2),(180,'User','180',2),(181,'User','181',1),(182,'User','182',2),(183,'User','183',2),(184,'User','184',1),(186,'User','186',1),(187,'User','187',2),(188,'User','188',2),(189,'User','189',2),(190,'User','190',2),(191,'User','191',1),(192,'User','192',2),(193,'User','193',1),(195,'User','195',2),(196,'User','196',1),(197,'User','197',2),(198,'User','198',2),(199,'User','199',1),(200,'User','200',2),(201,'User','201',2),(202,'User','202',1),(203,'User','203',2),(204,'User','204',1),(206,'User','206',1),(207,'User','207',2),(208,'User','208',2),(210,'User','210',2),(211,'User','211',1),(212,'User','212',2),(214,'User','214',2),(215,'User','215',1),(216,'User','216',2),(217,'User','217',2),(218,'User','218',2),(219,'User','219',1),(220,'User','220',1),(221,'User','221',2),(222,'User','222',1),(224,'User','224',2),(225,'User','225',1),(226,'User','226',2),(227,'User','227',2),(228,'User','228',2),(229,'User','229',2),(230,'User','230',1),(232,'User','232',1),(233,'User','233',2),(234,'User','234',2),(235,'User','235',2),(236,'User','236',1),(237,'User','237',2),(238,'User','238',2),(239,'User','239',1),(240,'User','240',2),(241,'User','241',1),(242,'User','242',2),(243,'User','243',2),(244,'User','244',2),(247,'User','247',2),(248,'User','248',2),(249,'User','249',1),(250,'User','250',1),(251,'User','251',2),(252,'User','252',1),(253,'User','253',1),(254,'User','254',1),(255,'User','255',2),(256,'User','256',1),(257,'User','257',1),(259,'User','259',1),(260,'User','260',1),(261,'User','261',1),(262,'User','262',1),(263,'User','263',1),(264,'User','264',2),(265,'User','265',2),(266,'User','266',2),(271,'User','271',2),(272,'User','272',1),(273,'User','273',1),(274,'User','274',1),(275,'User','275',2),(277,'User','277',2),(278,'User','278',1),(279,'User','279',2),(280,'User','280',2),(281,'User','281',2),(282,'User','282',2),(284,'User','284',1),(285,'User','285',1),(286,'User','286',1),(287,'User','287',1),(288,'User','288',1),(289,'User','289',1),(290,'User','290',2),(291,'User','291',2),(292,'User','292',1),(293,'User','293',2),(294,'User','294',1),(295,'User','295',1),(296,'User','296',2),(297,'User','297',2),(298,'User','298',2),(299,'User','299',2),(300,'User','300',2),(301,'User','301',2),(302,'User','302',2),(303,'User','303',1),(304,'User','304',1),(305,'User','305',2),(306,'User','306',2),(307,'User','307',1),(308,'User','308',1),(309,'User','309',1),(310,'User','310',1),(311,'User','311',1),(312,'User','312',2),(313,'User','313',2),(314,'User','314',2),(315,'User','315',1),(316,'User','316',2),(317,'User','317',2),(318,'User','318',2),(319,'User','319',2),(320,'User','320',2),(321,'User','321',2),(322,'User','322',2),(323,'User','323',2),(324,'User','324',2),(325,'User','325',2),(326,'User','326',2),(327,'User','327',2),(328,'User','328',2),(329,'User','329',2),(330,'User','330',1),(331,'User','331',2),(332,'User','332',2),(333,'User','333',2),(334,'User','334',2),(335,'User','335',1),(336,'User','336',2),(337,'User','337',2),(342,'User','342',2),(343,'User','343',1),(344,'User','344',2),(345,'User','345',2),(346,'User','346',2),(347,'User','347',1),(348,'User','348',1),(349,'User','349',2),(350,'User','350',1),(351,'User','351',1),(352,'User','352',2),(353,'User','353',2),(354,'User','354',1),(355,'User','355',1),(357,'User','357',2),(358,'User','358',1),(359,'User','359',1),(360,'User','360',1),(361,'User','361',2),(362,'User','362',2),(363,'User','363',1),(364,'User','364',2),(365,'User','365',2),(367,'User','367',2),(368,'User','368',2),(369,'User','369',1),(370,'User','370',2),(371,'User','371',1),(374,'USER','374',4),(375,'User','375',2),(376,'User','376',1),(377,'User','377',2),(378,'USER','378',4),(379,'User','379',1),(380,'User','380',2),(381,'User','381',1),(382,'User','382',2),(383,'User','383',2),(384,'User','384',1),(385,'User','385',1),(386,'USER','386',4),(387,'User','387',2),(388,'User','388',2),(389,'User','389',1),(390,'User','390',2),(391,'User','391',1),(392,'User','392',2),(394,'User','394',2),(395,'User','395',2),(396,'User','396',1),(397,'User','397',2),(399,'User','399',2),(400,'User','400',2),(401,'User','401',2),(402,'User','402',2),(403,'User','403',2),(404,'User','404',2),(405,'User','405',2),(406,'User','406',2),(407,'User','407',1),(408,'User','408',1),(409,'User','409',1),(411,'User','411',1),(412,'User','412',1),(413,'User','413',1),(414,'User','414',1),(415,'User','415',1),(416,'User','416',1),(417,'User','417',1),(418,'User','418',1),(419,'User','419',2),(420,'User','420',2),(421,'User','421',1),(422,'User','422',1),(423,'User','423',1),(424,'User','424',2),(425,'User','425',1),(426,'User','426',2),(427,'User','427',1),(428,'User','428',2),(429,'USER','429',4),(430,'User','430',2),(431,'User','431',1),(432,'User','432',1),(433,'User','433',1),(434,'User','434',2),(435,'User','435',2),(436,'User','436',1),(437,'User','437',1),(438,'User','438',2),(439,'User','439',1),(440,'User','440',2),(441,'User','441',1),(442,'User','442',1),(443,'User','443',2),(444,'User','444',1),(445,'User','445',1),(446,'User','446',2),(447,'User','447',1),(448,'User','448',1),(449,'User','449',1),(450,'User','450',2),(451,'User','451',2),(452,'User','452',1),(453,'User','453',1),(454,'User','454',2),(455,'User','455',2),(456,'User','456',1),(457,'User','457',1),(458,'User','458',1),(459,'User','459',1),(460,'User','460',1),(461,'User','461',1),(462,'User','462',2),(463,'User','463',2),(464,'User','464',1),(465,'User','465',1),(466,'User','466',1),(467,'User','467',1),(468,'User','468',1),(469,'User','469',2),(470,'User','470',2),(471,'User','471',1),(472,'User','472',1),(473,'User','473',1),(474,'User','474',1),(475,'User','475',2),(476,'User','476',1),(477,'User','477',2),(478,'User','478',1),(479,'User','479',1),(480,'User','480',1),(481,'User','481',1),(482,'User','482',2),(484,'User','484',1),(485,'User','485',2),(486,'User','486',1),(487,'User','487',1),(489,'User','489',1),(490,'User','490',1),(491,'User','491',1),(492,'User','492',1),(493,'User','493',1),(494,'User','494',2),(496,'User','496',1),(497,'User','497',1),(498,'User','498',2),(500,'User','500',2),(501,'User','501',1),(502,'User','502',2),(504,'User','504',1),(505,'User','505',1),(506,'User','506',1),(507,'User','507',1),(508,'User','508',1),(509,'User','509',1),(510,'User','510',1),(511,'User','511',1),(512,'User','512',1),(513,'User','513',1),(515,'User','515',3),(516,'User','516',3),(517,'User','517',1),(518,'User','518',2),(519,'User','519',2),(520,'User','520',2),(521,'User','521',2),(522,'User','522',1),(523,'User','523',1),(524,'User','524',1),(525,'User','525',1),(526,'User','526',2),(527,'User','527',1),(529,'User','529',1),(530,'User','530',1),(531,'User','531',2),(532,'User','532',1),(533,'User','533',2),(534,'User','534',2),(535,'User','535',2),(536,'User','536',1),(538,'User','538',1),(539,'User','539',1),(540,'User','540',2),(541,'User','541',1),(542,'User','542',2),(543,'User','543',1),(544,'User','544',1),(545,'User','545',1),(546,'User','546',1),(547,'User','547',1),(548,'User','548',1),(549,'User','549',2),(550,'User','550',2),(551,'User','551',1),(552,'User','552',1),(553,'User','553',1),(554,'User','554',1),(555,'User','555',1),(556,'User','556',1),(557,'User','557',1),(558,'User','558',1),(559,'User','559',1),(560,'User','560',1),(561,'User','561',1),(563,'User','563',2),(564,'User','564',2),(565,'User','565',1),(566,'User','566',1),(567,'User','567',1),(568,'User','568',2),(569,'User','569',1),(570,'User','570',3),(571,'User','571',1),(572,'User','572',1),(573,'User','573',1),(574,'User','574',1),(575,'User','575',1),(576,'User','576',1),(577,'User','577',1),(578,'User','578',2),(579,'User','579',2),(580,'User','580',1),(581,'User','581',2),(582,'User','582',1),(583,'User','583',2),(584,'User','584',1),(585,'User','585',1),(586,'User','586',1),(587,'User','587',2),(588,'User','588',1),(589,'User','589',1),(590,'User','590',1),(591,'User','591',2),(592,'User','592',1),(593,'User','593',1),(594,'User','594',1),(595,'User','595',2),(596,'User','596',2),(597,'User','597',1),(598,'User','598',1),(599,'User','599',1),(600,'User','600',1),(601,'User','601',1),(602,'User','602',1),(603,'User','603',1),(604,'User','604',1),(605,'User','605',2),(606,'User','606',2),(607,'User','607',1),(608,'User','608',1),(609,'User','609',1),(610,'User','610',1),(611,'User','611',1),(612,'User','612',2),(613,'User','613',2),(614,'User','614',3),(616,'User','616',1),(617,'User','617',1),(618,'User','618',1),(620,'User','620',1),(621,'User','621',1),(622,'User','622',3),(623,'User','623',1),(624,'User','624',1),(626,'User','626',1),(627,'User','627',2),(628,'User','628',1),(629,'User','629',1),(630,'User','630',1),(631,'User','631',1),(632,'User','632',2),(633,'User','633',1),(634,'User','634',1),(635,'User','635',1),(636,'User','636',1),(637,'User','637',2),(638,'User','638',1),(639,'User','639',1),(640,'User','640',1),(641,'User','641',1),(642,'User','642',1),(643,'User','643',2),(644,'User','644',1),(645,'User','645',1),(646,'User','646',1),(647,'User','647',1),(648,'User','648',1),(649,'User','649',1),(651,'User','651',1),(652,'User','652',1),(653,'User','653',1),(654,'User','654',1),(655,'User','655',1),(656,'User','656',2),(657,'User','657',1),(658,'User','658',3),(659,'User','659',1),(662,'User','662',1),(663,'User','663',1),(664,'User','664',1),(665,'User','665',1),(666,'User','666',1),(667,'User','667',1),(669,'User','669',1),(670,'User','670',1),(671,'User','671',1),(672,'User','672',1),(673,'User','673',1),(674,'User','674',1),(676,'User','676',2),(677,'User','677',1),(678,'User','678',1),(679,'User','679',1),(680,'User','680',1),(681,'User','681',1),(682,'User','682',1),(683,'User','683',1),(684,'User','684',1),(685,'User','685',2),(686,'User','686',1),(687,'User','687',1),(688,'User','688',1),(689,'User','689',1),(690,'User','690',1),(691,'User','691',1),(692,'User','692',2),(693,'User','693',1),(694,'User','694',1),(695,'User','695',1),(696,'User','696',2),(697,'User','697',1),(698,'User','698',1),(699,'User','699',1),(700,'User','700',1),(701,'User','701',1),(702,'User','702',1),(703,'User','703',2),(704,'User','704',2),(705,'User','705',1),(706,'User','706',2),(707,'User','707',1),(708,'User','708',1),(709,'User','709',1),(710,'User','710',1),(711,'User','711',1),(712,'User','712',1),(714,'User','714',1),(715,'User','715',1),(716,'User','716',1),(717,'User','717',1),(718,'User','718',1),(719,'User','719',1),(720,'User','720',1),(721,'User','721',1),(722,'User','722',1),(723,'User','723',1),(724,'User','724',1),(725,'User','725',1),(727,'User','727',1),(728,'User','728',1),(729,'User','729',1),(730,'User','730',1),(731,'User','731',1),(732,'User','732',1),(733,'User','733',1),(734,'User','734',1),(735,'User','735',2),(736,'User','736',1),(737,'User','737',1),(738,'User','738',1),(739,'User','739',2),(740,'User','740',1),(741,'User','741',2),(742,'User','742',1),(743,'User','743',1),(744,'User','744',1),(745,'User','745',1),(746,'User','746',1),(747,'User','747',1),(748,'User','748',1),(749,'User','749',1),(750,'User','750',1),(751,'User','751',1),(752,'User','752',1),(753,'User','753',1),(754,'User','754',1),(755,'User','755',1),(756,'User','756',1),(757,'User','757',1),(758,'User','758',2),(759,'User','759',1),(760,'User','760',1),(761,'User','761',2),(762,'User','762',2),(763,'User','763',2),(764,'User','764',2),(765,'User','765',1),(766,'User','766',1),(767,'User','767',1),(768,'User','768',2),(769,'User','769',2),(770,'User','770',1),(771,'User','771',2),(772,'User','772',2),(773,'User','773',1),(774,'User','774',1),(775,'User','775',1),(776,'User','776',1),(777,'User','777',2),(778,'User','778',1),(779,'User','779',2),(780,'User','780',2),(781,'User','781',1),(782,'User','782',1),(783,'User','783',2),(784,'User','784',1),(785,'User','785',2),(786,'User','786',2),(787,'User','787',2),(788,'User','788',2),(789,'User','789',2),(790,'USER','790',4),(791,'USER','791',4),(792,'User','792',2),(793,'User','793',2),(794,'User','795',2),(796,'User','797',2),(797,'User','798',2),(798,'User','799',2),(799,'User','800',2),(800,'User','801',2),(801,'User','802',2),(802,'User','803',2),(803,'User','804',2),(804,'User','805',2),(805,'User','806',2),(806,'User','807',2),(807,'User','808',2),(808,'User','809',3),(809,'User','810',2),(810,'User','811',2),(811,'User','812',2),(812,'User','813',2),(813,'User','814',3);
/*!40000 ALTER TABLE `RoleMapping` ENABLE KEYS */;
UNLOCK TABLES;

--
-- Table structure for table `Schools`
--

DROP TABLE IF EXISTS `Schools`;
/*!40101 SET @saved_cs_client     = @@character_set_client */;
/*!40101 SET character_set_client = utf8 */;
CREATE TABLE `Schools` (
  `id` int(11) NOT NULL AUTO_INCREMENT,
  `school_name` varchar(100) COLLATE utf8_unicode_ci DEFAULT NULL,
  `created` datetime DEFAULT NULL,
  `modified` datetime DEFAULT NULL,
  PRIMARY KEY (`id`)
) ENGINE=InnoDB DEFAULT CHARSET=utf8 COLLATE=utf8_unicode_ci;
/*!40101 SET character_set_client = @saved_cs_client */;

--
-- Dumping data for table `Schools`
--

LOCK TABLES `Schools` WRITE;
/*!40000 ALTER TABLE `Schools` DISABLE KEYS */;
/*!40000 ALTER TABLE `Schools` ENABLE KEYS */;
UNLOCK TABLES;

--
-- Table structure for table `SchoolsGames`
--

DROP TABLE IF EXISTS `SchoolsGames`;
/*!40101 SET @saved_cs_client     = @@character_set_client */;
/*!40101 SET character_set_client = utf8 */;
CREATE TABLE `SchoolsGames` (
  `id` int(11) NOT NULL AUTO_INCREMENT,
  `school_id` int(11) DEFAULT NULL,
  `game_id` int(10) unsigned DEFAULT NULL,
  `created` datetime DEFAULT NULL,
  `modified` datetime DEFAULT NULL,
  PRIMARY KEY (`id`),
  KEY `school_id` (`school_id`),
  KEY `game_id` (`game_id`),
  CONSTRAINT `SchoolsGames_ibfk_1` FOREIGN KEY (`school_id`) REFERENCES `Schools` (`id`),
  CONSTRAINT `SchoolsGames_ibfk_2` FOREIGN KEY (`game_id`) REFERENCES `games` (`id`)
) ENGINE=InnoDB DEFAULT CHARSET=utf8 COLLATE=utf8_unicode_ci;
/*!40101 SET character_set_client = @saved_cs_client */;

--
-- Dumping data for table `SchoolsGames`
--

LOCK TABLES `SchoolsGames` WRITE;
/*!40000 ALTER TABLE `SchoolsGames` DISABLE KEYS */;
/*!40000 ALTER TABLE `SchoolsGames` ENABLE KEYS */;
UNLOCK TABLES;

--
-- Table structure for table `User`
--

DROP TABLE IF EXISTS `User`;
/*!40101 SET @saved_cs_client     = @@character_set_client */;
/*!40101 SET character_set_client = utf8 */;
CREATE TABLE `User` (
  `id` int(11) NOT NULL AUTO_INCREMENT,
  `realm` varchar(512) DEFAULT NULL,
  `username` varchar(512) DEFAULT NULL,
  `password` varchar(512) NOT NULL,
  `credentials` text,
  `challenges` text,
  `email` varchar(512) NOT NULL,
  `emailVerified` tinyint(1) DEFAULT NULL,
  `verificationToken` varchar(512) DEFAULT NULL,
  `status` varchar(512) DEFAULT NULL,
  `created` datetime DEFAULT NULL,
  `lastUpdated` datetime DEFAULT NULL,
  PRIMARY KEY (`id`)
) ENGINE=InnoDB DEFAULT CHARSET=utf8;
/*!40101 SET character_set_client = @saved_cs_client */;

--
-- Dumping data for table `User`
--

LOCK TABLES `User` WRITE;
/*!40000 ALTER TABLE `User` DISABLE KEYS */;
/*!40000 ALTER TABLE `User` ENABLE KEYS */;
UNLOCK TABLES;

--
-- Table structure for table `city`
--

DROP TABLE IF EXISTS `city`;
/*!40101 SET @saved_cs_client     = @@character_set_client */;
/*!40101 SET character_set_client = utf8 */;
CREATE TABLE `city` (
  `id` int(11) unsigned NOT NULL AUTO_INCREMENT,
  `name` varchar(50) CHARACTER SET utf8 COLLATE utf8_unicode_ci DEFAULT NULL,
  `name_en` varchar(50) COLLATE utf8mb4_unicode_ci DEFAULT NULL,
  PRIMARY KEY (`id`)
) ENGINE=InnoDB AUTO_INCREMENT=1272 DEFAULT CHARSET=utf8mb4 COLLATE=utf8mb4_unicode_ci;
/*!40101 SET character_set_client = @saved_cs_client */;

--
-- Dumping data for table `city`
--

LOCK TABLES `city` WRITE;
/*!40000 ALTER TABLE `city` DISABLE KEYS */;
INSERT INTO `city` VALUES (1,'','GIMZO'),(2,'','JERUSALEM'),(4,' \' ','ABU JUWEI\'ID'),(5,' ','ABU GHOSH'),(6,' ','ABU SINAN'),(7,'  ','ABU SUREIHAN'),(8,'  ','ABU  ABDUN'),(9,'  ','ABU  AMMAR'),(10,'  ','ABU  AMRE'),(11,'  ','ABU QUREINAT'),(12,'  ','ABU RUBEI\'A'),(13,'  ','ABU RUQAYYEQ'),(14,' ','ABU TULUL'),(15,'','IBTIN'),(16,'','AVTALYON'),(17,'','AVI\'EL'),(18,'','AVIVIM'),(19,'','AVIGEDOR'),(20,'','AVIHAYIL'),(21,'','AVITAL'),(22,'','AVI\'EZER'),(23,'','ABBIRIM'),(24,' ','EVEN YEHUDA'),(25,' ','EVEN MENAHEM'),(26,' ','EVEN SAPPIR'),(27,' ','EVEN SHEMU\'EL'),(28,' ','AVNE ETAN'),(29,' ','AVNE HEFEZ'),(30,'','AVENAT'),(31,'','AVSHALOM'),(32,'','ADORA'),(33,'','ADDIRIM'),(34,'','ADAMIT'),(35,'','ADDERET'),(36,'','UDIM'),(37,'','ODEM'),(38,'','OHAD'),(39,' -','UMM AL-FAHM'),(40,' -','UMM AL-QUTUF'),(41,' ','UMM BATIN'),(42,'','OMEN'),(43,'','OMEZ'),(44,'','OFAQIM'),(45,' ','OR HAGANUZ'),(46,' ','OR HANER'),(47,' ','OR YEHUDA'),(48,' ','OR AQIVA'),(49,'','ORA'),(50,'','OROT'),(51,'','ORTAL'),(52,'','URIM'),(53,'','ORANIM'),(54,'','ORANIT'),(55,'','USHA'),(56,'','AZOR'),(57,'','AHAWA'),(58,'','AHUZZAM'),(59,' ','AHUZZAT BARAQ'),(60,'','AHIHUD'),(61,'','AHITUV'),(62,'','AHISAMAKH'),(63,'','AHI\'EZER'),(64,' ','ATRASH'),(65,'','IBBIM'),(66,'','EYAL'),(67,' ','AYYELET HASHAHAR'),(68,'','ELON'),(69,'','ELOT'),(70,'','ILANIYYA'),(71,'','ELAT'),(72,'','IRUS'),(73,'','ITAMAR'),(74,'','ETAN'),(75,'','ETANIM'),(76,'','IKSAL'),(77,' ','AL SAYYID'),(78,'-','AL-AZY'),(79,'-','AL-ARYAN'),(80,'-','EL-ROM'),(81,'','ALUMMA'),(82,'','ALUMMOT'),(83,' ','ALLON HAGALIL'),(84,' ','ELON MORE'),(85,' ','ALLON SHEVUT'),(86,' ','ALLONE ABBA'),(87,' ','ALLONE HABASHAN'),(88,' ','ALLONE YIZHAQ'),(89,'','ALLONIM'),(90,'-','ELI AL'),(91,'','ELIAV'),(92,'','ELYAKHIN'),(93,'','ELIFAZ'),(94,'','ELIFELET'),(95,'','ELYAQIM'),(96,'','ELYASHIV'),(97,'','ELISHAMA'),(98,'','ALMAGOR'),(99,'','ALMOG'),(100,'','EL\'AD'),(101,'','EL\'AZAR'),(102,' ','ALFE MENASHE'),(103,'','ELQOSH'),(104,'','ELQANA'),(105,'','EMUNIM'),(106,'','AMIRIM'),(107,'','AMNUN'),(108,'','AMAZYA'),(109,'','ANI\'AM'),(110,' ','ASAD'),(111,'','ASEFAR'),(112,'','I\'BILLIN'),(113,' ','A\'SAM'),(114,' ','AFEINISH'),(115,'','AFIQ'),(116,'','AFIQIM'),(117,'','AFEQ'),(118,'','EFRAT'),(119,'','ARBEL'),(120,'','ARGAMAN'),(121,'','EREZ'),(122,'','ARI\'EL'),(123,'','ARSUF'),(124,'','ESHBOL'),(125,'','NAHAL ESHBAL'),(126,'','ASHDOD'),(127,'   ','ASHDOT YA\'AQOV(IHUD)'),(128,'   ','ASHDOT YA\'AQOV(ME\'UH'),(129,'','ESHHAR'),(130,'','ESHKOLOT'),(131,' ','ESHEL HANASI'),(132,'','ASHALIM'),(133,'','ASHQELON'),(134,'','ASHERAT'),(135,'','ESHTA\'OL'),(136,'','ETGAR'),(137,' -','BAQA AL-GHARBIYYE'),(138,' ','BE\'ER ORA'),(139,' ','BEER GANNIM'),(140,' ','BE\'ER TUVEYA'),(141,' ','BE\'ER YA\'AQOV'),(142,' ','BE\'ER MILKA'),(143,' ','BE\'ER SHEVA'),(144,' ','BE\'EROT YIZHAQ'),(145,'','BE\'EROTAYIM'),(146,'','BE\'ERI'),(147,' ','BUSTAN HAGALIL'),(148,'-\'','BU\'EINE-NUJEIDAT'),(149,'','BUQ\'ATA'),(150,'','BURGETA'),(151,'','BAHAN'),(152,'','BITHA'),(153,'','BIZZARON'),(154,' -','BIR EL-MAKSUR'),(155,' \'','BIR HADAGE'),(156,'','BIRIYYA'),(157,' ','BET OREN'),(158,' ','BET EL'),(159,' ','BET EL\'AZARI'),(160,' ','BET ALFA'),(161,' ','BET ARYE'),(162,' ','BET BERL'),(163,' \'','BEIT JANN'),(164,' ','BET GUVRIN'),(165,' ','BET GAMLI\'EL'),(166,' ','BET DAGAN'),(167,' ','BET HAGADDI'),(168,' ','BET HALEVI'),(169,' ','BET HILLEL'),(170,' ','BET HAEMEQ'),(171,' ','BET HAARAVA'),(172,' ','BET HASHITTA'),(173,' ','BET ZEID'),(174,' ','BET ZAYIT'),(175,' ','BET ZERA'),(176,' ','BET HORON'),(177,' ','BET HERUT'),(178,' ','BET HILQIYYA'),(179,' ','BET HANAN'),(180,' ','BET HANANYA'),(181,' ','BET HASHMONAY'),(182,' ','BET YEHOSHUA'),(183,' ','BET YOSEF'),(184,' ','BET YANNAY'),(185,' - ','BET YIZHAQ-SH. HEFER'),(186,'  ','BET LEHEM HAGELILIT'),(187,' ','BET ME\'IR'),(188,' ','BET NEHEMYA'),(189,' ','BET NIR'),(190,' ','BET NEQOFA'),(191,' ','BET OVED'),(192,' ','BET UZZI\'EL'),(193,' ','BET EZRA'),(194,' ','BET ARIF'),(195,' ','BET ZEVI'),(196,' ','BET QAMA'),(197,' ','BET QESHET'),(198,' ','BET RABBAN'),(199,' ','BET RIMMON'),(200,' ','BET SHE\'AN'),(201,' ','BET SHEMESH'),(202,' ','BET SHE\'ARIM'),(203,' ','BET SHIQMA'),(204,' ','BITAN AHARON'),(205,' ','BETAR ILLIT'),(206,'','BALFURIYYA'),(207,' ','BEN ZAKKAY'),(208,' ','BEN AMMI'),(209,'  ','BEN SHEMEN(K.NO\'AR)'),(210,' ','BENE BERAQ'),(211,' ','BNE DKALIM'),(212,' ','BENE DAROM'),(213,' ','BENE DEROR'),(214,' ','BENE YEHUDA'),(215,' ','BENE NEZARIM'),(216,' ','BENE ATAROT'),(217,' \"','BENE AYISH'),(218,' ','BENE ZIYYON'),(219,' ','BENE RE\'EM'),(220,'','BENAYA'),(221,'','BINYAMINA'),(222,'\"','BASMA'),(223,' ','BASMAT TAB\'UN'),(224,'','BI NE'),(225,'','BAZRA'),(226,'','BEZET'),(227,'','BEQOA'),(228,'','BEQA\'OT'),(229,' ','BAR GIYYORA'),(230,' ','BAR YOHAY'),(231,'','BRUKHIN'),(232,' ','BEROR HAYIL'),(233,'','BEROSH'),(234,'','BERAKHA'),(235,'','BEREKHYA'),(236,'','BAR\'AM'),(237,'','BARAQ'),(238,'','BARQAY'),(239,'','BARQAN'),(240,'','BAREQET'),(241,' ','BAT HADAR'),(242,' ','BAT HEN'),(243,' ','BAT HEFER'),(244,' ','BAT HAZOR'),(245,' ','BAT YAM'),(246,' ','BAT AYIN'),(247,' ','BAT SHELOMO'),(248,'\'-','JUDEIDE-MAKER'),(249,'\'','JULIS'),(250,'\'\'','JALJULYE'),(251,'\' ','JUNNABIB'),(252,'\' -','JISR AZ-ZARQA'),(253,'\'','JISH(GUSH HALAV)'),(254,'\'','JAAT'),(255,' ','GE\'ULE TEMAN'),(256,'','GE\'ULIM'),(257,'','GE\'ALYA'),(258,'','GEVULOT'),(259,'','GEVIM'),(260,'','GEVA'),(261,' ','GEVA BINYAMIN'),(262,' ','GEVA  KARMEL'),(263,'','GIV\'OLIM'),(264,' ','GIV\'ON HAHADASHA'),(265,' ','GEVA\'OT BAR'),(266,' ','GIV\'AT AVNI'),(267,' ','GIV\'AT ELA'),(268,' ','GIV\'AT BRENNER'),(269,' ','GIV\'AT HASHELOSHA'),(270,' ','GIV\'AT ZE\'EV'),(271,' \"','GIV\'AT HEN'),(272,'  ','GIV\'AT HAYYIM(ME\'UHA'),(273,' ','GIV\'AT YO\'AV'),(274,' ','GIV\'AT YE\'ARIM'),(275,' ','GIV\'AT YESHA\'YAHU'),(276,' \"','GIV\'AT KOAH'),(277,' \"','GIV\'AT NILI'),(278,' ','GIV\'AT OZ'),(279,' ','GIV\'AT SHEMU\'EL'),(280,' ','GIV\'AT SHEMESH'),(281,' ','GIV\'AT SHAPPIRA'),(282,'','GIV\'ATI'),(283,'','GIV\'ATAYIM'),(284,'','GEVAR\'AM'),(285,'','GEVAT'),(286,'','GADOT'),(287,'','GADISH'),(288,'','GID\'ONA'),(289,'','GEDERA'),(290,'','GONEN'),(291,'','GOREN'),(292,' ','GORNOT HAGALIL'),(293,'','GAZIT'),(294,'','GEZER'),(295,'','GE\'A'),(296,'','GIBBETON'),(297,'','GIZO'),(298,'','GILON'),(299,'','GILAT'),(300,'','GINNOSAR'),(301,'','GINNEGAR'),(302,'','GINNATON'),(303,'','GITTA'),(304,'','GITTIT'),(305,'','GAL\'ON'),(306,'','GILGAL'),(307,' ','GELIL YAM'),(308,' ) (','EVEN YIZHAQ(GAL\'ED)'),(310,' ','GAN HADAROM'),(311,' ','GAN HASHOMERON'),(312,' ','GAN HAYYIM'),(313,' ','GAN YOSHIYYA'),(314,' ','GAN YAVNE'),(315,' ','GAN NER'),(316,' ','GAN SOREQ'),(317,' ','GAN SHELOMO'),(318,' ','GAN SHEMU\'EL'),(319,'','GANNOT'),(320,' ','GANNOT HADAR'),(321,' ','GANNE HADAR'),(322,' ','GANNE TAL'),(323,' ','GANNE YOHANAN'),(324,' ','GANNE MODIIN'),(325,' ','GANNE AM'),(326,' ','GANNE TIQWA'),(327,'','GA\'ASH'),(328,'','GA\'TON'),(329,'','GEFEN'),(330,'','GEROFIT'),(331,'','GESHUR'),(332,'','GESHER'),(333,' ','GESHER HAZIW'),(334,' ','GAT'),(335,' ','GAT RIMMON'),(336,' -','DALIYAT AL-KARMEL'),(337,'','DEVORA'),(338,'','DABBURYE'),(339,'','DEVIRA'),(340,'','DAVERAT'),(341,' \'','DEGANYA ALEF'),(342,' \'','DEGANYA BET'),(343,'\"','DOVEV'),(344,'','DOLEV'),(345,'','DOR'),(346,'','DOROT'),(347,'','DAHI'),(348,' -','DEIR AL-ASAD'),(349,' ','DEIR HANNA'),(350,' ','DEIR RAFAT'),(351,'','DIMONA'),(352,'','DISHON'),(353,'','DALIYYA'),(354,'','DALTON'),(355,'','DEMEIDE'),(356,'','DAN'),(357,'','DAFNA'),(358,'','DEQEL'),(359,'\'','DERIG\'AT'),(360,'','HAON'),(361,'','HABONIM'),(362,'','HAGOSHERIM'),(363,' ','HADAR AM'),(364,' ','HOD HASHARON'),(365,'','HODIYYA'),(366,'','HODAYOT'),(367,' ','HAWASHLA'),(368,' ','HUZAYYEL'),(369,'','HOSHA\'AYA'),(370,'','HAZOREA'),(371,'','HAZORE\'IM'),(372,'','HAHOTERIM'),(373,'','HAYOGEV'),(374,'','HILLA'),(375,'','HAMA\'PIL'),(376,'','HASOLELIM'),(377,'','HAOGEN'),(378,' ','HAR ADAR'),(379,' ','HAR GILLO'),(380,' ','HAR AMASA'),(381,'','HAR\'EL'),(382,'','HARDUF'),(383,'','HERZELIYYA'),(384,'','HARARIT'),(385,' ','WERED YERIHO'),(386,'','WARDON'),(387,' ','ZABARGA'),(388,'','ZAVDI\'EL'),(389,'','ZOHAR'),(390,'','ZIQIM'),(391,'','ZETAN'),(392,' ','ZIKHRON YA\'AQOV'),(393,'','ZEKHARYA'),(394,'','ZEMER'),(395,'','ZIMRAT'),(396,'','ZANOAH'),(397,'','ZERU\'A'),(398,'','ZARZIR'),(399,'','ZERAHYA'),(400,'\'','KHAWALED'),(401,'\' ','KHAWALED'),(402,' ','HAVAZZELET HASHARON'),(403,'','HEVER'),(404,'',''),(405,'','HAGOR'),(406,'','HAGGAI'),(407,'','HOGLA'),(408,'-','HAD-NES'),(409,'','HADID'),(410,'','HADERA'),(411,'\' ','HUJEIRAT'),(412,'','HULDA'),(413,'','HOLON'),(414,'','HOLIT'),(415,'','HULATA'),(416,'','HOSEN'),(417,'','HUSSNIYYA'),(418,'','HOFIT'),(419,'','HUQOQ'),(420,'','HURA'),(421,'','HURFEISH'),(422,'','HORESHIM'),(423,'','HAZON'),(424,' ','HIBBAT ZIYYON'),(425,'','HINNANIT'),(426,'','HAIFA'),(427,'','HERUT'),(428,'','HALUZ'),(429,'','HELEZ'),(430,'','HAMAM'),(431,'','HEMED'),(432,'','HAMADYA'),(433,'','NAHAL HEMDAT'),(434,'','HAMRA'),(435,'','HANNI\'EL'),(436,'','HANITA'),(437,'','HANNATON'),(438,'','HASPIN'),(439,' ','HAFEZ HAYYIM'),(440,'-','HEFZI-BAH'),(441,'','HAZAV'),(442,'','HAZEVA'),(443,' ','HAZOR HAGELILIT'),(444,'-','HAZOR-ASHDOD'),(445,' ','HAZAR BE\'EROTAYIM'),(446,' ','HAZROT HULDA'),(447,' ','HAZROT YASAF'),(448,' \"','HAZROT KOAH'),(449,'','HAZERIM'),(450,' ','HEREV LE\'ET'),(451,'','HARUZIM'),(452,'','HARISH'),(453,'','HERMESH'),(454,'','HARASHIM'),(455,'','HASHMONA\'IM'),(456,'','TIBERIAS'),(457,'-','TUBA-ZANGARIYYE'),(458,'','TUR\'AN'),(459,'','TAYIBE'),(460,' )(','TAYIBE(BAEMEQ)'),(461,'','TIRE'),(462,' ','TIRAT YEHUDA'),(463,' ','TIRAT KARMEL'),(464,' ','TIRAT ZEVI'),(465,' ','TAL SHAHAR'),(466,'-','TAL-EL'),(467,'','TELALIM'),(468,'','TALMON'),(469,'','TAMRA'),(470,'','TAMRA'),(471,'','TENE'),(472,'','TEFAHOT'),(473,'-\'','YANUH-JAT'),(474,'','YEVUL'),(475,'','YAVNE\'EL'),(476,'','YAVNE'),(477,'','YAGUR'),(478,'','YAGEL'),(479,' ','YAD BINYAMIN'),(480,' ','YAD HASHEMONA'),(481,' ','YAD HANNA'),(482,' ','YAD MORDEKHAY'),(483,' ','YAD NATAN'),(484,' \"','YAD RAMBAM'),(485,'','YEDIDA'),(486,'-','YEHUD-MONOSON'),(487,'','YAHEL'),(488,'','YUVAL'),(489,'','YUVALIM'),(490,'','YODEFAT'),(491,'','YONATAN'),(492,'','YOSHIVYA'),(493,'','YIZRE\'EL'),(494,'','YEHI\'AM'),(495,'','YOTVATA'),(496,'\"','YITAV'),(497,'','YAKHINI'),(498,'','YANUV'),(499,'','YINNON'),(500,' ','YESUD HAMA\'ALA'),(501,'','YESODOT'),(502,'','YAS\'UR'),(503,'','YA\'AD'),(504,'','YA\'EL'),(505,'','YE\'AF'),(506,'','YA\'ARA'),(507,'','YAFI'),(508,'','YAFIT'),(509,'','YIF\'AT'),(510,'','YIFTAH'),(511,'','YIZHAR'),(512,'','YAZIZ'),(513,'','YAQUM'),(514,'','YAQIR'),(515,' ','YOQNE\'AM'),(516,' ','YOQNE\'AM ILLIT'),(517,'','YIR\'ON'),(518,'','YARDENA'),(519,'','YEROHAM'),(521,'','YARHIV'),(522,'','YIRKA'),(523,'','YARQONA'),(524,'','YESHA'),(525,'','YISH\'I'),(526,'','YASHRESH'),(527,'','YATED'),(528,'',''),(529,'','KABUL'),(530,'  -\'','KAOKAB ABU AL-HIJA'),(531,'','KABRI'),(532,'','KADOORIE'),(533,'','KADDITA'),(534,' ','KOKHAV HASHAHAR'),(535,' ','KOKHAV YA\'IR'),(536,' ','KOKHAV YA\'AQOV'),(537,' ','KOKHAV MIKHA\'EL'),(538,'','KORAZIM'),(539,'','KAHAL'),(540,'','KOCHLEA'),(541,'','KISSUFIM'),(542,'','KISHOR'),(543,'','KELIL'),(544,'','KALLANIT'),(545,'',''),(546,'','KEMEHIN'),(547,'','KAMMON'),(548,'','KANNOT'),(549,'','KANAF'),(550,' ','KINNERET(MOSHAVA)'),(551,'','KUSEIFE'),(552,'','KESALON'),(553,'-','KISRA-SUMEI'),(554,'--\'\'','KA\'ABIYYE-TABBASH-HA'),(555,' ','KEFAR AVIV'),(556,' ','KEFAR ADUMMIM'),(557,' ','KEFAR URIYYA'),(558,' ','KEFAR AHIM'),(559,' ','KEFAR BIALIK'),(560,' \"','KEFAR BILU'),(561,' ','KEFAR BLUM'),(562,'  ','KEFAR BIN NUN'),(563,' ','KAFAR BARA'),(564,' ','KEFAR BARUKH'),(565,' ','KEFAR GID\'ON'),(566,' ','KEFAR GALLIM'),(567,' ','KEFAR GLIKSON'),(568,' ','KEFAR GIL\'ADI'),(569,' ','KEFAR DANIYYEL'),(570,' ','KEFAR HAORANIM'),(571,' ','KEFAR HAHORESH'),(572,' ','KEFAR HAMAKKABI'),(573,' ','KEFAR HANAGID'),(574,'  ','KEFAR HANO\'AR HADATI'),(575,' ','KEFAR HANASI'),(576,' ','KEFAR HESS'),(577,' \"','KEFAR HARO\'E'),(578,' \"','KEFAR HARIF'),(579,' ','KEFAR VITKIN'),(580,' ','KEFAR WARBURG'),(581,' ','KEFAR WERADIM'),(582,' ','KEFAR ZOHARIM'),(583,' ','KEFAR ZETIM'),(584,' \"','KEFAR HABAD'),(585,' ','KEFAR HOSHEN'),(586,' ','KEFAR HITTIM'),(587,' ','KEFAR HAYYIM'),(588,' ','KEFAR HANANYA'),(589,'  \'','KEFAR HASIDIM ALEF'),(590,'  \'','KEFAR HASIDIM BET'),(591,' ','KEFAR HARUV'),(592,' ','KEFAR TRUMAN'),(593,' ','KAFAR YASIF'),(594,' ','YEDIDYA'),(595,' ','KEFAR YEHOSHUA'),(596,' ','KEFAR YONA'),(597,' ','KEFAR YEHEZQEL'),(598,' ','KEFAR YA\'BEZ'),(599,' ','KAFAR KAMA'),(600,' ','KAFAR KANNA'),(601,' ','KEFAR MONASH'),(602,' ','KEFAR MAYMON'),(603,' \"','KEFAR MALAL'),(604,' ','KAFAR MANDA'),(605,' ','KEFAR MENAHEM'),(606,' ','KEFAR MASARYK'),(607,' ','KAFAR MISR'),(608,' ','KEFAR MORDEKHAY'),(609,' ','KEFAR NETTER'),(610,' ','KEFAR SZOLD'),(611,' ','KEFAR SAVA'),(612,' ','KEFAR SILVER'),(613,' ','KEFAR SIRKIN'),(614,' ','KEFAR AVODA'),(615,' ','KEFAR AZZA'),(616,' ','KEFAR EZYON'),(617,' ','KEFAR PINES'),(618,' ','KAFAR QASEM'),(619,' ','KEFAR KISH'),(620,' ','KAFAR QARA'),(621,'  ','KEFAR ROSH HANIQRA'),(622,'','ZAREET'),(623,' ','KEFAR RUPPIN'),(624,' ','KEFAR RUT'),(625,' ','KEFAR SHAMMAY'),(626,' ','KEFAR SHEMU\'EL'),(627,' ','KEFAR SHEMARYAHU'),(628,' ','KEFAR TAVOR'),(629,' ','KEFAR TAPPUAH'),(630,' ','KARE DESHE'),(631,'','KARKOM'),(632,'  ','KEREM BEN ZIMRA'),(633,'  ','KEREM BEN SHEMEN'),(634,' ','KEREM YAVNE'),(635,' \"','KEREM MAHARAL'),(636,' ','KEREM SHALOM'),(637,' ','KARME YOSEF'),(638,' ','KARME ZUR'),(639,' ','KARME QATIF'),(640,'','KARMI\'EL'),(641,'','KARMIYYA'),(642,'','KERAMIM'),(643,'','KARMEL'),(644,' ',''),(645,'','LAVON'),(646,'','LAVI'),(647,'','LIVNIM'),(648,'','LAHAV'),(649,' ','LAHAVOT HABASHAN'),(650,' ','LAHAVOT HAVIVA'),(651,'','LEHAVIM'),(652,'','LOD'),(653,'','LUZIT'),(654,' ','LOHAME HAGETA\'OT'),(655,'','LOTEM'),(656,'','LOTAN'),(657,'','LIMAN'),(658,'','LAKHISH'),(659,'','LAPPID'),(660,'','LAPPIDOT'),(661,'','LAQYE'),(662,'','MA\'OR'),(663,' ','ME\'IR SHEFEYA'),(664,' ','MEVO BETAR'),(665,' ','MEVO DOTAN'),(666,' ','MEVO HORON'),(667,' ','MEVO HAMMA'),(668,' ','MEVO MODI\'IM'),(669,' ','MEVO\'OT YAM'),(670,' ','MEVO\'OT YERIHO'),(671,'','MABBU\'IM'),(672,'','MIVTAHIM'),(673,'','MAVQI\'IM'),(674,' ','MEVASSERET ZIYYON'),(675,'\' -','MAJD AL-KURUM'),(676,'\' ','MAJDAL SHAMS'),(677,'','MUGHAR'),(678,'','MEGADIM'),(679,'','MIGDAL'),(680,' ','MIGDAL HAEMEQ'),(681,' ','MIGDAL OZ'),(682,'','MIGDALIM'),(683,'','MEGIDDO'),(684,'','MAGGAL'),(685,'','MAGEN'),(686,' ','MAGEN SHA\'UL'),(687,'','MAGSHIMIM'),(688,' ','MIDRAKH OZ'),(689,'  ','MIDRESHET BEN GURION'),(690,' ','MIDRESHET RUPPIN'),(691,' ','MODI\'IN ILLIT'),(692,'--','MODI\'IN-MAKKABBIM-RE'),(693,'','MOLEDET'),(694,' ','MOZA ILLIT'),(695,'','MUQEIBLE'),(696,'','MORAN'),(697,'','MORESHET'),(698,'','MAZOR'),(699,' ','MAZKERET BATYA'),(700,'','MIZRA'),(701,'','MAZRA\'A'),(702,'','MEHOLA'),(703,' ','MAHANE HILLA'),(704,' ','MAHANE TALI'),(705,' ','MAHANE YEHUDIT'),(706,' ','MAHANE YOKHVED'),(707,' ','MAHANE YAFA'),(708,' ','MAHANE YATTIR'),(709,' ','MAHANE MIRYAM'),(710,'  ','MAHANE TEL NOF'),(711,'','MAHANAYIM'),(712,'','MAHSEYA'),(713,'','METULA'),(714,'','MATTA'),(715,' ','ME AMMI'),(716,'','METAV'),(717,'','MEISER'),(718,'','MEZAR'),(719,'','MERAV'),(720,'','MERON'),(721,'','MESHAR'),(722,'','METAR'),(723,'','MEKHORA'),(724,'','MAKCHUL'),(725,'','MIKHMORET'),(726,'','MIKHMANNIM'),(727,'','MELE\'A'),(728,'','MELILOT'),(729,'','MALKIYYA'),(730,'','MALKISHUA'),(731,'','MENUHA'),(732,'','MANOF'),(733,'','MANOT'),(734,'','MENAHEMYA'),(735,'','MENNARA'),(736,' ','MANSHIYYET ZABDA'),(737,'','MASSAD'),(738,'','MASSADA'),(739,'','MESILLOT'),(740,' ','MESILLAT ZIYYON'),(741,'','MASLUL'),(742,'','MAS\'ADE'),(743,' -','MAS\'UDIN AL-\'AZAZME'),(744,'','MA\'BAROT'),(745,'','MA\'GALIM'),(746,'','MA\'AGAN'),(747,' ','MA\'AGAN MIKHA\'EL'),(748,' ','MA\'OZ HAYYIM'),(749,'','MA\'ON'),(750,'','ME\'ONA'),(751,'','MI\'ELYA'),(752,' ','MA\'YAN BARUKH'),(753,' ','MA\'YAN ZEVI'),(754,' ','MA\'ALE ADUMMIM'),(755,' ','MA\'ALE EFRAYIM'),(756,' ','MA\'ALE GILBOA'),(757,' ','MA\'ALE GAMLA'),(758,' ','MA\'ALE HAHAMISHA'),(759,' ','MA\'ALE LEVONA'),(760,' ','MA\'ALE MIKHMAS'),(761,' ','MA\'ALE IRON'),(762,' ','MA\'ALE AMOS'),(763,' ','MA\'ALE SHOMERON'),(764,'-','MA\'ALOT-TARSHIHA'),(765,'','MA\'ANIT'),(766,'','MA\'AS'),(767,'','MEFALLESIM'),(768,' ','MEZADOT YEHUDA'),(769,'','MAZZUVA'),(770,'','MAZLIAH'),(771,'','MIZPA'),(772,' \"','MIZPE AVIV'),(773,' ','MITSPE ILAN'),(774,' ','MIZPE YERIHO'),(775,' ','MIZPE NETOFA'),(776,' ','MIZPE RAMON'),(777,' ','MIZPE SHALEM'),(778,'','MEZER'),(779,' ','MIQWE YISRA\'EL'),(780,'','MARGALIYYOT'),(781,' ','MEROM GOLAN'),(782,' ','MERHAV AM'),(783,' ','MERHAVYA'),(784,' ','MERHAVYA'),(785,' ','MERKAZ SHAPPIRA'),(786,' ','MASH\'ABBE SADE'),(787,' ','MISGAV DOV'),(788,' ','MISGAV AM'),(789,'','MESHHED'),(790,'','MASSU\'A'),(791,' ','MASSUOT YIZHAQ'),(792,'','MASKIYYOT'),(793,' ','MISHMAR AYYALON'),(794,' ','MISHMAR DAWID'),(795,' ','MISHMAR HAYARDEN'),(796,' ','MISHMAR HANEGEV'),(797,' ','MISHMAR HAEMEQ'),(798,' ','MISHMAR HASHIV\'A'),(799,' ','MISHMAR HASHARON'),(800,'','MISHMAROT'),(801,'','MISHMERET'),(802,'','MASH\'EN'),(803,'','MATTAN'),(804,'','MATTAT'),(805,'','MATTITYAHU'),(806,' ','NE\'OT GOLAN'),(807,' ','NE\'OT HAKIKKAR'),(808,' ','NE\'OT MORDEKHAY'),(809,' ','SHIZZAFON'),(810,'','NA\'URA'),(811,'','NEVATIM'),(812,'','NEGBA'),(813,'','NEGOHOT'),(814,'','NEHORA'),(815,'','NAHALAL'),(816,'','NAHARIYYA'),(817,'','NOV'),(818,'','NOGAH'),(819,' ','NEVE TSUF'),(820,'','NAVE'),(821,' ','NEWE AVOT'),(822,' ','NEWE UR'),(823,' \"','NEWE ATIV'),(824,' ','NEWE ILAN'),(825,' ','NEWE ETAN'),(826,' ','NEWE DANIYYEL'),(827,' ','NEWE ZOHAR'),(828,' ','NEWE ZIV'),(829,' ','NEWE HARIF'),(830,' ','NEWE YAM'),(831,' ','NEWE YAMIN'),(832,' ','NEWE YARAQ'),(833,' ','NEWE MIVTAH'),(834,' ','NEWE MIKHA\'EL'),(835,' ','NEWE SHALOM'),(836,'','NO\'AM'),(837,' ','NOF AYYALON'),(838,' ','NOF HAGALIL'),(839,'','NOFIM'),(840,'','NOFIT'),(841,'','NOFEKH'),(842,'','NOQEDIM'),(843,'','NORDIYYA'),(844,'','NURIT'),(845,'','NEHUSHA'),(846,' ','NAHAL OZ'),(847,'','NAHALA'),(848,'','NAHALI\'EL'),(849,'','NEHALIM'),(850,'','NAHAM'),(851,'','NAHEF'),(852,'','NAHSHOLIM'),(853,'','NAHSHON'),(854,'','NAHSHONIM'),(855,'','NETU\'A'),(856,'','NATUR'),(857,'','NETA'),(858,'','NETA\'IM'),(859,'','NATAF'),(860,'','NEIN'),(861,'\"','NILI'),(862,'','NIZZAN'),(863,' \'','NIZZAN B'),(864,'','NIZZANA'),(865,' ','NIZZANE SINAY'),(866,' ','NIZZANE OZ'),(867,'','NIZZANIM'),(868,' ','NIR ELIYYAHU'),(869,' ','NIR BANIM'),(870,' ','NIR GALLIM'),(871,' ','NIR DAWID'),(872,' \"','NIR HEN'),(873,' ','NIR YAFE'),(874,' ','NIR YIZHAQ'),(875,' ','NIR YISRA\'EL'),(876,' ','NIR MOSHE'),(877,' ','NIR OZ'),(878,' ','NIR AM'),(879,' ','NIR EZYON'),(880,' ','NIR AQIVA'),(881,' ','NIR ZEVI'),(882,'','NIRIM'),(883,'','NIRIT'),(884,'','NIMROD'),(885,' ','NES HARIM'),(886,' ','NES AMMIM'),(887,' ','NES ZIYYONA'),(888,'','NE\'URIM'),(889,'','NA\'ALE'),(890,'\"','NAAMA'),(891,'','NA\'AN'),(892,'','NA\'ARAN'),(893,' ','NASASRA'),(894,' ','NEZER HAZZANI'),(895,' ','NEZER SERENI'),(896,'','NAZARETH'),(897,'','NESHER'),(898,' ','NETIV HAGEDUD'),(899,' \"','NETIV HALAMED-HE'),(900,' ','NETIV HAASARA'),(901,' ','NETIV HASHAYYARA'),(902,'','NETIVOT'),(903,'','NETANYA'),(904,'\'','SAJUR'),(905,'','SASA'),(906,'','SAVYON'),(907,'','SEGULA'),(908,'','SAWA\'ID'),(909,'','SAWA\'ID'),(910,'','SULAM'),(911,'','SUSEYA'),(912,'','SUFA'),(913,'\'','SAKHNIN'),(914,' ','SAYYID'),(915,'','SALLAMA'),(916,'','SAL\'IT'),(917,'','SAMAR'),(918,'',''),(919,'','SA\'AD'),(920,'','SA\'WA'),(921,'','SA\'AR'),(922,'','SAPPIR'),(923,'','SITRIYYA'),(924,'\'\'','GHAJAR'),(925,'','AVDON'),(926,'','EVRON'),(927,'','AGUR'),(928,'','ADI'),(929,'','ADANIM'),(930,'','UZA'),(931,'','UZEIR'),(932,'','OLESH'),(933,'','OMER'),(934,'','OFER'),(935,'','OFRA'),(936,'','OZEM'),(937,'','UQBI'),(938,'','EZUZ'),(939,'','EZER'),(940,'','AZRI\'EL'),(941,'','AZARYA'),(942,'','AZRIQAM'),(943,' ','ATAWNE'),(944,'','ATERET'),(945,'','IDDAN'),(946,'','EILABUN'),(947,'','AYANOT'),(948,'','ILUT'),(949,' ','EN AYYALA'),(950,' -','EIN AL-ASAD'),(951,' ','EN GEV'),(952,' ','EN GEDI'),(953,' ','EN DOR'),(954,' ','EN HABESOR'),(955,' ','EN HOD'),(956,' ','EN HAHORESH'),(957,' ','EN HAMIFRAZ'),(958,' \"','EN HANAZIV'),(959,' ','EN HAEMEQ'),(960,' ','EN HASHOFET'),(961,' ','EN HASHELOSHA'),(962,' ','EN WERED'),(963,' ','EN ZIWAN'),(964,' ','EIN HOD'),(965,' ','EN HAZEVA'),(966,'  ','EN HAROD (IHUD)'),(967,'  ','EN HAROD(ME\'UHAD)'),(968,' ','EN YAHAV'),(969,' ','EN YA\'AQOV'),(970,' ','EN KAREM'),(971,' ','EN KARMEL'),(972,' ','EIN MAHEL'),(973,' ','EIN NAQQUBA'),(974,' ','EN IRON'),(975,' ','EN ZURIM'),(976,' ','EIN QINIYYE'),(977,' ','EIN RAFA'),(978,' ','EN SHEMER'),(979,' ','EN SARID'),(980,' ','EN TAMAR'),(981,'','ENAT'),(982,' ','IR OVOT'),(983,'','AKKO'),(984,'','ALUMIM'),(985,'','ELI'),(986,' ','ALE ZAHAV'),(987,'','ALMA'),(988,'','ALMON'),(989,'','AMUQQA'),(990,'','AMMIHAY'),(991,'','AMMINADAV'),(992,'','AMMI\'AD'),(993,'','AMMI\'OZ'),(994,'','AMMIQAM'),(995,'','AMIR'),(996,'','IMMANU\'EL'),(997,'','AMQA'),(998,'','ENAV'),(999,'','ISIFYA'),(1000,'','AFULA'),(1001,' ','EZ EFRAYIM'),(1002,' ','ATSMON-SEGEV'),(1003,'','ARRABE'),(1004,'','ARAMSHA'),(1005,'  ','ARRAB AL NAIM'),(1006,'','ARAD'),(1007,'','ARUGOT'),(1008,'','AR\'ARA'),(1009,'-','AR\'ARA-BANEGEV'),(1010,'','ASERET'),(1011,'','ATLIT'),(1012,'','OTNI\'EL'),(1013,'','PARAN'),(1014,'','PEDU\'EL'),(1015,'','PEDUYIM'),(1016,'','PEDAYA'),(1017,' ','PORIYYA'),(1018,' ','PORIYYA ILLIT'),(1019,'','FUREIDIS'),(1020,'','PORAT'),(1021,'','PATTISH'),(1022,'','PELEKH'),(1023,'','PALMAHIM'),(1024,' ','PENE HEVER'),(1025,'','PESAGOT'),(1026,'','FASSUTA'),(1027,' \"','PA\'AME TASHAZ'),(1028,'','PEZA\'EL'),(1029,'','PEQI\'IN'),(1030,' ','PEQI\'IN HADASHA'),(1031,' -','PARDES HANNA-KARKUR'),(1032,'','PARDESIYYA'),(1033,'','PAROD'),(1034,'','PERAZON'),(1035,' ','PERI GAN'),(1036,' ','PETAH TIQWA'),(1037,'','PETAHYA'),(1038,'','ZE\'ELIM'),(1039,'','ZVIYYA'),(1040,'','ZIV\'ON'),(1041,'','ZOVA'),(1042,'','ZOHAR'),(1043,'','ZOFIYYA'),(1044,'','ZUFIN'),(1045,'','ZOFIT'),(1046,'','ZOFAR'),(1047,' ','SHOSHANNAT HAAMAQIM('),(1048,'','MAHANE BILDAD'),(1049,' ','ZUR HADASSA'),(1050,' ','ZUR YIZHAQ'),(1051,' ','ZUR MOSHE'),(1052,' ','ZUR NATAN'),(1053,'','ZURI\'EL'),(1054,'','ZURIT'),(1055,'','ZIPPORI'),(1056,'','ZELAFON'),(1057,'','SANDALA'),(1058,'','ZAFRIYYA'),(1059,'','ZAFRIRIM'),(1060,'','ZEFAT'),(1061,'','ZERUFA'),(1062,'','ZOR\'A'),(1063,' ','QABBO\'A'),(1064,' ','QEVUZAT YAVNE'),(1065,'','QEDUMIM'),(1066,'-','QADIMA-ZORAN'),(1067,'','QEDMA'),(1068,' ','QIDMAT ZEVI'),(1069,'','QEDAR'),(1070,'','QIDRON'),(1071,'','QADDARIM'),(1072,' -','QUDEIRAT AS-SANI'),(1073,' ','QAWA\'IN'),(1074,'','QOMEMIYYUT'),(1075,'','QORANIT'),(1076,'','QETURA'),(1077,'','QESARIYYA'),(1078,'','QELAHIM'),(1079,'','QALYA'),(1080,'','QALANSAWE'),(1081,'','QELA'),(1082,'','QAZIR'),(1083,' -',''),(1084,'','QAZRIN'),(1085,' ','QIRYAT ONO'),(1086,' ','QIRYAT ARBA'),(1087,' ','QIRYAT ATTA'),(1088,' ','QIRYAT BIALIK'),(1089,' ','QIRYAT GAT'),(1090,' ','QIRYAT TIV\'ON'),(1091,' ','QIRYAT YAM'),(1092,' ','QIRYAT YE\'ARIM'),(1093,' ','QIRYAT MOTZKIN'),(1094,' ','QIRYAT MAL\'AKHI'),(1095,' ','QIRYAT NETAFIM'),(1096,' ','QIRYAT ANAVIM'),(1097,' ','QIRYAT EQRON'),(1098,' ','QIRYAT SHELOMO'),(1099,' ','QIRYAT SHEMONA'),(1100,' ','QARNE SHOMERON'),(1101,'','QESHET'),(1102,'','RAME'),(1103,' -','RAS AL-EIN'),(1104,' ','RAS ALI'),(1105,' ','ROSH HAAYIN'),(1106,' ','ROSH PINNA'),(1107,' ','ROSH ZURIM'),(1108,' ','RISHON LEZIYYON'),(1109,'','REVAVA'),(1110,'','REVADIM'),(1111,'','REVIVIM'),(1112,'','RAVID'),(1113,'','REGBA'),(1114,'','REGAVIM'),(1115,'','RAHAT'),(1116,'','REWAHA'),(1117,'','REWAYA'),(1118,' ','RUAH MIDBAR'),(1119,'','RUHAMA'),(1120,'','RUMMANE'),(1121,' ','RUMAT HEIB'),(1122,'','RO\'I'),(1123,'','ROTEM'),(1124,'','REHOV'),(1125,'','REHOVOT'),(1126,'','REHELIM'),(1127,'','REIHANIYYE'),(1128,'','REHAN'),(1129,'','REINE'),(1130,'','RIMMONIM'),(1131,'','RINNATYA'),(1132,'','REKHASIM'),(1133,'-','RAM-ON'),(1134,'','RAMOT'),(1135,' ','RAMOT HASHAVIM'),(1136,' ','RAMOT ME\'IR'),(1137,' ','RAMOT MENASHE'),(1138,' ','RAMOT NAFTALI'),(1139,'','RAMLA'),(1140,' ','RAMAT GAN'),(1141,' ','RAMAT DAWID'),(1142,' ','RAMAT HAKOVESH'),(1143,' ','RAMAT HASHOFET'),(1144,' ','RAMAT HASHARON'),(1145,' ','RAMAT YOHANAN'),(1146,' ','RAMAT YISHAY'),(1147,' ','RAMAT MAGSHIMIM'),(1148,' ','RAMAT ZEVI'),(1149,' ','RAMAT RAZI\'EL'),(1150,' ','RAMAT RAHEL'),(1151,'','RANNEN'),(1152,'','RE\'IM'),(1153,'','RA\'ANANA'),(1154,'','RAQEFET'),(1155,'','RISHPON'),(1156,'','RESHAFIM'),(1157,'','RETAMIM'),(1158,' ','SHE\'AR YASHUV'),(1159,' ','SHAVE DAROM'),(1160,' ','SHAVE ZIYYON'),(1161,' ','SHAVE SHOMERON'),(1162,' -  -','SHIBLI'),(1163,'-','SEGEV-SHALOM'),(1164,' ','SEDE ILAN'),(1165,' ','SEDE ELIYYAHU'),(1166,' ','SEDE ELI\'EZER'),(1167,' ','SEDE BOQER'),(1168,' ','SEDE DAWID'),(1169,' ','SEDE WARBURG'),(1170,' ','SEDE YO\'AV'),(1171,' ','SEDE YA\'AQOV'),(1172,' ','SEDE YIZHAQ'),(1173,' ','SEDE MOSHE'),(1174,' ','SEDE NAHUM'),(1175,' ','SEDE NEHEMYA'),(1176,' ','SEDE NIZZAN'),(1177,' ','SEDE UZZIYYAHU'),(1178,' ','SEDE ZEVI'),(1179,' ','SEDOT YAM'),(1180,' ','SEDOT MIKHA'),(1181,' ','SEDE AVRAHAM'),(1182,' ','SEDE HEMED'),(1183,' ','SEDE TERUMOT'),(1184,'','SHEDEMA'),(1185,' ','SHADMOT DEVORA'),(1186,' ','SHADMOT MEHOLA'),(1187,'','SEDEROT'),(1188,'','SHO\'EVA'),(1189,'','SHUVA'),(1190,'','SHOVAL'),(1191,'','SHOHAM'),(1192,'','SHOMERA'),(1193,'','SHOMERIYYA'),(1194,'','SHOQEDA'),(1195,'','SHORESH'),(1196,'','SHORASHIM'),(1197,' ','SHOSHANNAT HAAMAQIM'),(1198,'','SHEZOR'),(1199,'','SHAHAR'),(1200,'','SHAHARUT'),(1201,'','SHIBBOLIM'),(1202,'','NAHAL SHITTIM'),(1203,'\' ','SHEIKH DANNUN'),(1204,'','SHILO'),(1205,'','SHILAT'),(1206,'','SHEKHANYA'),(1207,'','SHALWA'),(1208,' ','SHALVA BAMIDBAR'),(1209,'','SHELUHOT'),(1210,'','SHELOMI'),(1211,'','SHLOMIT'),(1212,'','SHAMIR'),(1213,'','SHIM\'A'),(1214,'','SHAMERAT'),(1215,'','SHIMSHIT'),(1216,'','SHANI'),(1217,'','SENIR'),(1218,'','SHA\'AB'),(1219,'','SE\'ORIM'),(1220,'','SHA\'AL'),(1221,'','SHA\'ALVIM'),(1222,' ','SHA\'AR EFRAYIM'),(1223,' ','SHA\'AR HAGOLAN'),(1224,' ','SHA\'AR HAAMAQIM'),(1225,' ','SHA\'AR MENASHE'),(1226,' ','SHA\'ARE TIQWA'),(1227,'','SHEFAYIM'),(1228,'','SHAFIR'),(1229,'','SHEFER'),(1230,'','SHEFAR\'AM'),(1231,'','SHAQED'),(1232,'','SHEQEF'),(1233,'','SHARONA'),(1234,'','SRIGIM'),(1235,'','SARID'),(1236,'','SHARSHERET'),(1237,'','SHETULA'),(1238,'','SHETULIM'),(1239,'','TE\'ASHUR'),(1240,'','TIDHAR'),(1241,'','TUVAL'),(1242,'','TOMER'),(1243,'','TUSHIYYA'),(1244,'','TIMMORIM'),(1245,'','TIROSH'),(1246,'  - ','TEL AVIV - YAFO'),(1247,' ','TEL YOSEF'),(1248,' ','TEL YIZHAQ'),(1249,' ','TEL MOND'),(1250,' ','TEL ADASHIM'),(1251,' ','TEL QAZIR'),(1252,' ','TEL SHEVA'),(1253,' ','TEL TE\'OMIM'),(1254,'','TELEM'),(1255,' ','TALME ELIYYAHU'),(1256,' ','TALME EL\'AZAR'),(1257,' \"','TALME BILU'),(1258,' ','TALME YOSEF'),(1259,' ','TALME YEHI\'EL'),(1260,' ','TALME YAFE'),(1261,'','TELAMIM'),(1262,'','TIMRAT'),(1263,'','TENUVOT'),(1264,'','TA\'OZ'),(1265,'','TIFRAH'),(1266,'','TEQUMA'),(1267,'','TEQOA'),(1268,' - ','TARABIN AS-SANI'),(1269,'','TARUM'),(1270,' ','TEL AVIV'),(1271,'','YAFO');
/*!40000 ALTER TABLE `city` ENABLE KEYS */;
UNLOCK TABLES;

--
-- Table structure for table `games`
--

DROP TABLE IF EXISTS `games`;
/*!40101 SET @saved_cs_client     = @@character_set_client */;
/*!40101 SET character_set_client = utf8 */;
CREATE TABLE `games` (
  `id` int(10) unsigned NOT NULL AUTO_INCREMENT,
  `owner_id` int(11) NOT NULL,
  `title` varchar(255) CHARACTER SET utf8 COLLATE utf8_unicode_ci DEFAULT NULL,
  `played_num` int(10) unsigned NOT NULL DEFAULT '0',
  `description` text COLLATE utf8mb4_unicode_ci,
  `school_name` varchar(100) CHARACTER SET utf8 COLLATE utf8_unicode_ci DEFAULT NULL,
  `created` datetime DEFAULT CURRENT_TIMESTAMP,
  `published` datetime DEFAULT NULL,
  `img_id` int(10) unsigned DEFAULT '0',
  PRIMARY KEY (`id`),
  KEY `owner_id` (`owner_id`),
  KEY `img_id` (`img_id`)
) ENGINE=InnoDB AUTO_INCREMENT=2 DEFAULT CHARSET=utf8mb4 COLLATE=utf8mb4_unicode_ci;
/*!40101 SET character_set_client = @saved_cs_client */;

--
-- Dumping data for table `games`
--

LOCK TABLES `games` WRITE;
/*!40000 ALTER TABLE `games` DISABLE KEYS */;
/*!40000 ALTER TABLE `games` ENABLE KEYS */;
UNLOCK TABLES;

--
-- Table structure for table `isolated`
--

DROP TABLE IF EXISTS `isolated`;
/*!40101 SET @saved_cs_client     = @@character_set_client */;
/*!40101 SET character_set_client = utf8 */;
CREATE TABLE `isolated` (
  `id` int(11) NOT NULL AUTO_INCREMENT,
  `userIsolatedId` int(10) unsigned NOT NULL,
  `public_phone` tinyint(3) unsigned DEFAULT '0',
  `public_meeting` tinyint(3) unsigned DEFAULT '0',
  `meeting_time` datetime DEFAULT NULL,
  `blowerMeetingId` int(11) DEFAULT NULL,
  PRIMARY KEY (`id`)
) ENGINE=InnoDB AUTO_INCREMENT=286 DEFAULT CHARSET=utf8;
/*!40101 SET character_set_client = @saved_cs_client */;

--
-- Dumping data for table `isolated`
--

LOCK TABLES `isolated` WRITE;
/*!40000 ALTER TABLE `isolated` DISABLE KEYS */;
INSERT INTO `isolated` VALUES (8,24,1,1,NULL,17),(11,31,1,1,NULL,19),(12,34,1,1,NULL,20),(13,37,1,1,NULL,21),(17,75,1,1,NULL,28),(22,99,1,0,'2020-09-20 08:37:01',95),(25,103,1,1,NULL,34),(26,104,1,0,'2020-09-20 13:03:44',80),(36,129,1,1,NULL,43),(37,130,1,0,NULL,NULL),(38,132,1,1,NULL,44),(40,131,1,0,'2020-09-20 12:32:33',334),(41,147,1,0,NULL,NULL),(42,139,1,1,NULL,48),(43,148,1,1,NULL,49),(45,174,1,1,NULL,53),(46,184,1,0,'2020-09-20 10:35:57',48),(47,191,1,1,NULL,61),(48,193,1,1,NULL,62),(50,202,1,1,NULL,64),(52,211,1,0,'2020-09-20 14:02:35',696),(54,215,1,1,NULL,68),(57,225,1,1,NULL,71),(58,230,1,1,NULL,72),(59,236,0,1,NULL,74),(60,239,1,1,NULL,75),(64,181,1,0,'2020-09-20 09:21:53',518),(65,199,1,0,'2020-09-20 11:24:54',195),(67,253,1,1,NULL,82),(68,260,1,0,NULL,NULL),(70,272,1,1,NULL,85),(71,257,1,0,'2020-09-20 13:24:52',178),(72,274,1,1,NULL,86),(73,278,1,1,NULL,87),(75,285,1,0,'2020-09-20 11:35:49',279),(76,286,1,1,NULL,88),(77,287,1,0,'2020-09-20 12:30:54',192),(78,288,1,1,NULL,89),(79,307,1,1,NULL,91),(81,311,1,1,NULL,93),(82,315,1,1,NULL,94),(85,343,1,1,NULL,101),(86,355,1,0,NULL,NULL),(89,360,1,0,'2020-09-20 09:14:09',47),(90,363,1,1,NULL,110),(93,381,1,0,'2020-09-20 08:30:29',228),(95,391,1,1,NULL,114),(96,384,1,0,'2020-09-20 11:33:08',377),(97,396,1,1,NULL,117),(100,412,1,1,NULL,121),(101,413,1,1,NULL,122),(102,415,1,0,NULL,NULL),(103,418,1,0,'2020-09-20 11:09:16',344),(104,421,1,0,'2020-09-20 08:04:43',228),(105,423,1,1,NULL,124),(106,427,1,0,'2020-09-20 13:13:58',159),(107,432,1,1,NULL,127),(108,433,0,1,NULL,128),(109,289,1,0,'2020-09-20 13:49:43',73),(110,439,1,1,NULL,129),(111,442,1,0,'2020-09-20 11:01:01',377),(112,444,1,1,NULL,130),(113,445,1,0,NULL,NULL),(114,447,1,1,NULL,131),(115,452,1,1,NULL,132),(116,453,1,1,NULL,134),(117,292,1,0,NULL,NULL),(118,457,1,1,NULL,135),(119,461,1,1,NULL,138),(120,416,1,1,NULL,139),(121,464,1,1,NULL,140),(122,466,1,0,NULL,NULL),(123,411,1,0,'2020-09-20 08:51:53',228),(125,308,1,1,NULL,141),(126,389,1,1,NULL,142),(127,471,1,0,NULL,NULL),(128,473,1,1,NULL,151),(129,474,0,1,NULL,153),(131,479,1,1,NULL,158),(132,480,1,0,NULL,NULL),(133,481,1,1,NULL,159),(135,486,1,0,NULL,NULL),(137,487,1,1,NULL,162),(138,489,1,0,'2020-09-20 13:36:00',240),(139,491,0,1,NULL,164),(142,490,1,0,NULL,NULL),(143,492,1,1,NULL,166),(144,497,1,1,NULL,167),(146,501,1,0,NULL,NULL),(148,504,1,0,'2020-09-20 11:33:50',450),(149,505,1,0,NULL,NULL),(150,160,1,0,'2020-09-20 09:14:03',424),(152,513,1,1,NULL,171),(156,522,0,0,NULL,NULL),(157,508,1,0,'2020-09-20 08:08:47',106),(158,525,1,0,NULL,NULL),(160,529,1,1,NULL,175),(161,496,1,1,NULL,176),(162,532,1,0,NULL,NULL),(164,538,1,1,NULL,187),(165,541,1,1,NULL,196),(166,543,1,1,NULL,197),(167,546,0,0,NULL,NULL),(169,548,1,1,NULL,202),(170,551,1,0,NULL,NULL),(172,555,1,1,NULL,209),(173,556,1,1,NULL,210),(174,557,1,0,'2020-09-20 12:13:04',777),(175,558,1,1,NULL,211),(176,559,1,0,NULL,NULL),(177,554,1,1,NULL,212),(178,560,1,0,NULL,NULL),(179,561,1,1,NULL,213),(181,567,1,0,NULL,NULL),(182,569,1,1,NULL,216),(183,570,0,1,NULL,60),(184,572,1,0,'2020-09-20 13:39:13',443),(185,575,1,1,NULL,218),(186,580,1,1,NULL,222),(187,582,1,1,NULL,223),(188,584,1,0,'2020-09-20 12:14:39',390),(189,585,1,0,NULL,NULL),(190,588,1,0,NULL,NULL),(191,589,1,1,NULL,224),(192,593,1,0,NULL,NULL),(193,250,0,1,NULL,230),(194,599,1,1,NULL,233),(195,601,1,0,'2020-09-20 09:04:02',761),(196,603,0,1,NULL,235),(197,604,1,0,NULL,NULL),(198,608,1,0,'2020-09-20 10:37:38',785),(200,610,1,0,'2020-09-20 11:46:26',251),(201,611,1,0,'2020-09-20 11:34:30',323),(202,614,0,1,NULL,58),(204,616,0,1,NULL,242),(205,617,1,1,NULL,243),(207,620,1,1,NULL,244),(208,622,0,1,NULL,105),(209,624,1,0,NULL,NULL),(211,628,1,0,NULL,NULL),(212,633,1,1,NULL,245),(213,629,1,1,NULL,246),(214,642,1,0,NULL,NULL),(215,644,1,0,'2020-09-20 11:06:19',535),(216,645,0,1,NULL,254),(218,648,1,1,NULL,256),(220,651,1,0,'2020-09-20 09:36:31',117),(221,653,1,0,NULL,NULL),(222,639,1,0,'2020-09-20 07:03:01',55),(224,654,1,1,NULL,258),(225,655,1,1,NULL,259),(226,657,1,1,NULL,260),(227,658,0,1,NULL,93),(229,662,1,1,NULL,261),(230,664,1,0,'2020-09-20 12:48:08',334),(231,663,1,1,NULL,262),(232,665,1,0,NULL,NULL),(233,666,1,0,'2020-09-20 11:20:27',535),(234,667,1,1,NULL,263),(235,669,1,0,'2020-09-20 11:27:41',323),(237,671,1,1,NULL,264),(239,478,1,0,NULL,NULL),(241,673,1,1,NULL,265),(242,678,1,0,'2020-09-20 10:14:38',337),(243,679,1,0,NULL,NULL),(244,351,1,1,NULL,266),(246,683,1,1,NULL,267),(247,684,1,0,'2020-09-20 14:05:20',519),(248,686,1,0,'2020-09-20 12:47:45',192),(249,687,1,1,NULL,268),(250,690,1,0,'2020-09-20 14:03:49',277),(251,689,1,1,NULL,269),(252,693,1,1,NULL,270),(253,694,1,0,'2020-09-20 13:53:28',277),(254,697,1,1,NULL,271),(256,699,1,1,NULL,272),(257,707,1,0,NULL,NULL),(258,708,1,1,NULL,274),(259,710,1,0,'2020-09-20 11:42:53',763),(260,698,0,1,NULL,275),(261,577,1,0,'2020-09-20 07:10:55',331),(262,711,1,1,NULL,276),(264,716,1,1,NULL,278),(266,718,1,1,NULL,280),(267,721,1,1,NULL,281),(269,723,1,1,NULL,283),(271,727,1,1,NULL,284),(272,729,1,0,NULL,NULL),(273,731,1,0,NULL,NULL),(275,734,1,0,'2020-09-20 09:14:35',364),(276,737,0,1,NULL,286),(277,738,1,1,NULL,287),(278,740,1,1,NULL,288),(279,742,1,0,NULL,NULL),(280,714,1,1,NULL,289),(281,773,1,0,'2020-09-20 08:50:18',762),(282,84,1,0,'2020-09-20 08:02:42',361),(283,794,1,0,'2020-09-20 13:07:21',120),(284,809,0,1,NULL,268),(285,814,0,1,NULL,133);
/*!40000 ALTER TABLE `isolated` ENABLE KEYS */;
UNLOCK TABLES;

--
-- Table structure for table `keys`
--

DROP TABLE IF EXISTS `keys`;
/*!40101 SET @saved_cs_client     = @@character_set_client */;
/*!40101 SET character_set_client = utf8 */;
CREATE TABLE `keys` (
  `id` int(11) NOT NULL AUTO_INCREMENT,
  `key` int(11) NOT NULL,
  `date_key` datetime NOT NULL,
  PRIMARY KEY (`id`)
) ENGINE=InnoDB AUTO_INCREMENT=2055 DEFAULT CHARSET=utf8;
/*!40101 SET character_set_client = @saved_cs_client */;

--
-- Dumping data for table `keys`
--

LOCK TABLES `keys` WRITE;
/*!40000 ALTER TABLE `keys` DISABLE KEYS */;
INSERT INTO `keys` VALUES (93,6449,'2020-08-18 06:50:50'),(95,9669,'2020-08-18 06:51:49'),(127,7767,'2020-08-18 20:39:09'),(139,7429,'2020-08-19 05:21:40'),(149,5151,'2020-08-20 14:50:54'),(187,7402,'2020-08-23 15:02:52'),(228,3795,'2020-08-24 12:19:49'),(236,9434,'2020-08-24 13:37:12'),(261,9416,'2020-08-24 16:41:44'),(293,9998,'2020-08-24 18:52:36'),(296,1967,'2020-08-24 19:26:01'),(303,5521,'2020-08-24 19:51:41'),(354,1523,'2020-08-25 08:52:44'),(356,5277,'2020-08-25 09:08:56'),(380,9483,'2020-08-25 23:54:38'),(401,1783,'2020-08-27 05:05:31'),(442,5303,'2020-08-30 11:36:48'),(456,3859,'2020-08-31 15:18:27'),(458,3005,'2020-08-31 16:38:23'),(461,2713,'2020-08-31 19:27:46'),(473,1506,'2020-09-02 09:22:03'),(530,6810,'2020-09-04 07:06:38'),(549,7422,'2020-09-04 12:58:11'),(573,2077,'2020-09-06 02:46:17'),(594,6977,'2020-09-07 07:15:50'),(595,4462,'2020-09-07 07:17:10'),(597,6922,'2020-09-07 08:52:27'),(622,5107,'2020-09-09 22:50:59'),(681,2277,'2020-09-11 10:31:04'),(692,9586,'2020-09-13 00:01:33'),(698,6935,'2020-09-13 06:55:18'),(702,7509,'2020-09-13 07:21:55'),(712,3908,'2020-09-13 10:23:18'),(723,9923,'2020-09-13 12:54:03'),(733,2090,'2020-09-13 14:20:21'),(745,8429,'2020-09-13 15:36:56'),(760,3557,'2020-09-13 16:52:54'),(763,4404,'2020-09-13 17:06:10'),(768,8916,'2020-09-13 17:30:26'),(775,2437,'2020-09-13 18:47:23'),(776,4170,'2020-09-13 18:47:23'),(777,1018,'2020-09-13 18:47:23'),(778,9110,'2020-09-13 18:47:23'),(779,8282,'2020-09-13 18:47:23'),(780,5346,'2020-09-13 18:47:23'),(790,9608,'2020-09-13 18:53:44'),(815,1868,'2020-09-14 10:01:01'),(821,1975,'2020-09-14 11:56:23'),(867,7365,'2020-09-14 17:37:03'),(974,7410,'2020-09-15 19:23:37'),(976,5344,'2020-09-15 19:39:21'),(994,5991,'2020-09-16 04:46:03'),(1007,7764,'2020-09-16 06:55:48'),(1011,6779,'2020-09-16 07:10:48'),(1014,8407,'2020-09-16 07:28:30'),(1028,7981,'2020-09-16 07:45:31'),(1071,9924,'2020-09-16 09:28:07'),(1125,5341,'2020-09-16 13:04:50'),(1136,8645,'2020-09-16 13:57:56'),(1142,5265,'2020-09-16 14:50:43'),(1160,5875,'2020-09-16 16:32:11'),(1202,4175,'2020-09-16 20:22:50'),(1221,6016,'2020-09-17 05:50:10'),(1227,5796,'2020-09-17 06:24:34'),(1236,3946,'2020-09-17 06:58:50'),(1239,3105,'2020-09-17 07:06:29'),(1245,9692,'2020-09-17 07:38:35'),(1285,5551,'2020-09-17 08:52:09'),(1291,4164,'2020-09-17 08:56:54'),(1295,7290,'2020-09-17 09:05:58'),(1297,4037,'2020-09-17 09:08:20'),(1311,7244,'2020-09-17 10:03:43'),(1312,6693,'2020-09-17 10:03:50'),(1313,9684,'2020-09-17 10:10:22'),(1314,8305,'2020-09-17 10:10:28'),(1315,8942,'2020-09-17 10:12:08'),(1316,4974,'2020-09-17 10:12:23'),(1320,4483,'2020-09-17 10:42:43'),(1324,8135,'2020-09-17 11:06:14'),(1325,9242,'2020-09-17 11:07:01'),(1326,8383,'2020-09-17 11:09:20'),(1327,6574,'2020-09-17 11:09:22'),(1328,6893,'2020-09-17 11:09:26'),(1329,5940,'2020-09-17 11:09:30'),(1330,5774,'2020-09-17 11:09:38'),(1331,7829,'2020-09-17 11:09:49'),(1332,3424,'2020-09-17 11:09:50'),(1333,1670,'2020-09-17 11:09:56'),(1334,9977,'2020-09-17 11:09:56'),(1338,9012,'2020-09-17 11:16:52'),(1339,4511,'2020-09-17 11:17:00'),(1341,1341,'2020-09-17 11:28:14'),(1342,5096,'2020-09-17 11:30:05'),(1343,5351,'2020-09-17 11:30:11'),(1344,9554,'2020-09-17 11:37:22'),(1345,4156,'2020-09-17 11:37:30'),(1346,1253,'2020-09-17 11:37:38'),(1347,2087,'2020-09-17 11:37:45'),(1348,5685,'2020-09-17 11:39:33'),(1350,5914,'2020-09-17 11:50:03'),(1351,3962,'2020-09-17 11:50:34'),(1352,5763,'2020-09-17 11:58:13'),(1354,5563,'2020-09-17 11:58:24'),(1355,8244,'2020-09-17 11:58:24'),(1356,2717,'2020-09-17 11:59:22'),(1357,5580,'2020-09-17 11:59:26'),(1358,9564,'2020-09-17 11:59:27'),(1359,9736,'2020-09-17 11:59:27'),(1369,5385,'2020-09-17 12:09:42'),(1371,2067,'2020-09-17 12:11:13'),(1372,4760,'2020-09-17 12:11:24'),(1373,2213,'2020-09-17 12:12:10'),(1375,4958,'2020-09-17 12:15:02'),(1376,5300,'2020-09-17 12:15:06'),(1377,1570,'2020-09-17 12:15:07'),(1378,2990,'2020-09-17 12:15:08'),(1379,9019,'2020-09-17 12:15:09'),(1382,3188,'2020-09-17 12:26:21'),(1383,6987,'2020-09-17 12:26:27'),(1385,9009,'2020-09-17 12:39:30'),(1386,3372,'2020-09-17 12:39:36'),(1387,2704,'2020-09-17 12:42:52'),(1388,1301,'2020-09-17 12:42:58'),(1389,9604,'2020-09-17 12:42:59'),(1390,8558,'2020-09-17 12:43:04'),(1391,7510,'2020-09-17 12:43:05'),(1392,4627,'2020-09-17 12:43:07'),(1393,7423,'2020-09-17 12:53:09'),(1394,3878,'2020-09-17 12:53:16'),(1397,2484,'2020-09-17 12:56:10'),(1398,5694,'2020-09-17 12:56:17'),(1399,1198,'2020-09-17 12:57:48'),(1401,7387,'2020-09-17 12:58:57'),(1404,6349,'2020-09-17 13:15:08'),(1405,6541,'2020-09-17 13:15:12'),(1406,8381,'2020-09-17 13:15:13'),(1407,4000,'2020-09-17 13:15:14'),(1408,5081,'2020-09-17 13:15:14'),(1410,7571,'2020-09-17 13:15:38'),(1411,3492,'2020-09-17 13:16:21'),(1412,2863,'2020-09-17 13:16:23'),(1413,8055,'2020-09-17 13:16:24'),(1414,2371,'2020-09-17 13:16:24'),(1415,3927,'2020-09-17 13:16:24'),(1416,6150,'2020-09-17 13:16:24'),(1417,9373,'2020-09-17 13:16:25'),(1418,1910,'2020-09-17 13:16:25'),(1419,9156,'2020-09-17 13:16:25'),(1420,1317,'2020-09-17 13:16:25'),(1421,3082,'2020-09-17 13:16:25'),(1422,5846,'2020-09-17 13:16:25'),(1423,8867,'2020-09-17 13:16:26'),(1424,3493,'2020-09-17 13:16:26'),(1425,8652,'2020-09-17 13:16:26'),(1426,5651,'2020-09-17 13:16:29'),(1427,9814,'2020-09-17 13:16:30'),(1428,7473,'2020-09-17 13:16:31'),(1429,1811,'2020-09-17 13:16:32'),(1430,1573,'2020-09-17 13:16:32'),(1431,3060,'2020-09-17 13:18:17'),(1432,3390,'2020-09-17 13:18:26'),(1433,9570,'2020-09-17 13:19:23'),(1434,7428,'2020-09-17 13:19:28'),(1435,3588,'2020-09-17 13:19:29'),(1436,1899,'2020-09-17 13:19:35'),(1437,8400,'2020-09-17 13:19:35'),(1438,9592,'2020-09-17 13:19:41'),(1439,8723,'2020-09-17 13:21:40'),(1440,4222,'2020-09-17 13:21:49'),(1441,7300,'2020-09-17 13:21:57'),(1442,2946,'2020-09-17 13:22:03'),(1443,9583,'2020-09-17 13:22:09'),(1444,2101,'2020-09-17 13:22:15'),(1445,6819,'2020-09-17 13:22:34'),(1449,5963,'2020-09-17 13:34:58'),(1450,7545,'2020-09-17 13:35:06'),(1451,8649,'2020-09-17 13:35:11'),(1452,5754,'2020-09-17 13:35:27'),(1453,3163,'2020-09-17 13:35:32'),(1454,6826,'2020-09-17 13:35:32'),(1455,9676,'2020-09-17 13:35:33'),(1456,6943,'2020-09-17 13:39:48'),(1457,8889,'2020-09-17 13:39:55'),(1458,6907,'2020-09-17 13:39:56'),(1459,6631,'2020-09-17 13:39:58'),(1460,1403,'2020-09-17 13:39:58'),(1461,5544,'2020-09-17 13:39:58'),(1462,7218,'2020-09-17 13:40:00'),(1463,5612,'2020-09-17 13:40:00'),(1464,4258,'2020-09-17 13:40:34'),(1465,2877,'2020-09-17 13:44:23'),(1466,2914,'2020-09-17 13:44:29'),(1467,7085,'2020-09-17 13:47:12'),(1468,7107,'2020-09-17 13:47:19'),(1469,6374,'2020-09-17 13:47:26'),(1470,6948,'2020-09-17 13:47:27'),(1472,5063,'2020-09-17 13:49:25'),(1473,9782,'2020-09-17 13:49:29'),(1474,2031,'2020-09-17 13:49:31'),(1475,9832,'2020-09-17 13:49:31'),(1476,8773,'2020-09-17 13:50:36'),(1477,9275,'2020-09-17 13:50:43'),(1478,5576,'2020-09-17 13:50:52'),(1479,8592,'2020-09-17 13:51:20'),(1480,7624,'2020-09-17 13:51:26'),(1486,6289,'2020-09-17 13:54:00'),(1487,4240,'2020-09-17 13:54:17'),(1489,4658,'2020-09-17 13:54:49'),(1490,9173,'2020-09-17 13:54:54'),(1491,9502,'2020-09-17 13:55:00'),(1492,2313,'2020-09-17 13:55:01'),(1493,1927,'2020-09-17 13:55:09'),(1499,7265,'2020-09-17 14:10:12'),(1500,9045,'2020-09-17 14:10:14'),(1501,3177,'2020-09-17 14:10:15'),(1506,2362,'2020-09-17 14:23:07'),(1507,3952,'2020-09-17 14:23:10'),(1509,3121,'2020-09-17 14:23:11'),(1510,3984,'2020-09-17 14:23:12'),(1511,2963,'2020-09-17 14:24:08'),(1512,6028,'2020-09-17 14:24:17'),(1514,6747,'2020-09-17 14:26:21'),(1517,8218,'2020-09-17 14:34:33'),(1518,1216,'2020-09-17 14:35:09'),(1519,4140,'2020-09-17 14:35:23'),(1522,2408,'2020-09-17 14:36:51'),(1524,2179,'2020-09-17 14:49:38'),(1525,5509,'2020-09-17 14:57:05'),(1526,8206,'2020-09-17 15:05:14'),(1527,3185,'2020-09-17 15:13:18'),(1528,4960,'2020-09-17 15:13:24'),(1529,4898,'2020-09-17 15:13:32'),(1530,9349,'2020-09-17 15:17:16'),(1531,3370,'2020-09-17 15:17:34'),(1532,4168,'2020-09-17 15:17:40'),(1533,8058,'2020-09-17 15:19:00'),(1536,8267,'2020-09-17 15:33:06'),(1537,4165,'2020-09-17 15:33:15'),(1538,7765,'2020-09-17 15:33:53'),(1539,8255,'2020-09-17 15:34:00'),(1540,2997,'2020-09-17 15:34:01'),(1542,1998,'2020-09-17 15:39:08'),(1543,7843,'2020-09-17 15:39:19'),(1548,4053,'2020-09-17 15:53:00'),(1549,6709,'2020-09-17 15:53:09'),(1550,8825,'2020-09-17 15:53:17'),(1551,9109,'2020-09-17 15:53:26'),(1552,1379,'2020-09-17 15:53:33'),(1553,8460,'2020-09-17 15:53:40'),(1555,6295,'2020-09-17 16:06:14'),(1556,7033,'2020-09-17 16:06:19'),(1557,9100,'2020-09-17 16:06:20'),(1558,5202,'2020-09-17 16:39:51'),(1565,2264,'2020-09-17 16:50:10'),(1566,7190,'2020-09-17 16:50:13'),(1567,2466,'2020-09-17 16:50:15'),(1568,2708,'2020-09-17 16:51:23'),(1569,7722,'2020-09-17 16:51:37'),(1570,1843,'2020-09-17 16:53:34'),(1571,8235,'2020-09-17 16:53:40'),(1572,2639,'2020-09-17 16:55:53'),(1573,3261,'2020-09-17 16:56:02'),(1574,2830,'2020-09-17 16:56:15'),(1575,1771,'2020-09-17 16:56:40'),(1576,9746,'2020-09-17 16:56:48'),(1577,7124,'2020-09-17 16:56:54'),(1578,5684,'2020-09-17 16:57:25'),(1579,1400,'2020-09-17 16:57:30'),(1580,9653,'2020-09-17 16:57:37'),(1581,5090,'2020-09-17 16:57:38'),(1582,7252,'2020-09-17 16:57:44'),(1583,6663,'2020-09-17 17:01:18'),(1584,4669,'2020-09-17 17:12:51'),(1585,3359,'2020-09-17 17:13:05'),(1586,4949,'2020-09-17 17:17:36'),(1587,3126,'2020-09-17 17:17:44'),(1590,1258,'2020-09-17 17:29:35'),(1591,2395,'2020-09-17 17:29:39'),(1592,9140,'2020-09-17 17:29:41'),(1593,7572,'2020-09-17 17:35:11'),(1594,1151,'2020-09-17 17:35:15'),(1595,8297,'2020-09-17 17:35:17'),(1596,8115,'2020-09-17 17:35:22'),(1597,7682,'2020-09-17 17:35:32'),(1598,9111,'2020-09-17 17:36:40'),(1599,9966,'2020-09-17 17:51:59'),(1601,1882,'2020-09-17 18:00:36'),(1602,1662,'2020-09-17 18:02:30'),(1603,5253,'2020-09-17 18:04:56'),(1604,9610,'2020-09-17 18:05:08'),(1605,4221,'2020-09-17 18:05:23'),(1606,5907,'2020-09-17 18:05:30'),(1607,8939,'2020-09-17 18:05:59'),(1609,7202,'2020-09-17 18:13:40'),(1610,2956,'2020-09-17 18:16:05'),(1611,5022,'2020-09-17 18:16:10'),(1612,2910,'2020-09-17 18:16:11'),(1613,9618,'2020-09-17 18:16:11'),(1614,3807,'2020-09-17 18:16:16'),(1615,9102,'2020-09-17 18:16:18'),(1616,8557,'2020-09-17 18:16:20'),(1617,5909,'2020-09-17 18:18:27'),(1618,9660,'2020-09-17 18:18:41'),(1619,5337,'2020-09-17 18:19:16'),(1620,5982,'2020-09-17 18:19:27'),(1621,5849,'2020-09-17 18:19:27'),(1622,4471,'2020-09-17 18:19:28'),(1623,9691,'2020-09-17 18:19:28'),(1625,3688,'2020-09-17 18:26:24'),(1626,8643,'2020-09-17 18:29:28'),(1628,8936,'2020-09-17 18:42:12'),(1629,9024,'2020-09-17 18:42:22'),(1630,6224,'2020-09-17 18:42:29'),(1631,7097,'2020-09-17 18:55:46'),(1632,1436,'2020-09-17 18:55:52'),(1633,9600,'2020-09-17 18:58:40'),(1634,4824,'2020-09-17 18:58:49'),(1635,1328,'2020-09-17 18:59:16'),(1636,1706,'2020-09-17 19:00:25'),(1637,2798,'2020-09-17 19:00:31'),(1638,3437,'2020-09-17 19:00:47'),(1639,9340,'2020-09-17 19:00:53'),(1640,6060,'2020-09-17 19:03:57'),(1641,8371,'2020-09-17 19:04:01'),(1642,8779,'2020-09-17 19:04:02'),(1643,6453,'2020-09-17 19:04:03'),(1644,6237,'2020-09-17 19:08:52'),(1645,9084,'2020-09-17 19:08:58'),(1646,3029,'2020-09-17 19:09:39'),(1648,1288,'2020-09-17 19:10:39'),(1649,1456,'2020-09-17 19:10:42'),(1650,6748,'2020-09-17 19:10:43'),(1651,1539,'2020-09-17 19:12:04'),(1652,7620,'2020-09-17 19:15:21'),(1653,8051,'2020-09-17 19:18:03'),(1654,8000,'2020-09-17 19:18:10'),(1655,9655,'2020-09-17 19:18:10'),(1656,8919,'2020-09-17 19:27:56'),(1657,2685,'2020-09-17 19:28:02'),(1658,1121,'2020-09-17 19:28:02'),(1659,1493,'2020-09-17 19:28:09'),(1660,5223,'2020-09-17 19:28:18'),(1661,2397,'2020-09-17 19:28:50'),(1662,1438,'2020-09-17 19:29:11'),(1663,3730,'2020-09-17 19:29:11'),(1664,3365,'2020-09-17 19:29:17'),(1665,6596,'2020-09-17 19:29:52'),(1666,8695,'2020-09-17 19:31:00'),(1667,2840,'2020-09-17 19:31:43'),(1668,6413,'2020-09-17 19:31:43'),(1669,7632,'2020-09-17 19:31:50'),(1670,6974,'2020-09-17 19:31:57'),(1671,4668,'2020-09-17 19:32:03'),(1672,2605,'2020-09-17 19:32:12'),(1673,2767,'2020-09-17 19:32:21'),(1674,5888,'2020-09-17 19:32:21'),(1675,9376,'2020-09-17 19:32:21'),(1676,4802,'2020-09-17 19:32:25'),(1677,5822,'2020-09-17 19:32:26'),(1678,7659,'2020-09-17 19:32:50'),(1679,1642,'2020-09-17 19:32:51'),(1680,5993,'2020-09-17 19:32:51'),(1681,1029,'2020-09-17 19:32:51'),(1682,7470,'2020-09-17 19:34:43'),(1683,3067,'2020-09-17 19:39:13'),(1684,2890,'2020-09-17 19:41:23'),(1685,4750,'2020-09-17 19:41:28'),(1686,3361,'2020-09-17 19:45:20'),(1687,4761,'2020-09-17 19:53:59'),(1688,9321,'2020-09-17 19:56:14'),(1689,5462,'2020-09-17 19:56:29'),(1690,8618,'2020-09-17 19:56:36'),(1691,4893,'2020-09-17 19:56:56'),(1692,1551,'2020-09-17 19:56:59'),(1693,8121,'2020-09-17 19:57:00'),(1694,8438,'2020-09-17 19:57:03'),(1695,9234,'2020-09-17 20:01:10'),(1696,2952,'2020-09-17 20:04:03'),(1697,8635,'2020-09-17 20:08:01'),(1698,3431,'2020-09-17 20:15:56'),(1699,3546,'2020-09-17 20:21:39'),(1700,4978,'2020-09-17 20:21:43'),(1702,5569,'2020-09-17 20:24:18'),(1703,1333,'2020-09-17 20:24:25'),(1704,4484,'2020-09-17 20:28:56'),(1705,4394,'2020-09-17 20:29:03'),(1706,8537,'2020-09-17 20:40:19'),(1707,2405,'2020-09-17 21:07:32'),(1708,6632,'2020-09-17 21:49:20'),(1709,4138,'2020-09-17 21:52:40'),(1710,9462,'2020-09-17 21:52:48'),(1711,3249,'2020-09-17 21:53:12'),(1712,4202,'2020-09-17 21:58:14'),(1713,1062,'2020-09-17 21:58:20'),(1714,8314,'2020-09-17 22:01:35'),(1715,6157,'2020-09-17 22:01:41'),(1716,3595,'2020-09-17 22:01:48'),(1717,1086,'2020-09-17 22:01:49'),(1718,4378,'2020-09-17 22:01:49'),(1719,3685,'2020-09-17 22:01:49'),(1720,2754,'2020-09-17 22:57:58'),(1721,6921,'2020-09-17 22:58:01'),(1722,3647,'2020-09-17 22:58:02'),(1723,8632,'2020-09-17 22:58:02'),(1724,6250,'2020-09-17 22:58:03'),(1725,9367,'2020-09-17 22:58:05'),(1726,4803,'2020-09-17 23:00:53'),(1727,9352,'2020-09-17 23:02:29'),(1728,2344,'2020-09-17 23:02:33'),(1729,4410,'2020-09-17 23:02:34'),(1730,8742,'2020-09-17 23:02:44'),(1731,9193,'2020-09-17 23:03:21'),(1732,8840,'2020-09-17 23:06:31'),(1733,2440,'2020-09-17 23:06:38'),(1734,8408,'2020-09-17 23:06:42'),(1735,1682,'2020-09-17 23:06:43'),(1736,8062,'2020-09-17 23:06:43'),(1737,3398,'2020-09-17 23:12:10'),(1738,2383,'2020-09-17 23:12:16'),(1739,8141,'2020-09-17 23:13:04'),(1740,7613,'2020-09-17 23:27:38'),(1741,7086,'2020-09-17 23:27:44'),(1742,9818,'2020-09-18 00:38:04'),(1743,1921,'2020-09-18 01:55:35'),(1744,4571,'2020-09-18 04:45:14'),(1745,1251,'2020-09-18 04:45:26'),(1746,9806,'2020-09-18 05:19:49'),(1747,4214,'2020-09-18 05:44:11'),(1748,2049,'2020-09-18 05:44:15'),(1749,5145,'2020-09-18 05:44:16'),(1750,4634,'2020-09-18 05:44:26'),(1751,5720,'2020-09-18 05:45:41'),(1752,7349,'2020-09-18 05:47:29'),(1753,5969,'2020-09-18 05:47:32'),(1754,5484,'2020-09-18 05:47:45'),(1755,3325,'2020-09-18 05:47:48'),(1756,2958,'2020-09-18 05:47:52'),(1757,5494,'2020-09-18 05:48:02'),(1758,1914,'2020-09-18 05:48:13'),(1760,4813,'2020-09-18 06:02:15'),(1761,2938,'2020-09-18 06:02:24'),(1762,5596,'2020-09-18 06:02:46'),(1763,5681,'2020-09-18 06:02:51'),(1764,5093,'2020-09-18 06:03:19'),(1765,2649,'2020-09-18 06:17:03'),(1766,6635,'2020-09-18 06:36:30'),(1767,9244,'2020-09-18 06:36:37'),(1768,9621,'2020-09-18 06:36:53'),(1769,3102,'2020-09-18 06:37:16'),(1770,8647,'2020-09-18 06:38:29'),(1771,2915,'2020-09-18 06:38:38'),(1773,2131,'2020-09-18 06:46:35'),(1774,3666,'2020-09-18 06:46:47'),(1775,5972,'2020-09-18 06:46:54'),(1776,2220,'2020-09-18 06:47:11'),(1777,6123,'2020-09-18 06:47:11'),(1778,4910,'2020-09-18 06:47:14'),(1779,4686,'2020-09-18 06:50:04'),(1780,5749,'2020-09-18 06:50:34'),(1781,2197,'2020-09-18 06:58:37'),(1782,2834,'2020-09-18 06:58:41'),(1783,9289,'2020-09-18 07:00:28'),(1784,9874,'2020-09-18 07:00:30'),(1786,2878,'2020-09-18 07:01:37'),(1787,6255,'2020-09-18 07:01:44'),(1788,8328,'2020-09-18 07:05:46'),(1789,9569,'2020-09-18 07:10:45'),(1790,1858,'2020-09-18 07:10:47'),(1791,3972,'2020-09-18 07:13:19'),(1792,1845,'2020-09-18 07:13:29'),(1793,1492,'2020-09-18 07:17:13'),(1794,3021,'2020-09-18 07:17:19'),(1795,8353,'2020-09-18 07:18:10'),(1796,9093,'2020-09-18 07:27:45'),(1797,4352,'2020-09-18 07:27:51'),(1798,5659,'2020-09-18 07:27:56'),(1799,8256,'2020-09-18 07:27:57'),(1800,9106,'2020-09-18 07:31:42'),(1801,1036,'2020-09-18 07:31:46'),(1802,6588,'2020-09-18 07:31:49'),(1803,2887,'2020-09-18 07:31:58'),(1804,4231,'2020-09-18 07:32:00'),(1805,2047,'2020-09-18 07:32:07'),(1806,8332,'2020-09-18 07:36:27'),(1807,3638,'2020-09-18 07:41:34'),(1808,6261,'2020-09-18 07:41:40'),(1812,6908,'2020-09-18 07:58:31'),(1813,6122,'2020-09-18 07:58:44'),(1814,5836,'2020-09-18 08:20:35'),(1815,3542,'2020-09-18 08:32:01'),(1816,1691,'2020-09-18 08:32:03'),(1817,4697,'2020-09-18 08:32:06'),(1818,2519,'2020-09-18 08:32:08'),(1821,7917,'2020-09-18 08:43:21'),(1822,2724,'2020-09-18 08:43:27'),(1823,9957,'2020-09-18 08:45:46'),(1824,6629,'2020-09-18 08:45:57'),(1825,3628,'2020-09-18 08:46:14'),(1826,4927,'2020-09-18 08:55:23'),(1827,9932,'2020-09-18 09:05:44'),(1828,3594,'2020-09-18 09:05:48'),(1829,4797,'2020-09-18 09:05:50'),(1830,2474,'2020-09-18 09:08:38'),(1831,2835,'2020-09-18 09:09:49'),(1832,7873,'2020-09-18 09:09:54'),(1833,2813,'2020-09-18 09:20:13'),(1834,8378,'2020-09-18 09:20:20'),(1835,1537,'2020-09-18 09:20:59'),(1836,6393,'2020-09-18 09:21:07'),(1837,2225,'2020-09-18 09:21:13'),(1838,2309,'2020-09-18 09:30:25'),(1839,7679,'2020-09-18 09:30:37'),(1840,3930,'2020-09-18 09:30:37'),(1841,1426,'2020-09-18 09:30:43'),(1842,2329,'2020-09-18 09:30:49'),(1843,1973,'2020-09-18 09:33:50'),(1844,2455,'2020-09-18 09:33:57'),(1845,7317,'2020-09-18 09:34:22'),(1846,8441,'2020-09-18 09:34:35'),(1847,6536,'2020-09-18 09:36:37'),(1848,2756,'2020-09-18 09:36:44'),(1849,7649,'2020-09-18 09:44:20'),(1850,2941,'2020-09-18 09:44:36'),(1851,4350,'2020-09-18 09:44:43'),(1852,4638,'2020-09-18 09:44:48'),(1853,3363,'2020-09-18 09:58:21'),(1854,4106,'2020-09-18 09:58:27'),(1855,6589,'2020-09-18 09:58:28'),(1856,9933,'2020-09-18 09:58:35'),(1857,1020,'2020-09-18 09:58:36'),(1858,2954,'2020-09-18 10:01:09'),(1859,5411,'2020-09-18 10:01:11'),(1860,5106,'2020-09-18 10:01:15'),(1861,5457,'2020-09-18 10:01:17'),(1862,1949,'2020-09-18 10:01:24'),(1863,6718,'2020-09-18 10:01:24'),(1864,5775,'2020-09-18 10:02:06'),(1865,3122,'2020-09-18 10:02:10'),(1866,4085,'2020-09-18 10:02:10'),(1867,4519,'2020-09-18 10:02:13'),(1868,4551,'2020-09-18 10:02:39'),(1869,2763,'2020-09-18 10:02:46'),(1870,5603,'2020-09-18 10:04:29'),(1871,7580,'2020-09-18 10:16:47'),(1872,4018,'2020-09-18 10:16:52'),(1873,6126,'2020-09-18 10:16:53'),(1874,4535,'2020-09-18 10:20:55'),(1875,5209,'2020-09-18 10:21:02'),(1876,4821,'2020-09-18 10:21:28'),(1877,5666,'2020-09-18 10:21:31'),(1878,8860,'2020-09-18 10:22:34'),(1879,1690,'2020-09-18 10:22:41'),(1880,2644,'2020-09-18 10:22:52'),(1881,1754,'2020-09-18 10:22:57'),(1882,6752,'2020-09-18 10:23:00'),(1883,1502,'2020-09-18 10:24:52'),(1884,1462,'2020-09-18 10:25:01'),(1885,1009,'2020-09-18 10:25:01'),(1886,6070,'2020-09-18 10:26:19'),(1887,1955,'2020-09-18 10:37:04'),(1888,2254,'2020-09-18 10:37:11'),(1889,4247,'2020-09-18 10:47:30'),(1890,4375,'2020-09-18 10:49:21'),(1892,3667,'2020-09-18 11:16:29'),(1893,5626,'2020-09-18 11:16:38'),(1894,8605,'2020-09-18 11:19:06'),(1895,9841,'2020-09-18 11:19:13'),(1896,4945,'2020-09-18 11:19:19'),(1897,6174,'2020-09-18 11:23:24'),(1898,2557,'2020-09-18 11:23:42'),(1899,5010,'2020-09-18 11:23:46'),(1900,7409,'2020-09-18 11:23:50'),(1901,8057,'2020-09-18 11:23:52'),(1902,7209,'2020-09-18 11:26:17'),(1903,1592,'2020-09-18 11:28:55'),(1904,6871,'2020-09-18 11:28:55'),(1905,9260,'2020-09-18 11:29:04'),(1906,9083,'2020-09-18 11:29:23'),(1907,5330,'2020-09-18 11:29:23'),(1908,9194,'2020-09-18 11:45:00'),(1909,4731,'2020-09-18 11:49:09'),(1910,7672,'2020-09-18 11:49:18'),(1911,3355,'2020-09-18 11:53:09'),(1912,7110,'2020-09-18 11:57:00'),(1913,3762,'2020-09-18 11:58:04'),(1914,9165,'2020-09-18 11:58:13'),(1915,6429,'2020-09-18 12:24:12'),(1916,9345,'2020-09-18 12:24:19'),(1917,1485,'2020-09-18 12:40:30'),(1918,9428,'2020-09-18 12:40:36'),(1919,3602,'2020-09-18 12:55:42'),(1920,5574,'2020-09-18 12:55:44'),(1921,9635,'2020-09-18 12:55:46'),(1922,3778,'2020-09-18 12:55:48'),(1923,3099,'2020-09-18 12:55:50'),(1924,3274,'2020-09-18 12:55:52'),(1925,5517,'2020-09-18 12:55:53'),(1926,7849,'2020-09-18 12:55:54'),(1927,3569,'2020-09-18 12:55:56'),(1928,6857,'2020-09-18 12:55:58'),(1929,9398,'2020-09-18 12:56:00'),(1930,7111,'2020-09-18 12:56:04'),(1931,8045,'2020-09-18 12:56:18'),(1932,7335,'2020-09-18 12:56:19'),(1933,4427,'2020-09-18 12:56:23'),(1934,7461,'2020-09-18 12:56:24'),(1935,5854,'2020-09-18 12:56:24'),(1936,4342,'2020-09-18 12:56:25'),(1937,5185,'2020-09-18 12:56:25'),(1938,4426,'2020-09-18 12:56:25'),(1939,8862,'2020-09-18 12:56:25'),(1940,7558,'2020-09-18 12:56:33'),(1941,7055,'2020-09-18 13:12:36'),(1942,8025,'2020-09-18 13:12:44'),(1943,3826,'2020-09-18 13:12:50'),(1944,4460,'2020-09-18 13:12:57'),(1945,1314,'2020-09-18 13:12:59'),(1946,6676,'2020-09-18 13:13:05'),(1947,5026,'2020-09-18 13:13:11'),(1948,9128,'2020-09-18 13:18:24'),(1949,4004,'2020-09-18 13:23:49'),(1950,7046,'2020-09-18 13:35:08'),(1951,3206,'2020-09-18 13:35:13'),(1952,8897,'2020-09-18 13:39:39'),(1953,6363,'2020-09-18 13:39:44'),(1954,5155,'2020-09-18 13:44:12'),(1955,7837,'2020-09-18 13:44:13'),(1956,8735,'2020-09-18 13:44:15'),(1957,8360,'2020-09-18 13:44:16'),(1958,8376,'2020-09-18 13:44:16'),(1959,3267,'2020-09-18 14:09:11'),(1960,9445,'2020-09-18 14:09:19'),(1961,5405,'2020-09-18 14:15:18'),(1962,1257,'2020-09-18 14:22:18'),(1963,2198,'2020-09-18 14:24:15'),(1964,7937,'2020-09-18 14:25:42'),(1965,7828,'2020-09-18 14:30:38'),(1966,5215,'2020-09-18 14:30:46'),(1967,7905,'2020-09-18 14:30:52'),(1968,6637,'2020-09-18 15:07:15'),(1969,8579,'2020-09-18 15:07:19'),(1970,5263,'2020-09-18 18:31:29'),(1971,2651,'2020-09-18 18:31:41'),(1972,2751,'2020-09-18 18:31:49'),(1973,2619,'2020-09-18 19:17:21'),(1974,4107,'2020-09-18 20:45:12'),(1975,3961,'2020-09-18 20:45:18'),(1976,8245,'2020-09-18 20:45:19'),(1977,1578,'2020-09-19 07:37:33'),(1978,2230,'2020-09-19 08:21:55'),(1979,4485,'2020-09-19 08:22:03'),(1980,3366,'2020-09-19 08:22:51'),(1981,7002,'2020-09-19 08:33:47'),(1982,7684,'2020-09-19 08:33:54'),(1983,4093,'2020-09-19 08:34:05'),(1984,6617,'2020-09-19 08:34:32'),(1985,6585,'2020-09-19 08:34:32'),(1986,3427,'2020-09-19 08:34:39'),(1987,3087,'2020-09-19 08:34:47'),(1988,7464,'2020-09-19 09:08:57'),(1989,1939,'2020-09-19 09:09:37'),(1990,1340,'2020-09-19 20:06:29'),(1991,1061,'2020-09-19 20:06:30'),(1992,7100,'2020-09-19 20:06:35'),(1993,1211,'2020-09-19 20:06:40'),(1994,6357,'2020-09-19 23:56:46'),(1995,5889,'2020-09-20 00:03:16'),(1996,7648,'2020-09-20 05:46:41'),(1997,2028,'2020-09-20 06:57:16'),(1998,1745,'2020-09-20 06:57:48'),(1999,3058,'2020-09-20 07:00:45'),(2000,5224,'2020-09-20 07:00:52'),(2001,2546,'2020-09-20 07:01:15'),(2002,5716,'2020-09-20 07:01:21'),(2003,4546,'2020-09-20 07:01:28'),(2004,3765,'2020-09-20 07:01:38'),(2005,5485,'2020-09-20 07:55:32'),(2006,3298,'2020-09-20 08:00:47'),(2007,4531,'2020-09-20 08:00:58'),(2008,8392,'2020-09-20 09:38:06'),(2009,8614,'2020-09-20 09:38:15'),(2010,7079,'2020-09-20 09:38:16'),(2011,4270,'2020-09-20 09:38:26'),(2012,6152,'2020-09-20 09:38:27'),(2013,1490,'2020-09-20 09:38:32'),(2014,4756,'2020-09-20 09:38:50'),(2015,8292,'2020-09-20 18:26:34'),(2016,6822,'2020-09-20 18:26:34'),(2017,6458,'2020-09-20 18:26:42'),(2018,1566,'2020-09-20 18:26:51'),(2019,5037,'2020-09-20 18:27:07'),(2020,9535,'2020-09-20 18:27:22'),(2021,6355,'2020-09-20 18:27:29'),(2022,5301,'2020-09-20 18:28:30'),(2023,7051,'2020-09-20 18:28:31'),(2024,9151,'2020-09-20 18:28:37'),(2025,3367,'2020-09-20 18:28:44'),(2026,9511,'2020-09-20 18:30:58'),(2027,6407,'2020-09-20 18:31:05'),(2028,2323,'2020-09-20 18:31:11'),(2029,5249,'2020-09-20 18:31:55'),(2030,7339,'2020-09-21 08:11:58'),(2031,2913,'2020-09-23 15:58:53'),(2032,3386,'2020-09-23 15:59:00'),(2033,9021,'2020-09-25 14:05:49'),(2034,7127,'2020-09-26 00:12:11'),(2035,6087,'2020-09-26 08:47:27'),(2036,2928,'2020-09-26 08:47:34'),(2037,9475,'2020-09-26 18:24:59'),(2038,3036,'2020-09-27 06:49:59'),(2039,9444,'2020-09-27 07:27:44'),(2040,5468,'2020-09-27 07:27:54'),(2041,4816,'2020-09-27 07:27:55'),(2042,5179,'2020-09-27 08:05:14'),(2043,4226,'2020-09-27 08:05:15'),(2044,5786,'2020-09-27 09:06:54'),(2045,6253,'2020-09-27 09:06:59'),(2046,8339,'2020-09-27 09:07:00'),(2047,4770,'2020-09-27 13:39:58'),(2048,2126,'2020-09-27 13:40:02'),(2049,6682,'2020-09-27 13:40:04'),(2050,2444,'2020-09-28 13:57:50'),(2051,2817,'2020-09-28 13:57:56'),(2052,2407,'2020-09-28 13:58:05'),(2053,6688,'2020-09-28 13:58:35'),(2054,1109,'2020-09-28 13:59:16');
/*!40000 ALTER TABLE `keys` ENABLE KEYS */;
UNLOCK TABLES;

--
-- Table structure for table `records_permissions`
--

DROP TABLE IF EXISTS `records_permissions`;
/*!40101 SET @saved_cs_client     = @@character_set_client */;
/*!40101 SET character_set_client = utf8 */;
CREATE TABLE `records_permissions` (
  `id` int(11) NOT NULL AUTO_INCREMENT,
  `model` varchar(100) DEFAULT NULL,
  `recordId` int(10) unsigned DEFAULT NULL,
  `principalType` enum('$OWNER','ROLE','USER') DEFAULT NULL,
  `principalId` varchar(100) DEFAULT NULL,
  `permission` enum('ALLOW','DENY') DEFAULT 'DENY',
  PRIMARY KEY (`id`)
) ENGINE=InnoDB DEFAULT CHARSET=utf8;
/*!40101 SET character_set_client = @saved_cs_client */;

--
-- Dumping data for table `records_permissions`
--

LOCK TABLES `records_permissions` WRITE;
/*!40000 ALTER TABLE `records_permissions` DISABLE KEYS */;
/*!40000 ALTER TABLE `records_permissions` ENABLE KEYS */;
UNLOCK TABLES;

--
-- Table structure for table `shofar_blower`
--

DROP TABLE IF EXISTS `shofar_blower`;
/*!40101 SET @saved_cs_client     = @@character_set_client */;
/*!40101 SET character_set_client = utf8 */;
CREATE TABLE `shofar_blower` (
  `id` int(11) NOT NULL AUTO_INCREMENT,
  `userBlowerId` int(10) unsigned NOT NULL,
  `confirm` tinyint(3) unsigned DEFAULT '0',
  `can_blow_x_times` int(10) unsigned NOT NULL,
  `volunteering_start_time` datetime NOT NULL,
  `volunteering_max_time` int(10) unsigned NOT NULL,
  PRIMARY KEY (`id`)
) ENGINE=InnoDB AUTO_INCREMENT=237 DEFAULT CHARSET=utf8;
/*!40101 SET character_set_client = @saved_cs_client */;

--
-- Dumping data for table `shofar_blower`
--

LOCK TABLES `shofar_blower` WRITE;
/*!40000 ALTER TABLE `shofar_blower` DISABLE KEYS */;
INSERT INTO `shofar_blower` VALUES (8,27,1,4,'2020-09-20 12:30:57',15),(9,43,1,2,'2020-09-20 09:30:21',15),(10,48,1,4,'2020-09-20 10:00:18',41),(11,53,1,20,'2020-09-20 13:30:01',20),(12,54,1,10,'2020-09-20 11:00:04',40),(13,55,1,20,'2020-09-20 07:00:41',47),(14,57,1,5,'2020-09-20 12:00:15',20),(15,71,1,5,'2020-09-20 13:00:01',15),(16,77,1,20,'2020-09-20 12:00:25',180),(18,83,1,15,'2020-09-20 13:30:18',41),(19,93,1,3,'2020-09-20 09:00:44',65),(22,95,1,3,'2020-09-20 08:30:21',29),(24,105,1,3,'2020-09-20 11:00:14',180),(25,72,1,10,'2020-09-20 10:00:14',42),(26,106,1,10,'2020-09-20 08:00:57',72),(27,47,1,20,'2020-09-20 09:08:48',17),(28,117,1,5,'2020-09-20 09:00:26',42),(29,120,1,6,'2020-09-20 13:00:13',28),(30,121,1,10,'2020-09-20 13:19:15',15),(31,125,1,3,'2020-09-20 09:00:11',25),(33,134,1,10,'2020-09-20 09:00:01',15),(34,73,1,3,'2020-09-20 13:30:47',24),(35,136,1,3,'2020-09-20 12:05:00',15),(37,140,1,5,'2020-09-20 13:16:06',23),(39,144,1,20,'2020-09-20 11:00:50',20),(40,150,1,2,'2020-09-20 08:00:33',19),(41,151,1,7,'2020-09-20 08:00:02',32),(42,155,1,3,'2020-09-20 14:15:21',15),(43,159,1,3,'2020-09-20 13:00:19',20),(44,167,0,3,'2020-09-20 12:00:32',15),(45,178,1,2,'2020-09-20 13:00:01',30),(46,179,1,2,'2020-09-20 13:00:54',18),(47,182,1,3,'2020-09-20 08:20:35',19),(48,183,0,7,'2020-09-20 10:30:34',15),(49,32,1,15,'2020-09-20 10:30:43',36),(50,188,1,4,'2020-09-20 09:00:35',30),(51,189,1,4,'2020-09-20 06:30:02',15),(52,190,1,3,'2020-09-20 13:00:40',15),(53,156,1,1,'2020-09-20 08:00:08',15),(54,192,1,2,'2020-09-20 12:30:25',28),(55,195,1,3,'2020-09-20 11:15:20',74),(56,200,1,12,'2020-09-20 10:00:12',35),(57,201,1,3,'2020-09-20 14:15:48',15),(58,207,1,5,'2020-09-20 10:00:10',24),(59,208,1,2,'2020-09-20 10:21:35',30),(60,212,1,4,'2020-09-20 13:00:41',180),(61,216,1,1,'2020-09-20 10:00:57',15),(62,217,1,3,'2020-09-20 05:15:42',15),(64,227,1,10,'2020-09-20 08:15:08',20),(65,228,1,7,'2020-09-20 08:00:38',57),(66,229,1,3,'2020-09-20 10:00:22',17),(67,233,1,5,'2020-09-20 12:15:45',15),(68,234,1,3,'2020-09-20 11:30:14',15),(69,242,1,4,'2020-09-20 04:00:19',21),(70,243,1,10,'2020-09-20 10:30:19',15),(71,244,1,4,'2020-09-20 13:00:07',61),(73,247,1,5,'2020-09-20 11:40:46',15),(74,248,1,5,'2020-09-20 16:30:06',15),(75,169,1,10,'2020-09-20 10:00:19',72),(76,25,1,6,'2020-09-20 09:30:09',46),(77,42,1,3,'2020-09-20 09:01:58',15),(78,61,1,3,'2020-09-20 07:30:52',15),(79,218,1,20,'2020-09-20 10:00:06',20),(80,76,1,10,'2020-09-20 13:00:45',30),(81,251,1,5,'2020-09-20 11:31:31',47),(82,255,1,5,'2020-09-20 14:30:39',47),(84,41,1,20,'2020-09-20 12:01:04',60),(85,264,1,10,'2020-09-20 08:00:46',32),(88,275,1,5,'2020-09-20 07:30:35',32),(90,277,1,8,'2020-09-20 12:30:35',180),(92,279,1,5,'2020-09-20 11:30:00',30),(93,281,1,5,'2020-09-20 08:15:55',20),(94,290,1,5,'2020-09-20 11:00:15',15),(95,293,1,5,'2020-09-20 12:00:21',45),(96,296,1,5,'2020-09-20 14:03:53',15),(97,297,1,5,'2020-09-20 08:59:06',15),(98,298,1,6,'2020-09-20 11:46:46',47),(99,299,1,5,'2020-09-20 08:00:31',15),(100,300,1,5,'2020-09-20 07:14:13',15),(101,302,1,5,'2020-09-20 11:10:03',51),(102,301,1,5,'2020-09-20 07:00:58',120),(103,305,1,5,'2020-09-20 09:00:59',15),(104,306,1,5,'2020-09-20 05:00:08',40),(105,316,1,5,'2020-09-20 08:30:38',15),(106,317,1,10,'2020-09-20 13:01:20',180),(107,318,1,5,'2020-09-20 13:00:58',15),(108,320,1,5,'2020-09-20 12:30:09',20),(109,322,1,5,'2020-09-20 07:45:13',15),(110,325,1,5,'2020-09-20 11:30:53',15),(111,327,1,5,'2020-09-20 13:00:29',15),(112,323,1,5,'2020-09-20 11:00:26',127),(113,328,1,10,'2020-09-20 12:00:08',30),(114,329,1,5,'2020-09-20 10:00:51',15),(115,331,1,5,'2020-09-20 07:00:24',16),(116,332,1,5,'2020-09-20 10:00:43',30),(117,334,1,5,'2020-09-20 12:00:30',53),(118,337,1,5,'2020-09-20 10:00:09',30),(121,342,1,5,'2020-09-20 11:31:40',30),(122,344,1,5,'2020-09-20 11:00:41',21),(123,345,1,5,'2020-09-20 09:06:36',15),(124,353,1,5,'2020-09-20 13:00:37',90),(125,80,1,5,'2020-09-20 13:00:02',61),(126,361,1,5,'2020-09-20 08:00:00',30),(127,349,1,5,'2020-09-20 11:55:25',50),(128,362,1,5,'2020-09-20 14:00:27',15),(129,364,1,5,'2020-09-20 09:00:20',42),(130,365,1,15,'2020-09-20 09:00:05',15),(132,368,1,5,'2020-09-20 12:30:05',26),(135,377,1,5,'2020-09-20 11:00:22',38),(136,382,1,5,'2020-09-20 11:00:45',15),(139,390,1,6,'2020-09-20 12:00:52',19),(140,392,1,5,'2020-09-20 08:00:30',19),(142,394,1,5,'2020-09-20 12:30:09',61),(143,395,1,5,'2020-09-20 11:00:44',15),(145,400,1,5,'2020-09-20 08:30:19',15),(146,401,1,5,'2020-09-20 13:00:00',15),(147,210,1,5,'2020-09-20 01:01:00',15),(148,403,1,5,'2020-09-20 08:10:49',15),(149,405,1,5,'2020-09-20 14:00:10',15),(150,419,1,5,'2020-09-20 08:30:23',15),(151,420,1,7,'2020-09-20 12:00:45',30),(152,426,1,5,'2020-09-20 07:33:50',15),(153,428,1,5,'2020-09-20 10:05:19',38),(155,434,1,5,'2020-09-19 23:00:01',15),(157,438,1,5,'2020-09-20 10:00:36',25),(158,443,1,5,'2020-09-20 13:31:09',42),(159,451,1,5,'2020-09-20 09:15:31',20),(160,450,1,5,'2020-09-20 11:30:11',15),(161,86,1,5,'2020-09-20 13:01:44',15),(162,58,1,5,'2020-09-20 09:00:56',15),(163,40,1,5,'2020-09-20 15:03:11',15),(164,463,1,5,'2020-09-20 12:00:15',173),(165,462,1,5,'2020-09-20 11:02:03',19),(166,469,1,5,'2020-09-20 10:30:08',15),(167,470,1,5,'2020-09-20 11:30:24',18),(168,38,1,5,'2020-09-20 10:00:20',20),(169,475,1,5,'2020-09-20 12:00:01',22),(172,498,1,4,'2020-09-20 08:00:57',17),(173,502,1,5,'2020-09-20 10:30:07',15),(174,518,1,5,'2020-09-20 08:30:49',61),(175,519,1,5,'2020-09-20 14:00:48',16),(176,520,1,3,'2020-09-20 06:30:00',64),(177,521,1,5,'2020-09-20 08:00:19',15),(178,424,1,5,'2020-09-20 09:05:36',50),(179,526,1,5,'2020-09-20 13:00:45',51),(180,531,1,5,'2020-09-20 07:30:28',16),(181,240,1,5,'2020-09-20 13:21:25',35),(182,533,1,5,'2020-09-20 07:00:18',15),(183,33,1,5,'2020-09-20 08:00:10',15),(184,534,1,5,'2020-09-20 13:00:51',30),(185,535,1,5,'2020-09-20 11:00:18',54),(186,542,1,6,'2020-09-20 08:18:44',23),(187,549,1,5,'2020-09-20 09:01:50',15),(188,550,1,5,'2020-09-20 11:00:09',15),(189,563,1,5,'2020-09-20 10:00:38',25),(190,564,1,5,'2020-09-20 13:30:42',45),(191,568,1,5,'2020-09-20 08:30:22',15),(192,235,1,5,'2020-09-20 08:00:36',15),(193,578,1,5,'2020-09-20 10:30:49',32),(194,579,1,20,'2020-09-20 11:00:53',102),(195,581,1,5,'2020-09-19 22:10:10',30),(196,587,1,5,'2020-09-20 13:00:34',35),(197,591,1,5,'2020-09-20 07:55:08',30),(198,133,1,5,'2020-09-20 11:00:07',15),(200,613,1,5,'2020-09-20 13:00:44',60),(201,643,1,5,'2020-09-20 12:30:28',15),(202,656,1,3,'2020-09-20 09:30:53',15),(203,583,1,5,'2020-09-20 04:00:24',22),(205,676,1,5,'2020-09-20 08:00:41',15),(206,383,1,5,'2020-09-20 09:35:49',15),(207,692,1,5,'2020-09-20 07:00:00',15),(208,696,1,5,'2020-09-20 13:30:18',61),(209,704,1,5,'2020-09-20 12:30:32',20),(210,706,1,5,'2020-09-20 09:00:53',15),(211,735,1,5,'2020-09-20 08:00:57',15),(212,741,1,5,'2020-09-19 23:25:25',101),(213,758,1,5,'2020-09-20 07:30:10',15),(214,764,1,5,'2020-09-20 13:30:21',15),(215,762,1,5,'2020-09-20 08:31:22',149),(216,763,1,5,'2020-09-20 11:30:05',18),(217,769,1,5,'2020-09-20 10:50:20',180),(218,771,1,5,'2020-09-20 13:00:01',15),(219,777,1,5,'2020-09-20 12:00:09',30),(220,606,1,5,'2020-09-20 07:00:45',15),(221,783,1,5,'2020-09-20 10:45:38',15),(222,785,1,5,'2020-09-20 10:15:22',28),(223,787,1,5,'2020-09-20 10:20:34',28),(224,789,1,5,'2020-09-20 10:00:55',15),(225,792,1,5,'2020-09-20 12:00:30',15),(226,319,1,5,'2020-09-20 13:30:27',15),(227,795,1,5,'2020-09-20 10:15:44',30),(229,761,1,5,'2020-09-20 09:02:02',15),(230,797,1,5,'2020-09-20 13:00:56',36),(231,799,1,5,'2020-09-20 13:00:24',46),(232,798,1,5,'2020-09-20 09:00:59',15),(233,801,1,5,'2020-09-20 11:00:43',15),(235,805,0,5,'2020-09-20 11:00:38',180),(236,808,0,5,'2020-09-20 08:00:26',15);
/*!40000 ALTER TABLE `shofar_blower` ENABLE KEYS */;
UNLOCK TABLES;

--
-- Table structure for table `shofar_blower_pub`
--

DROP TABLE IF EXISTS `shofar_blower_pub`;
/*!40101 SET @saved_cs_client     = @@character_set_client */;
/*!40101 SET character_set_client = utf8 */;
CREATE TABLE `shofar_blower_pub` (
  `id` int(11) NOT NULL AUTO_INCREMENT,
  `comments` varchar(255) CHARACTER SET utf8 COLLATE utf8_unicode_ci DEFAULT NULL,
  `start_time` datetime DEFAULT NULL,
  `blowerId` int(10) unsigned DEFAULT NULL,
  `constMeeting` tinyint(3) unsigned DEFAULT '0',
  `address` varchar(400) DEFAULT NULL,
  `city` varchar(255) DEFAULT NULL,
  `lng` varchar(255) DEFAULT NULL,
  `lat` varchar(255) DEFAULT NULL,
  PRIMARY KEY (`id`),
  FULLTEXT KEY `meeting_pub_address_ftsix` (`address`)
) ENGINE=InnoDB AUTO_INCREMENT=304 DEFAULT CHARSET=utf8;
/*!40101 SET character_set_client = @saved_cs_client */;

--
-- Dumping data for table `shofar_blower_pub`
--

LOCK TABLES `shofar_blower_pub` WRITE;
/*!40000 ALTER TABLE `shofar_blower_pub` DISABLE KEYS */;
INSERT INTO `shofar_blower_pub` VALUES (17,'                  ','2020-09-20 12:15:20',463,0,' 5,  , ',' ','34.9079291','32.17891869999999'),(19,'  ',NULL,NULL,0,' 26,  , ',' ','34.94144800000001','32.096642'),(20,'   9-15   ','2020-09-20 08:01:53',150,0,'   11,  , ',' ','34.9058316','32.0728139'),(21,'        14','2020-09-20 13:20:01',587,0,' 1, , ','','35.2032604','31.7688107'),(22,'  ','2020-09-20 07:30:12',53,1,' 25,  , ',' ','34.9095942','32.18047169999999'),(24,' ','2020-09-19 21:00:00',54,1,' ,  , ',' ','34.87103140000001','32.06269949999999'),(25,'  ','2020-09-20 05:46:40',55,1,', , ','','35.1860557','31.7794214'),(27,'     ','2020-09-20 13:00:01',71,1,'  45, , ','','34.6618876','31.7870056'),(28,'32',NULL,NULL,0,'   32,   , ','  ','34.774615','32.0694749'),(30,'  ','2020-09-20 08:30:37',83,1,'  30, , ','','34.8135024','31.88588439999999'),(32,'  ','2020-09-20 07:00:00',93,1,'  12,  , ',' ','34.8532501','32.0750052'),(34,'',NULL,NULL,0,' 19,  , ',' ','34.8770998','32.0877446'),(35,' ','2020-09-20 11:00:14',105,1,'  9,  , ',' ','34.8526783','32.07543389999999'),(39,'  ','2020-09-20 14:00:17',106,1,'  ,   , ','  ','34.9957255','31.9135663'),(41,'   ','2020-09-20 07:01:35',47,1,' 20, , ','','34.9393074','31.98828079999999'),(43,'  24','2020-09-20 13:35:14',564,0,'  24, ','','35.2268011','31.7503557'),(44,'','2020-09-20 05:08:46',306,0,'  9, , ','','35.2143295','31.7566752'),(48,'',NULL,NULL,0,' 21,  , ',' ','35.1536453','31.80857169999999'),(49,'','2020-09-20 13:16:15',178,0,'  40, , ','','34.8565853','32.3199403'),(50,'  ','2020-09-20 11:00:00',150,1,'   83,  , ',' ','34.9080656','32.07242050000001'),(53,'','2020-09-20 11:35:30',470,0,'  4,   , ','  ','35.016096','31.8953937'),(54,' ','2020-09-20 07:00:23',178,1,'\" 3, , ','','34.85581949999999','32.310627'),(57,' ','2020-09-20 07:04:08',182,1,', ','','34.77644','31.655989'),(58,'     45','2020-09-20 14:00:22',32,1,'  45,   , ','  ','35.0072264','31.9130215'),(59,'','2020-09-20 06:00:49',188,1,'  27, , ','','35.1046616','33.0089144'),(60,'   50 ','2020-09-20 06:00:20',156,1,' , , ','','35.210562','31.761663'),(61,'','2020-09-20 12:12:48',334,0,'  15, , ','','35.21653','31.7555841'),(62,'  3',NULL,NULL,0,'  3, , ','','34.7841871','32.014397'),(63,'  ','2020-09-20 07:01:53',200,1,' , ',' ','34.988099','31.747041'),(64,' 2',NULL,NULL,0,' 16,  , ',' ','34.8221228','32.0812299'),(67,'   ','2020-09-20 10:21:35',208,1,'  42, ','','35.2484592','31.8157432'),(68,'       ','2020-09-20 08:40:52',228,0,'  13, , ','','35.2140236','31.7755259'),(71,'  \'  ','2020-09-20 08:34:24',518,0,'  35, , ','','34.8163306','31.8978546'),(72,'','2020-09-20 11:38:21',342,0,'  17, ','','35.2266914','31.7504304'),(73,' ','2020-09-20 07:00:25',233,1,' 1, , ','','34.819444','31.8902614'),(74,'           ',NULL,NULL,0,'   11,  , ',' ','34.8223512','32.0940263'),(75,'','2020-09-20 11:43:04',470,0,'  33,   , ','  ','35.0145758','31.894997'),(76,'','2020-09-20 07:01:10',242,1,' 45,  , ',' ','34.8733145','32.0756952'),(78,'','2020-09-20 06:02:31',42,1,',  , ',' ','34.9785441','31.7446185'),(80,' ','2020-09-20 15:00:40',218,1,', ','','34.97382899999999','32.8024402'),(81,'   ','2020-09-20 07:00:08',251,1,'   6, , ','','34.8816441','31.9406344'),(82,'    ',NULL,NULL,0,'  79,  , ',' ','34.8927181','32.0847426'),(85,'','2020-09-20 13:20:07',80,0,'  17,  , ',' ','34.8765816','32.08164769999999'),(86,'  -      ',NULL,NULL,0,' 11,  , ',' ','34.811659','32.0885531'),(87,' 27  1      ','2020-09-20 08:01:31',299,0,'   27, ','','35.2432826','31.8264076'),(88,' 17','2020-09-20 10:39:54',32,0,'  6,   , ','  ','35.00609180000001','31.90977'),(89,'    \'    050-9934936','2020-09-20 13:17:11',613,0,'  43,   , ','  ','35.02203009999999','31.89708739999999'),(90,' ','2020-09-20 06:00:53',301,1,'  20,   , ','  ','35.0033691','31.8816377'),(91,'','2020-09-20 11:35:22',195,0,' \"  2, , ','','35.2046717','31.7639724'),(93,'','2020-09-20 12:04:04',334,0,' 14, , ','','35.217895','31.7566039'),(94,'   ','2020-09-20 13:24:46',240,0,'  14, , ','','34.780307','32.020462'),(95,'        ','2020-09-20 06:45:39',337,1,' 32,  , ',' ','35.110873','32.8103014'),(96,' ','2020-09-20 13:30:33',337,1,'  30,  , ',' ','35.1063765','32.8019514'),(97,'  ','2020-09-20 14:00:56',337,1,' 40,  , ',' ','35.1097262','32.8093221'),(101,'  96','2020-09-20 07:16:18',301,0,'  96,   , ','  ','35.0135578','31.88199139999999'),(102,' ','2020-09-20 05:20:50',80,1,'  4,  , ',' ','34.8759495','32.0844708'),(104,'   \" \" -        ','2020-09-20 14:40:12',361,1,' 21, , ','','35.21281929999999','31.7644833'),(105,'  -     ','2020-09-20 14:09:17',362,1,'  14, , ','','35.2257669','31.7571655'),(107,'     ','2020-09-20 09:02:13',365,1,' ,  ',' ','35.2397515','31.8768666'),(110,'','2020-09-20 13:12:58',179,0,'   44,   , ','  ','35.0028043','31.8937271'),(111,' ','2020-09-20 08:30:22',390,1,' 63,   , ','  ','34.77285920000001','32.0754854'),(112,'','2020-09-20 13:45:02',390,1,' ,   ','  ','34.773157','32.074964'),(113,'','2020-09-20 10:30:20',390,1,' ,   ','  ','34.773157','32.074964'),(114,' 3  7','2020-09-20 13:30:22',526,0,',  , ',' ','35.1006329','31.7125771'),(116,'   ','2020-09-20 06:15:49',395,1,', ','','35.1505076','31.6569164'),(117,'    ','2020-09-20 14:52:09',255,0,'  7, , ','','35.21131160000001','31.7856232'),(118,'  2 ','2020-09-20 07:00:05',401,1,', ','','34.8267053','31.8943968'),(119,'   ','2020-09-20 14:15:46',405,1,'  52, , ','','34.847126','32.15449900000001'),(121,'','2020-09-20 08:24:46',227,0,'  1, , ','','35.2222496','31.7729978'),(122,'       ',NULL,NULL,0,'..  20, , ','','35.18676549999999','31.7685942'),(123,'         ','2020-09-20 15:00:34',420,1,' 9, , ','','35.20722680000001','31.7634131'),(124,' ',NULL,NULL,0,' , ',' ','34.8493118','32.0477486'),(125,'    ','2020-09-20 08:36:17',426,1,' , , ','','34.87671799999999','32.309633'),(127,'',NULL,NULL,0,'  205, ','','35.235489','31.836639'),(128,'',NULL,NULL,0,' 8,  , ',' ','34.8125718','31.9269835'),(129,'  ','2020-09-20 13:33:17',73,0,'  44, ','','35.2501385','31.8196648'),(130,'     ',NULL,NULL,0,' 13, , ','','34.8550553','32.3308174'),(131,'','2020-09-20 08:16:22',228,0,' 1, , ','','35.2103694','31.7749558'),(132,'  18      ',NULL,NULL,0,', ','','34.595581','31.522694'),(133,'  ','2020-09-20 09:20:57',450,1,' 92,  , ',' ','34.852348','32.08502500000001'),(134,'',NULL,NULL,0,'   7, , ','','34.5870611','31.5278717'),(135,' ','2020-09-20 13:29:37',277,0,'\" 11, , ','','35.2080004','31.7631149'),(138,' 11','2020-09-20 14:59:21',255,0,', , ','','35.2105883','31.784848'),(139,' ','2020-09-20 13:44:03',277,0,'  5, , ','','35.2141048','31.7643732'),(140,'  11  15    ','2020-09-20 10:11:57',200,0,'  11,  , ',' ','35.000013','31.709117'),(141,'  4 ','2020-09-20 09:07:39',364,0,'  4, ','','35.2408974','31.8299828'),(142,' 33     ','2020-09-20 06:52:20',520,0,' , ','','35.2420138','31.82167759999999'),(143,'         70','2020-09-20 14:15:42',470,1,'  70,   , ','  ','35.01273930000001','31.8959093'),(145,' ','2020-09-20 13:00:17',38,1,'  6, ','','35.2214477','31.7198156'),(146,' ','2020-09-20 13:05:46',38,1,'  2, ','','35.2201528','31.71958309999999'),(147,'\" \'  \' -   -     ','2020-09-20 06:30:16',38,1,'   20, ','','35.2288628','31.7226639'),(148,'\" \'  \' ','2020-09-20 14:00:42',38,1,'   20, ','','35.2288628','31.7226639'),(150,'   -   ','2020-09-20 13:30:29',38,1,'   6, ','','35.227003','31.72407'),(151,'','2020-09-20 12:05:10',420,0,' 30, , ','','35.2058289','31.7668847'),(153,'','2020-09-20 12:54:31',277,0,'  4, , ','','35.2037147','31.7581496'),(155,'    ','2020-09-20 09:00:13',420,1,' 29, , ','','35.2072045','31.76611029999999'),(157,'   ','2020-09-20 14:30:20',475,1,'  6, , ','','35.205269','31.75381579999999'),(158,'',NULL,NULL,0,' 2,  , ',' ','34.83047980000001','31.93174329999999'),(159,'',NULL,NULL,0,' , ','','35.2412052','31.8447719'),(162,'',NULL,NULL,0,'..  42,   , ','  ','34.7769666','32.05861359999999'),(164,'',NULL,NULL,0,'   43,   , ','  ','34.7808196','32.0901517'),(166,'',NULL,NULL,0,' ,  , ',' ','34.6084113','31.6997355'),(167,'','2020-09-20 08:51:37',518,0,'\'   15, , ','','34.8231871','31.90131850000001'),(171,'','2020-09-20 13:09:46',318,0,' 8, , ','','34.8028036','32.0776488'),(173,'   ','2020-09-20 08:03:44',521,1,' 16, , ','','34.56773450000001','31.6704177'),(174,'    ','2020-09-20 13:00:08',526,1,'  18,  , ',' ','35.0897744','31.7194522'),(175,' ','2020-09-20 04:16:41',583,0,' 31, , ','','34.87265670000001','32.17758439999999'),(176,'',NULL,NULL,0,' 18, , ','','34.5708313','31.69256949999999'),(180,'    ','2020-09-20 13:00:40',240,1,' 4, , ','','34.7793108','32.0197892'),(181,'  ','2020-09-20 15:00:06',534,1,'  62, , ','','34.8846386','32.1848099'),(183,NULL,'2020-09-20 04:11:10',242,1,' , ',' ','34.8826413','32.0749588'),(187,'   ','2020-09-20 10:10:50',229,0,' 28, , ','','34.8151194','31.8915778'),(196,'',NULL,NULL,0,'\" 10,  , ',' ','34.9400016','32.10157520000001'),(197,' 11','2020-09-20 08:39:09',316,0,'   4,   , ','  ','35.0082353','31.8909669'),(202,'','2020-09-20 13:02:22',179,0,'  34,   , ','  ','35.00649739999999','31.8929906'),(203,NULL,'2020-09-20 07:30:06',531,1,'  9, , ','','35.28457099999999','32.6037263'),(204,NULL,'2020-09-20 07:34:07',531,1,' 40, , ','','35.2839269','32.60553479999999'),(209,' 4','2020-09-20 11:00:54',32,0,' 27,   , ','  ','35.0075115','31.9164358'),(210,'',NULL,NULL,0,' 6, , ','','34.5903557','31.5232362'),(211,'',NULL,NULL,0,', , ','','34.63541','31.7680224'),(212,' ','2020-09-20 09:05:19',117,0,' 80, , ','','35.01565839999999','32.78819079999999'),(213,' \'',NULL,NULL,0,'  12, , ','','34.9134994','32.43889610000001'),(215,'  ','2020-09-20 14:00:00',563,1,'  57,   , ','  ','34.9950388','31.90846730000001'),(216,'','2020-09-20 10:02:54',48,0,'  38, , ','','35.19594999999999','31.7841162'),(217,'','2020-09-20 05:45:46',235,1,' 7,  , ',' ','34.9943877','31.7464735'),(218,'',NULL,NULL,0,', ','','34.65531399999999','31.804381'),(219,'','2020-09-20 09:00:09',578,1,'   15,  , ',' ','34.8264101','31.857993'),(220,'     ','2020-09-20 11:20:24',579,1,', ','','34.9851947','32.7870681'),(221,'     ','2020-09-20 11:02:49',579,1,'  42, , ','','34.99212360000001','32.7854271'),(222,'   3 ',NULL,NULL,0,'  2,  , ',' ','35.56878509999999','33.2101759'),(223,' 15',NULL,NULL,0,' ,  ',' ','35.10898600000001','31.70114899999999'),(224,'         \"',NULL,NULL,0,' 38,  , ',' ','34.821069','32.09273700000001'),(225,'    ','2020-09-20 14:00:20',133,1,' 7, , ','','35.2032604','31.7688107'),(226,' ','2020-09-20 08:30:15',133,1,'.. , , ','','35.20157349999999','31.7713654'),(230,'','2020-09-20 08:07:07',235,0,'  56,  , ',' ','34.9887526','31.7423687'),(233,'   ',NULL,NULL,0,' , ',' ','35.32481200000001','32.711539'),(235,'',NULL,NULL,0,' 7, , ','','34.6424827','31.7926625'),(240,'      ','2020-09-20 09:00:02',613,1,'  , ','  ','35.0149022','31.8960153'),(242,'','2020-09-20 09:27:12',364,0,'  15, ','','35.24462949999999','31.8298881'),(243,'          500  ',NULL,NULL,0,' 16, , ','','35.1716853','31.75601589999999'),(244,'        9  ',NULL,NULL,0,'  2,  , ',' ','34.8813267','32.0972769'),(245,'      ','2020-09-20 13:09:00',534,0,' 13, , ','','34.88524999999999','32.1903811'),(246,'',NULL,NULL,0,'  3,  , ',' ','34.8066867','31.967761'),(247,'        ','2020-09-20 14:20:31',563,1,'  , ','  ','34.9979229','31.9073155'),(248,'           ','2020-09-20 14:40:58',563,1,'  , ','  ','34.9994642','31.9046113'),(249,'         ','2020-09-20 15:00:00',563,1,'  , ','  ','35.0011915','31.90295249999999'),(251,'  ','2020-09-20 14:30:41',643,1,' ,  , ',' ','34.8883531','32.0984355'),(252,'  ','2020-09-20 14:45:24',643,1,'   ,  , ',' ','34.8929604','32.0995369'),(253,'  ','2020-09-20 14:00:00',643,1,'   39,  , ',' ','34.8939252','32.0970495'),(254,'',NULL,NULL,0,' 18, , ','','34.9686082','32.8143939'),(256,'','2020-09-20 13:17:06',277,0,' 24, , ','','35.2121473','31.76383210000001'),(258,'  ','2020-09-20 13:38:21',53,0,'   ,  , ',' ','34.850785','32.02815'),(259,'    1        ',NULL,NULL,0,'\" 22, , ','','34.9622012','32.0507277'),(260,'','2020-09-20 09:16:23',451,0,'\" 8, , ','','35.21423879999999','31.7730729'),(261,'',NULL,NULL,0,' 234, , ','','34.8080315','31.90375409999999'),(262,'     ',NULL,NULL,0,'  14,   , ','  ','34.791982','32.0886818'),(263,' 9',NULL,NULL,0,', ','','34.924732','31.827899'),(264,'','2020-09-20 10:38:07',787,0,'  59,  , ',' ','34.78711260000001','31.2609904'),(265,'',NULL,NULL,0,' 7, , ','','35.0505167','32.4523727'),(266,'',NULL,NULL,0,'   12,  , ',' ','34.8916372','32.0894302'),(267,' ','2020-09-20 10:28:04',48,0,'  4, , ','','35.2083422','31.7878043'),(268,'  ','2020-09-20 14:25:23',277,0,'  \", , ','','35.211986','31.768702'),(269,'\' 11     ',NULL,NULL,0,'\' 11, , ','','34.9970574','32.8077585'),(270,'     ',NULL,NULL,0,'  48,  , ',' ','34.8858942','32.0785155'),(271,'','2020-09-20 09:17:27',117,0,' 24, , ','','35.0144609','32.79170819999999'),(272,'',NULL,NULL,0,'  35,  , ',' ','34.82976299999999','32.0628856'),(273,'  21 ','2020-09-20 06:01:44',704,1,'\" 21, , ','','35.2234966','31.7493739'),(274,'',NULL,NULL,0,' 18, , ','','34.9979386','32.795138'),(275,'',NULL,NULL,0,' 60,  , ',' ','34.80631529999999','31.97047569999999'),(276,'  15',NULL,NULL,0,'\" 15,  , ',' ','34.9892224','31.7534034'),(278,'','2020-09-20 08:36:26',542,0,'  43, , ','','34.8420769','32.29556030000001'),(280,'','2020-09-20 12:11:21',328,0,'    52,  , ',' ','34.88350399999999','32.0767469'),(281,'',NULL,NULL,0,' 5, , ','','34.7664074','32.0308895'),(283,'        10  ','2020-09-20 13:36:48',799,0,' 21,  , ',' ','34.7431844','32.0278652'),(284,'','2020-09-20 09:07:24',518,0,'  14, , ','','34.8183525','31.89709980000001'),(286,'','2020-09-20 13:21:13',799,0,'  3,  , ',' ','34.74664509999999','32.02395359999999'),(287,'',NULL,NULL,0,' 14, , ','','34.77893449999999','32.005764'),(288,'',NULL,NULL,0,'   16, , ','','34.8110003','31.9023936'),(289,'  ',NULL,NULL,0,' 12, , ','','35.3270775','32.6264193'),(290,' ','2020-09-20 14:00:14',533,1,' 35,  , ',' ','34.9108729','32.0766027'),(291,'  ','2020-09-20 08:00:31',762,1,'  27, , ','','35.010552','32.7924755'),(292,'  ','2020-09-20 15:10:58',762,1,'  27, , ','','35.010552','32.7924755'),(294,'','2020-09-20 09:30:31',785,1,'  63, , ','','34.8707018','31.9293241'),(295,'   ','2020-09-20 09:45:38',785,1,', ','','34.865543','31.930119'),(296,'    2','2020-09-20 10:00:43',785,1,'   1, , ','','34.8639629','31.9257549'),(297,'     ','2020-09-20 10:10:22',785,1,'  , , ','','34.86258300000001','31.929588'),(298,'   ','2020-09-20 10:00:49',789,1,'  94, , ','','35.2203353','31.7557354'),(300,' ','2020-09-20 13:00:02',319,1,' 20,   , ','  ','34.79252','32.0791755'),(301,'   ','2020-09-20 06:00:48',801,1,'   46,  , ',' ','34.9063223','32.0735084'),(302,'','2020-09-19 23:00:00',805,1,' ,   ','  ','34.7806387','32.0803408'),(303,'','2020-09-19 23:00:00',805,1,'  , ','  ','34.78409079999999','32.0780152');
/*!40000 ALTER TABLE `shofar_blower_pub` ENABLE KEYS */;
UNLOCK TABLES;

--
-- Table structure for table `users_archive`
--

DROP TABLE IF EXISTS `users_archive`;
/*!40101 SET @saved_cs_client     = @@character_set_client */;
/*!40101 SET character_set_client = utf8 */;
CREATE TABLE `users_archive` (
  `id` int(10) unsigned NOT NULL AUTO_INCREMENT,
  `userId` int(11) NOT NULL,
  `name` varchar(255) CHARACTER SET utf8 COLLATE utf8_unicode_ci DEFAULT NULL,
  `username` varchar(512) DEFAULT NULL,
  `created` datetime DEFAULT NULL,
  PRIMARY KEY (`id`)
) ENGINE=InnoDB AUTO_INCREMENT=73 DEFAULT CHARSET=utf8;
/*!40101 SET character_set_client = @saved_cs_client */;

--
-- Dumping data for table `users_archive`
--

LOCK TABLES `users_archive` WRITE;
/*!40000 ALTER TABLE `users_archive` DISABLE KEYS */;
INSERT INTO `users_archive` VALUES (4,28,'  ','0545870151','2020-08-19 14:16:16'),(5,62,' - ','0000000000','2020-08-19 15:12:27'),(6,65,' ','0547803552','2020-08-19 18:45:06'),(7,85,' ','0503306033','2020-08-23 04:53:46'),(8,90,' ','0507310359','2020-08-23 13:59:19'),(9,88,' ','0524578400','2020-08-23 14:37:05'),(10,87,'','0547443860','2020-08-23 15:21:17'),(11,91,' ','0546969090','2020-08-23 15:32:58'),(12,96,'','0546969090','2020-08-23 15:34:51'),(13,107,' ','0547715385','2020-08-23 19:08:43'),(14,109,' ','0542563797','2020-08-23 19:27:34'),(15,110,'','0546969090','2020-08-24 06:53:18'),(16,118,'  ','0543322941','2020-08-24 10:52:19'),(17,114,' ','0548003339','2020-08-24 12:21:08'),(18,137,'','0536225383','2020-08-24 16:06:56'),(19,172,' ','0525109988','2020-08-24 19:31:00'),(20,196,'','0544271631','2020-08-25 05:58:59'),(21,115,'','0546969090','2020-08-25 08:48:43'),(22,205,'jfkds','0546969090','2020-08-25 09:16:19'),(23,213,' ','0525109988','2020-08-25 12:10:19'),(24,223,'','0544898520','2020-08-25 21:17:32'),(25,246,'','0546969090','2020-08-28 11:14:39'),(26,138,'','0536225383','2020-08-30 20:32:46'),(27,258,' ','0536225383','2020-09-01 06:09:56'),(28,267,' ','0523724730','2020-09-01 08:06:47'),(29,268,' ','0547768098','2020-09-01 13:06:23'),(30,269,' ','0546969090','2020-09-01 16:17:01'),(31,276,' ','0509407771','2020-09-03 04:35:46'),(32,283,' ','0548185007','2020-09-03 11:33:38'),(33,338,'fndskl','0546969090','2020-09-06 12:26:32'),(34,339,'ds','0547443860','2020-09-06 12:31:49'),(35,340,' ','0549247414','2020-09-06 13:41:41'),(36,341,' ','0549247414','2020-09-08 14:48:54'),(37,356,' ','0547457222','2020-09-08 18:59:40'),(38,366,' ','0549247414','2020-09-09 14:55:15'),(39,372,'','0546969090','2020-09-10 07:39:18'),(40,373,'','0546969090','2020-09-10 09:50:16'),(41,245,' ','0543976186','2020-09-10 10:43:21'),(42,393,' ','0549247414','2020-09-10 16:24:01'),(43,398,' ','0546969090','2020-09-11 09:38:07'),(44,26,' ','0509101400','2020-09-13 14:02:01'),(45,108,'  ','0547715385','2020-09-13 14:18:38'),(46,100,'  ','0528682525','2020-09-13 14:19:32'),(47,270,'byg y','0523724730','2020-09-14 06:41:11'),(48,52,'   ','0544471660','2020-09-14 06:49:34'),(49,488,'Shay kaufman','0522257932','2020-09-14 17:20:41'),(50,495,' ','0544291826','2020-09-14 17:23:31'),(51,483,' ','0527710281','2020-09-14 17:29:20'),(52,499,'rachel','0584170229','2020-09-14 17:30:25'),(53,503,' ','0503262050','2020-09-14 17:48:13'),(54,126,' ','0545533326','2020-09-14 18:00:25'),(55,514,'Chaya Fuld','0526501877','2020-09-14 20:09:42'),(56,537,' ','0528037369','2020-09-15 10:47:51'),(57,615,' ','0545493644','2020-09-16 08:48:46'),(58,209,' ','0549458842','2020-09-16 08:55:48'),(59,625,' ','0506380346','2020-09-16 09:15:19'),(60,619,'','0549458842','2020-09-16 09:47:17'),(61,650,' ','0526241602','2020-09-16 11:29:49'),(62,660,'Debby Schloss','0506080594','2020-09-16 12:28:14'),(63,661,'','0546969090','2020-09-16 12:37:48'),(64,668,' ','0545926888','2020-09-16 13:17:20'),(65,562,' ','0547586480','2020-09-16 13:40:50'),(66,675,' ','0502708328','2020-09-16 13:57:25'),(67,231,'','0527714658','2020-09-16 14:32:38'),(68,726,' ','0502192535','2020-09-16 22:01:46'),(69,528,' ','0543517270','2020-09-17 05:02:23'),(70,713,'  ','0528906603','2020-09-17 06:04:47'),(71,410,' ','0505542352','2020-09-17 12:01:39'),(72,796,' ','0526070976','2020-09-17 13:51:31');
/*!40000 ALTER TABLE `users_archive` ENABLE KEYS */;
UNLOCK TABLES;
/*!40103 SET TIME_ZONE=@OLD_TIME_ZONE */;

/*!40101 SET SQL_MODE=@OLD_SQL_MODE */;
/*!40014 SET FOREIGN_KEY_CHECKS=@OLD_FOREIGN_KEY_CHECKS */;
/*!40014 SET UNIQUE_CHECKS=@OLD_UNIQUE_CHECKS */;
/*!40101 SET CHARACTER_SET_CLIENT=@OLD_CHARACTER_SET_CLIENT */;
/*!40101 SET CHARACTER_SET_RESULTS=@OLD_CHARACTER_SET_RESULTS */;
/*!40101 SET COLLATION_CONNECTION=@OLD_COLLATION_CONNECTION */;
/*!40111 SET SQL_NOTES=@OLD_SQL_NOTES */;

-- Dump completed on 2020-10-11 10:55:27
